[INFO] Scanning for projects...
[INFO] ------------------------------------------------------------------------
[INFO] Reactor Build Order:
[INFO] 
[INFO] order-model                                                        [jar]
[INFO] order-utils                                                        [jar]
[INFO] order-rest-service                                                 [jar]
[INFO] order-service                                                      [jar]
[INFO] payment-service                                                    [jar]
[INFO] notification-service                                               [jar]
[INFO] inventory-service                                                  [jar]
[INFO] eureka-server                                                      [jar]
[INFO] gateway-server                                                     [jar]
[INFO] config-server                                                      [jar]
[INFO] order-security-server                                              [jar]
[INFO] orderflow                                                          [pom]
[INFO] 
[INFO] Using the MultiThreadedBuilder implementation with a thread count of 12
[INFO] 
[INFO] 
[INFO] 
[INFO] 
[INFO] 
[INFO] ---------------------< org.cedro:payment-service >----------------------
[INFO] 
[INFO] -----------------------< org.cedro:order-model >------------------------
[INFO] -------------------< org.cedro:notification-service >-------------------
[INFO] --------------------< com.cedro:order-rest-service >--------------------
[INFO] 
[INFO] Building notification-service 0.0.1-SNAPSHOT                      [3/12]
[INFO] Building order-model 0.0.1-SNAPSHOT                               [2/12]
[INFO] ----------------------< org.cedro:gateway-server >----------------------
[INFO]   from order-model/pom.xml
[INFO] 
[INFO] --------------------------------[ jar ]---------------------------------
[INFO] Building payment-service 0.0.1-SNAPSHOT                           [1/12]
[INFO] ----------------------< org.cedro:eureka-server >-----------------------
[INFO]   from payment-service/pom.xml
[INFO] ----------------------< org.cedro:config-server >-----------------------
[INFO] Building gateway-server 0.0.1-SNAPSHOT                            [5/12]
[INFO]   from notification-service/pom.xml
[INFO] ------------------------< org.cedro:orderflow >-------------------------
[INFO] Building order-rest-service 0.0.1-SNAPSHOT                        [4/12]
[INFO] Building orderflow 0.0.1-SNAPSHOT                                 [8/12]
[INFO]   from gateway-server/pom.xml
[INFO] --------------------------------[ jar ]---------------------------------
[INFO] Building config-server 0.0.1-SNAPSHOT                             [7/12]
[INFO] --------------------------------[ jar ]---------------------------------
[INFO] Building eureka-server 0.0.1-SNAPSHOT                             [6/12]
[INFO]   from eureka-server/pom.xml
[INFO] --------------------------------[ jar ]---------------------------------
[INFO]   from config-server/pom.xml
[INFO] --------------------------------[ jar ]---------------------------------
[INFO] --------------------------------[ jar ]---------------------------------
[INFO]   from pom.xml
[INFO] --------------------------------[ pom ]---------------------------------
[INFO]   from order-rest-service/pom.xml
[INFO] --------------------------------[ jar ]---------------------------------
[INFO] 
[INFO] --- install:3.1.3:install (default-install) @ orderflow ---
[INFO] Installing /home/pc/Documentos/Pessoal/orderflow/pom.xml to /home/pc/.m2/repository/org/cedro/orderflow/0.0.1-SNAPSHOT/orderflow-0.0.1-SNAPSHOT.pom
[INFO] 
[INFO] --- resources:3.3.1:resources (default-resources) @ order-model ---
[INFO] 
[INFO] --- resources:3.3.1:resources (default-resources) @ order-rest-service ---
[INFO] 
[INFO] --- resources:3.3.1:resources (default-resources) @ config-server ---
[INFO] 
[INFO] --- resources:3.3.1:resources (default-resources) @ payment-service ---
[INFO] skip non existing resourceDirectory /home/pc/Documentos/Pessoal/orderflow/order-model/src/main/resources
[INFO] skip non existing resourceDirectory /home/pc/Documentos/Pessoal/orderflow/order-model/src/main/resources
[INFO] skip non existing resourceDirectory /home/pc/Documentos/Pessoal/orderflow/order-rest-service/src/main/resources
[INFO] skip non existing resourceDirectory /home/pc/Documentos/Pessoal/orderflow/order-rest-service/src/main/resources
[INFO] 
[INFO] 
[INFO] --- compiler:3.13.0:compile (default-compile) @ order-model ---
[INFO] --- compiler:3.13.0:compile (default-compile) @ order-rest-service ---
[INFO] Copying 2 resources from src/main/resources to target/classes
[INFO] Copying 1 resource from src/main/resources to target/classes
[INFO] 
[INFO] --- resources:3.3.1:resources (default-resources) @ gateway-server ---
[INFO] Copying 1 resource from src/main/resources to target/classes
[INFO] Copying 0 resource from src/main/resources to target/classes
[INFO] 
[INFO] --- compiler:3.13.0:compile (default-compile) @ config-server ---
[INFO] Copying 0 resource from src/main/resources to target/classes
[INFO] 
[INFO] --- compiler:3.13.0:compile (default-compile) @ gateway-server ---
[INFO] Copying 0 resource from src/main/resources to target/classes
[INFO] 
[INFO] --- compiler:3.13.0:compile (default-compile) @ payment-service ---
[INFO] 
[INFO] --- resources:3.3.1:resources (default-resources) @ eureka-server ---
[INFO] 
[INFO] --- resources:3.3.1:resources (default-resources) @ notification-service ---
[INFO] Copying 1 resource from src/main/resources to target/classes
[INFO] Copying 1 resource from src/main/resources to target/classes
[INFO] Copying 0 resource from src/main/resources to target/classes
[INFO] 
[INFO] Copying 0 resource from src/main/resources to target/classes
[INFO] --- compiler:3.13.0:compile (default-compile) @ notification-service ---
[INFO] 
[INFO] --- compiler:3.13.0:compile (default-compile) @ eureka-server ---
[INFO] Nothing to compile - all classes are up to date.
[INFO] Nothing to compile - all classes are up to date.
[INFO] Nothing to compile - all classes are up to date.
[INFO] Nothing to compile - all classes are up to date.
[INFO] 
[INFO] Nothing to compile - all classes are up to date.
[INFO] 
[INFO] --- resources:3.3.1:testResources (default-testResources) @ notification-service ---
[INFO] Nothing to compile - all classes are up to date.
[INFO] 
[INFO] 
[INFO] 
[INFO] --- resources:3.3.1:testResources (default-testResources) @ payment-service ---
[INFO] --- resources:3.3.1:testResources (default-testResources) @ gateway-server ---
[INFO] 
[INFO] Nothing to compile - all classes are up to date.
[INFO] --- resources:3.3.1:testResources (default-testResources) @ config-server ---
[INFO] 
[INFO] --- resources:3.3.1:testResources (default-testResources) @ eureka-server ---
[INFO] --- resources:3.3.1:testResources (default-testResources) @ order-rest-service ---
[INFO] --- resources:3.3.1:testResources (default-testResources) @ order-model ---
[INFO] skip non existing resourceDirectory /home/pc/Documentos/Pessoal/orderflow/config-server/src/test/resources
[INFO] skip non existing resourceDirectory /home/pc/Documentos/Pessoal/orderflow/order-rest-service/src/test/resources
[INFO] 
[INFO] skip non existing resourceDirectory /home/pc/Documentos/Pessoal/orderflow/eureka-server/src/test/resources
[INFO] skip non existing resourceDirectory /home/pc/Documentos/Pessoal/orderflow/payment-service/src/test/resources
[INFO] skip non existing resourceDirectory /home/pc/Documentos/Pessoal/orderflow/notification-service/src/test/resources
[INFO] 
[INFO] skip non existing resourceDirectory /home/pc/Documentos/Pessoal/orderflow/gateway-server/src/test/resources
[INFO] 
[INFO] --- compiler:3.13.0:testCompile (default-testCompile) @ order-rest-service ---
[INFO] 
[INFO] skip non existing resourceDirectory /home/pc/Documentos/Pessoal/orderflow/order-model/src/test/resources
[INFO] 
[INFO] --- compiler:3.13.0:testCompile (default-testCompile) @ gateway-server ---
[INFO] --- compiler:3.13.0:testCompile (default-testCompile) @ eureka-server ---
[INFO] --- compiler:3.13.0:testCompile (default-testCompile) @ payment-service ---
[INFO] 
[INFO] 
[INFO] --- compiler:3.13.0:testCompile (default-testCompile) @ config-server ---
[INFO] --- compiler:3.13.0:testCompile (default-testCompile) @ order-model ---
[INFO] --- compiler:3.13.0:testCompile (default-testCompile) @ notification-service ---
[INFO] No sources to compile
[INFO] 
[INFO] --- surefire:3.5.2:test (default-test) @ order-model ---
[INFO] Nothing to compile - all classes are up to date.
[INFO] 
[INFO] --- surefire:3.5.2:test (default-test) @ order-rest-service ---
[INFO] Nothing to compile - all classes are up to date.
[INFO] 
[INFO] --- surefire:3.5.2:test (default-test) @ eureka-server ---
[INFO] Nothing to compile - all classes are up to date.
[INFO] 
[INFO] Nothing to compile - all classes are up to date.
[INFO] --- surefire:3.5.2:test (default-test) @ gateway-server ---
[INFO] 
[INFO] --- surefire:3.5.2:test (default-test) @ config-server ---
[INFO] Nothing to compile - all classes are up to date.
[INFO] 
[INFO] --- surefire:3.5.2:test (default-test) @ payment-service ---
[INFO] Nothing to compile - all classes are up to date.
[INFO] 
[INFO] --- surefire:3.5.2:test (default-test) @ notification-service ---
[INFO] No tests to run.
[INFO] 
[INFO] --- jar:3.4.2:jar (default-jar) @ order-model ---
[INFO] Using auto detected provider org.apache.maven.surefire.junitplatform.JUnitPlatformProvider
[INFO] Using auto detected provider org.apache.maven.surefire.junitplatform.JUnitPlatformProvider
[INFO] Using auto detected provider org.apache.maven.surefire.junitplatform.JUnitPlatformProvider
[INFO] Using auto detected provider org.apache.maven.surefire.junitplatform.JUnitPlatformProvider
[INFO] Using auto detected provider org.apache.maven.surefire.junitplatform.JUnitPlatformProvider
[INFO] Using auto detected provider org.apache.maven.surefire.junitplatform.JUnitPlatformProvider
[INFO] 
[INFO] -------------------------------------------------------
[INFO]  T E S T S
[INFO] -------------------------------------------------------
[INFO] 
[INFO] -------------------------------------------------------
[INFO]  T E S T S
[INFO] -------------------------------------------------------
[INFO] 
[INFO] -------------------------------------------------------
[INFO] 
[INFO] -------------------------------------------------------
[INFO]  T E S T S
[INFO] -------------------------------------------------------
[INFO] 
[INFO] 
[INFO] -------------------------------------------------------
[INFO]  T E S T S
[INFO] -------------------------------------------------------
[INFO]  T E S T S
[INFO] -------------------------------------------------------
[INFO] -------------------------------------------------------
[INFO]  T E S T S
[INFO] -------------------------------------------------------
[INFO] 
[INFO] --- install:3.1.3:install (default-install) @ order-model ---
[INFO] Installing /home/pc/Documentos/Pessoal/orderflow/order-model/pom.xml to /home/pc/.m2/repository/org/cedro/order-model/0.0.1-SNAPSHOT/order-model-0.0.1-SNAPSHOT.pom
[INFO] Installing /home/pc/Documentos/Pessoal/orderflow/order-model/target/order-model-0.0.1-SNAPSHOT.jar to /home/pc/.m2/repository/org/cedro/order-model/0.0.1-SNAPSHOT/order-model-0.0.1-SNAPSHOT.jar
[INFO] 
[INFO] -----------------------< org.cedro:order-utils >------------------------
[INFO] Building order-utils 0.0.1-SNAPSHOT                               [9/12]
[INFO]   from order-utils/pom.xml
[INFO] --------------------------------[ jar ]---------------------------------
[INFO] 
[INFO] ------------------< org.cedro:order-security-server >-------------------
[INFO] Building order-security-server 0.0.1-SNAPSHOT                    [10/12]
[INFO]   from order-security-server/pom.xml
[INFO] --------------------------------[ jar ]---------------------------------
[INFO] 
[INFO] --- resources:3.3.1:resources (default-resources) @ order-utils ---
[INFO] Copying 1 resource from src/main/resources to target/classes
[INFO] Copying 1 resource from src/main/resources to target/classes
[INFO] 
[INFO] --- compiler:3.13.0:compile (default-compile) @ order-utils ---
[INFO] Nothing to compile - all classes are up to date.
[INFO] 
[INFO] --- resources:3.3.1:testResources (default-testResources) @ order-utils ---
[INFO] skip non existing resourceDirectory /home/pc/Documentos/Pessoal/orderflow/order-utils/src/test/resources
[INFO] 
[INFO] --- compiler:3.13.0:testCompile (default-testCompile) @ order-utils ---
[INFO] Nothing to compile - all classes are up to date.
[INFO] 
[INFO] --- surefire:3.5.2:test (default-test) @ order-utils ---
[INFO] Using auto detected provider org.apache.maven.surefire.junitplatform.JUnitPlatformProvider
[INFO] 
[INFO] --- resources:3.3.1:resources (default-resources) @ order-security-server ---
[INFO] 
[INFO] -------------------------------------------------------
[INFO]  T E S T S
[INFO] -------------------------------------------------------
[INFO] Copying 1 resource from src/main/resources to target/classes
[INFO] Copying 0 resource from src/main/resources to target/classes
[INFO] 
[INFO] --- compiler:3.13.0:compile (default-compile) @ order-security-server ---
[INFO] Nothing to compile - all classes are up to date.
[INFO] 
[INFO] --- resources:3.3.1:testResources (default-testResources) @ order-security-server ---
[INFO] skip non existing resourceDirectory /home/pc/Documentos/Pessoal/orderflow/order-security-server/src/test/resources
[INFO] 
[INFO] --- compiler:3.13.0:testCompile (default-testCompile) @ order-security-server ---
[INFO] Nothing to compile - all classes are up to date.
[INFO] 
[INFO] --- surefire:3.5.2:test (default-test) @ order-security-server ---
[INFO] Using auto detected provider org.apache.maven.surefire.junitplatform.JUnitPlatformProvider
[INFO] 
[INFO] -------------------------------------------------------
[INFO]  T E S T S
[INFO] -------------------------------------------------------
[INFO] Running com.cedro.orderrestservice.OrderRestServiceApplicationTests
[INFO] Running org.cedro.configserver.ConfigServerApplicationTests
[INFO] Running org.cedro.eurekaserver.EurekaServerApplicationTests
[INFO] Running org.cedro.paymentservice.PaymentServiceApplicationTests
[INFO] Tests run: 1, Failures: 0, Errors: 0, Skipped: 0, Time elapsed: 0.208 s -- in com.cedro.orderrestservice.OrderRestServiceApplicationTests
[INFO] 
[INFO] Results:
[INFO] 
[INFO] Tests run: 1, Failures: 0, Errors: 0, Skipped: 0
[INFO] 
[INFO] 
[INFO] --- jar:3.4.2:jar (default-jar) @ order-rest-service ---
[INFO] 
[INFO] --- install:3.1.3:install (default-install) @ order-rest-service ---
[INFO] Installing /home/pc/Documentos/Pessoal/orderflow/order-rest-service/pom.xml to /home/pc/.m2/repository/com/cedro/order-rest-service/0.0.1-SNAPSHOT/order-rest-service-0.0.1-SNAPSHOT.pom
[INFO] Installing /home/pc/Documentos/Pessoal/orderflow/order-rest-service/target/order-rest-service-0.0.1-SNAPSHOT.jar to /home/pc/.m2/repository/com/cedro/order-rest-service/0.0.1-SNAPSHOT/order-rest-service-0.0.1-SNAPSHOT.jar
[INFO] Running org.cedro.gatewayserver.GatewayServerApplicationTests
[INFO] Running org.cedro.orderutils.OrderUtilsApplicationTests
[INFO] Running org.cedro.notificationservice.NotificationServiceApplicationTests
20:37:51.758 [main] INFO org.springframework.test.context.support.AnnotationConfigContextLoaderUtils -- Could not detect default configuration classes for test class [org.cedro.configserver.ConfigServerApplicationTests]: ConfigServerApplicationTests does not declare any static, non-private, non-final, nested classes annotated with @Configuration.
[INFO] Running org.cedro.ordersecurityserver.OrderSecurityServerApplicationTests
20:37:51.858 [main] INFO org.springframework.test.context.support.AnnotationConfigContextLoaderUtils -- Could not detect default configuration classes for test class [org.cedro.eurekaserver.EurekaServerApplicationTests]: EurekaServerApplicationTests does not declare any static, non-private, non-final, nested classes annotated with @Configuration.
[INFO] Tests run: 1, Failures: 0, Errors: 0, Skipped: 0, Time elapsed: 0.129 s -- in org.cedro.orderutils.OrderUtilsApplicationTests
[INFO] 
[INFO] Results:
[INFO] 
[INFO] Tests run: 1, Failures: 0, Errors: 0, Skipped: 0
[INFO] 
20:37:51.914 [main] INFO org.springframework.test.context.support.AnnotationConfigContextLoaderUtils -- Could not detect default configuration classes for test class [org.cedro.paymentservice.PaymentServiceApplicationTests]: PaymentServiceApplicationTests does not declare any static, non-private, non-final, nested classes annotated with @Configuration.
[INFO] 
[INFO] --- jar:3.4.2:jar (default-jar) @ order-utils ---
[INFO] 
[INFO] --- install:3.1.3:install (default-install) @ order-utils ---
[INFO] Installing /home/pc/Documentos/Pessoal/orderflow/order-utils/pom.xml to /home/pc/.m2/repository/org/cedro/order-utils/0.0.1-SNAPSHOT/order-utils-0.0.1-SNAPSHOT.pom
[INFO] Installing /home/pc/Documentos/Pessoal/orderflow/order-utils/target/order-utils-0.0.1-SNAPSHOT.jar to /home/pc/.m2/repository/org/cedro/order-utils/0.0.1-SNAPSHOT/order-utils-0.0.1-SNAPSHOT.jar
[INFO] 
[INFO] ----------------------< org.cedro:order-service >-----------------------
[INFO] Building order-service 0.0.1-SNAPSHOT                            [11/12]
[INFO]   from order-service/pom.xml
[INFO] --------------------------------[ jar ]---------------------------------
[INFO] 
[INFO] --------------------< org.cedro:inventory-service >---------------------
[INFO] Building inventory-service 0.0.1-SNAPSHOT                        [12/12]
[INFO]   from inventory-service/pom.xml
[INFO] --------------------------------[ jar ]---------------------------------
20:37:52.032 [main] INFO org.springframework.test.context.support.AnnotationConfigContextLoaderUtils -- Could not detect default configuration classes for test class [org.cedro.gatewayserver.GatewayServerApplicationTests]: GatewayServerApplicationTests does not declare any static, non-private, non-final, nested classes annotated with @Configuration.
20:37:52.108 [main] INFO org.springframework.test.context.support.AnnotationConfigContextLoaderUtils -- Could not detect default configuration classes for test class [org.cedro.notificationservice.NotificationServiceApplicationTests]: NotificationServiceApplicationTests does not declare any static, non-private, non-final, nested classes annotated with @Configuration.
20:37:52.068 [main] INFO org.springframework.boot.test.context.SpringBootTestContextBootstrapper -- Found @SpringBootConfiguration org.cedro.configserver.ConfigServerApplication for test class org.cedro.configserver.ConfigServerApplicationTests
[INFO] 
[INFO] 
[INFO] --- resources:3.3.1:resources (default-resources) @ inventory-service ---
[INFO] Copying 1 resource from src/main/resources to target/classes
[INFO] --- resources:3.3.1:resources (default-resources) @ order-service ---
[INFO] Copying 0 resource from src/main/resources to target/classes
[INFO] 
[INFO] --- compiler:3.13.0:compile (default-compile) @ inventory-service ---
[INFO] Copying 4 resources from src/main/resources to target/classes
[INFO] Nothing to compile - all classes are up to date.
[INFO] 
[INFO] --- resources:3.3.1:testResources (default-testResources) @ inventory-service ---
[INFO] skip non existing resourceDirectory /home/pc/Documentos/Pessoal/orderflow/inventory-service/src/test/resources
20:37:52.225 [main] INFO org.springframework.boot.test.context.SpringBootTestContextBootstrapper -- Found @SpringBootConfiguration org.cedro.eurekaserver.EurekaServerApplication for test class org.cedro.eurekaserver.EurekaServerApplicationTests
[INFO] 
[INFO] --- compiler:3.13.0:testCompile (default-testCompile) @ inventory-service ---
[INFO] Copying 0 resource from src/main/resources to target/classes
[INFO] 
[INFO] --- compiler:3.13.0:compile (default-compile) @ order-service ---
[INFO] Nothing to compile - all classes are up to date.
[INFO] 
[INFO] --- surefire:3.5.2:test (default-test) @ inventory-service ---
[INFO] Nothing to compile - all classes are up to date.
[INFO] 
[INFO] --- resources:3.3.1:testResources (default-testResources) @ order-service ---
[INFO] skip non existing resourceDirectory /home/pc/Documentos/Pessoal/orderflow/order-service/src/test/resources
[INFO] 
[INFO] --- compiler:3.13.0:testCompile (default-testCompile) @ order-service ---
[INFO] Using auto detected provider org.apache.maven.surefire.junitplatform.JUnitPlatformProvider
[INFO] 
[INFO] -------------------------------------------------------
[INFO]  T E S T S
[INFO] -------------------------------------------------------
[INFO] Nothing to compile - all classes are up to date.
[INFO] 
[INFO] --- surefire:3.5.2:test (default-test) @ order-service ---
[INFO] Using auto detected provider org.apache.maven.surefire.junitplatform.JUnitPlatformProvider
[INFO] 
[INFO] -------------------------------------------------------
[INFO]  T E S T S
[INFO] -------------------------------------------------------
20:37:52.376 [main] INFO org.springframework.boot.test.context.SpringBootTestContextBootstrapper -- Found @SpringBootConfiguration org.cedro.paymentservice.PaymentServiceApplication for test class org.cedro.paymentservice.PaymentServiceApplicationTests
20:37:52.457 [main] INFO org.springframework.test.context.support.AnnotationConfigContextLoaderUtils -- Could not detect default configuration classes for test class [org.cedro.ordersecurityserver.OrderSecurityServerApplicationTests]: OrderSecurityServerApplicationTests does not declare any static, non-private, non-final, nested classes annotated with @Configuration.
20:37:52.516 [main] INFO org.springframework.boot.test.context.SpringBootTestContextBootstrapper -- Found @SpringBootConfiguration org.cedro.notificationservice.NotificationServiceApplication for test class org.cedro.notificationservice.NotificationServiceApplicationTests
20:37:52.479 [main] INFO org.springframework.boot.test.context.SpringBootTestContextBootstrapper -- Found @SpringBootConfiguration org.cedro.gatewayserver.GatewayServerApplication for test class org.cedro.gatewayserver.GatewayServerApplicationTests
20:37:52.880 [main] INFO org.springframework.boot.test.context.SpringBootTestContextBootstrapper -- Found @SpringBootConfiguration org.cedro.ordersecurityserver.OrderSecurityServerApplication for test class org.cedro.ordersecurityserver.OrderSecurityServerApplicationTests
20:37:53.144 [main] INFO org.springframework.boot.devtools.restart.RestartApplicationListener -- Restart disabled due to context in which it is running
20:37:53.973 [main] INFO org.springframework.boot.devtools.restart.RestartApplicationListener -- Restart disabled due to context in which it is running
20:37:54.124 [main] INFO org.springframework.boot.devtools.restart.RestartApplicationListener -- Restart disabled due to context in which it is running
20:37:54.549 [main] INFO org.springframework.boot.devtools.restart.RestartApplicationListener -- Restart disabled due to context in which it is running

  .   ____          _            __ _ _
 /\\ / ___'_ __ _ _(_)_ __  __ _ \ \ \ \
( ( )\___ | '_ | '_| | '_ \/ _` | \ \ \ \
 \\/  ___)| |_)| | | | | || (_| |  ) ) ) )
  '  |____| .__|_| |_|_| |_\__, | / / / /
 =========|_|==============|___/=/_/_/_/

 :: Spring Boot ::                (v3.4.3)

2026-03-19T20:37:54.794-03:00  INFO 77727 --- [config-server] [           main] o.c.c.ConfigServerApplicationTests       : Starting ConfigServerApplicationTests using Java 17.0.13 with PID 77727 (started by pc in /home/pc/Documentos/Pessoal/orderflow/config-server)
2026-03-19T20:37:54.804-03:00  INFO 77727 --- [config-server] [           main] o.c.c.ConfigServerApplicationTests       : No active profile set, falling back to 1 default profile: "default"

  .   ____          _            __ _ _
 /\\ / ___'_ __ _ _(_)_ __  __ _ \ \ \ \
( ( )\___ | '_ | '_| | '_ \/ _` | \ \ \ \
 \\/  ___)| |_)| | | | | || (_| |  ) ) ) )
  '  |____| .__|_| |_|_| |_\__, | / / / /
 =========|_|==============|___/=/_/_/_/

 :: Spring Boot ::                (v3.4.3)

2026-03-19T20:37:55.345-03:00  INFO 77731 --- [eureka-server] [           main] o.c.e.EurekaServerApplicationTests       : Starting EurekaServerApplicationTests using Java 17.0.13 with PID 77731 (started by pc in /home/pc/Documentos/Pessoal/orderflow/eureka-server)
2026-03-19T20:37:55.369-03:00  INFO 77731 --- [eureka-server] [           main] o.c.e.EurekaServerApplicationTests       : No active profile set, falling back to 1 default profile: "default"

  .   ____          _            __ _ _
 /\\ / ___'_ __ _ _(_)_ __  __ _ \ \ \ \
( ( )\___ | '_ | '_| | '_ \/ _` | \ \ \ \
 \\/  ___)| |_)| | | | | || (_| |  ) ) ) )
  '  |____| .__|_| |_|_| |_\__, | / / / /
 =========|_|==============|___/=/_/_/_/

 :: Spring Boot ::                (v3.4.3)

[INFO] Running org.cedro.inventoryservice.InventoryServiceApplicationTests

  .   ____          _            __ _ _
 /\\ / ___'_ __ _ _(_)_ __  __ _ \ \ \ \
( ( )\___ | '_ | '_| | '_ \/ _` | \ \ \ \
 \\/  ___)| |_)| | | | | || (_| |  ) ) ) )
  '  |____| .__|_| |_|_| |_\__, | / / / /
 =========|_|==============|___/=/_/_/_/

 :: Spring Boot ::                (v3.4.3)

2026-03-19T20:37:55.852-03:00  INFO 77728 --- [payment-service] [           main] o.c.p.PaymentServiceApplicationTests     : Starting PaymentServiceApplicationTests using Java 17.0.13 with PID 77728 (started by pc in /home/pc/Documentos/Pessoal/orderflow/payment-service)

  .   ____          _            __ _ _
 /\\ / ___'_ __ _ _(_)_ __  __ _ \ \ \ \
( ( )\___ | '_ | '_| | '_ \/ _` | \ \ \ \
 \\/  ___)| |_)| | | | | || (_| |  ) ) ) )
  '  |____| .__|_| |_|_| |_\__, | / / / /
 =========|_|==============|___/=/_/_/_/

 :: Spring Boot ::                (v3.4.3)

2026-03-19T20:37:55.855-03:00  INFO 77728 --- [payment-service] [           main] o.c.p.PaymentServiceApplicationTests     : No active profile set, falling back to 1 default profile: "default"
2026-03-19T20:37:55.969-03:00  INFO 77732 --- [api-gateway] [           main] o.c.g.GatewayServerApplicationTests      : Starting GatewayServerApplicationTests using Java 17.0.13 with PID 77732 (started by pc in /home/pc/Documentos/Pessoal/orderflow/gateway-server)
2026-03-19T20:37:55.979-03:00  INFO 77732 --- [api-gateway] [           main] o.c.g.GatewayServerApplicationTests      : No active profile set, falling back to 1 default profile: "default"
[INFO] Running org.cedro.orderservice.service.OrderServiceImplTest

  .   ____          _            __ _ _
 /\\ / ___'_ __ _ _(_)_ __  __ _ \ \ \ \
( ( )\___ | '_ | '_| | '_ \/ _` | \ \ \ \
 \\/  ___)| |_)| | | | | || (_| |  ) ) ) )
  '  |____| .__|_| |_|_| |_\__, | / / / /
 =========|_|==============|___/=/_/_/_/

 :: Spring Boot ::                (v3.4.3)

2026-03-19T20:37:56.165-03:00  INFO 77733 --- [notification-service] [           main] .c.n.NotificationServiceApplicationTests : Starting NotificationServiceApplicationTests using Java 17.0.13 with PID 77733 (started by pc in /home/pc/Documentos/Pessoal/orderflow/notification-service)
2026-03-19T20:37:56.176-03:00  INFO 77733 --- [notification-service] [           main] .c.n.NotificationServiceApplicationTests : No active profile set, falling back to 1 default profile: "default"
2026-03-19T20:37:56.344-03:00  INFO 77900 --- [order-security-server] [           main] .c.o.OrderSecurityServerApplicationTests : Starting OrderSecurityServerApplicationTests using Java 17.0.13 with PID 77900 (started by pc in /home/pc/Documentos/Pessoal/orderflow/order-security-server)
2026-03-19T20:37:56.346-03:00  INFO 77900 --- [order-security-server] [           main] .c.o.OrderSecurityServerApplicationTests : No active profile set, falling back to 1 default profile: "default"
20:37:56.648 [main] INFO org.springframework.test.context.support.AnnotationConfigContextLoaderUtils -- Could not detect default configuration classes for test class [org.cedro.inventoryservice.InventoryServiceApplicationTests]: InventoryServiceApplicationTests does not declare any static, non-private, non-final, nested classes annotated with @Configuration.
20:37:57.353 [main] INFO org.springframework.boot.test.context.SpringBootTestContextBootstrapper -- Found @SpringBootConfiguration org.cedro.inventoryservice.InventoryServiceApplication for test class org.cedro.inventoryservice.InventoryServiceApplicationTests
20:37:59.102 [main] INFO org.springframework.boot.devtools.restart.RestartApplicationListener -- Restart disabled due to context in which it is running
2026-03-19T20:38:00.454-03:00  INFO 77727 --- [config-server] [           main] o.s.cloud.context.scope.GenericScope     : BeanFactory id=fc837eb4-4a2c-38c1-a985-5b9af2e76fd3
2026-03-19T20:38:00.743-03:00  INFO 77900 --- [order-security-server] [           main] .s.d.r.c.RepositoryConfigurationDelegate : Bootstrapping Spring Data MongoDB repositories in DEFAULT mode.
2026-03-19T20:38:00.921-03:00  INFO 77733 --- [notification-service] [           main] o.s.cloud.context.scope.GenericScope     : BeanFactory id=3bb41981-c6ad-3506-870c-a2f1cf6224b4

  .   ____          _            __ _ _
 /\\ / ___'_ __ _ _(_)_ __  __ _ \ \ \ \
( ( )\___ | '_ | '_| | '_ \/ _` | \ \ \ \
 \\/  ___)| |_)| | | | | || (_| |  ) ) ) )
  '  |____| .__|_| |_|_| |_\__, | / / / /
 =========|_|==============|___/=/_/_/_/

 :: Spring Boot ::                (v3.4.3)

2026-03-19T20:38:01.179-03:00  INFO 77731 --- [eureka-server] [           main] o.s.cloud.context.scope.GenericScope     : BeanFactory id=5a688da8-8151-3d27-8e65-b84ad34ad496
2026-03-19T20:38:01.274-03:00  INFO 77728 --- [payment-service] [           main] o.s.cloud.context.scope.GenericScope     : BeanFactory id=a264b323-3bd2-3044-89bf-8b4bd14351c2
2026-03-19T20:38:01.296-03:00  INFO 78044 --- [inventory-service] [           main] o.c.i.InventoryServiceApplicationTests   : Starting InventoryServiceApplicationTests using Java 17.0.13 with PID 78044 (started by pc in /home/pc/Documentos/Pessoal/orderflow/inventory-service)
2026-03-19T20:38:01.316-03:00  INFO 78044 --- [inventory-service] [           main] o.c.i.InventoryServiceApplicationTests   : No active profile set, falling back to 1 default profile: "default"
2026-03-19T20:38:01.401-03:00  INFO 77900 --- [order-security-server] [           main] .s.d.r.c.RepositoryConfigurationDelegate : Finished Spring Data repository scanning in 610 ms. Found 1 MongoDB repository interface.
2026-03-19T20:38:01.554-03:00  INFO 77732 --- [api-gateway] [           main] o.s.cloud.context.scope.GenericScope     : BeanFactory id=55149863-a374-364c-bb14-d565ec38e912
2026-03-19T20:38:03.050-03:00  INFO 77731 --- [eureka-server] [           main] o.s.v.b.OptionalValidatorFactoryBean     : Failed to set up a Bean Validation provider: jakarta.validation.NoProviderFoundException: Unable to create a Configuration, because no Jakarta Bean Validation provider could be found. Add a provider like Hibernate Validator (RI) to your classpath.
2026-03-19T20:38:03.101-03:00  INFO 77900 --- [order-security-server] [           main] o.s.cloud.context.scope.GenericScope     : BeanFactory id=7de6bb8f-a711-3ee3-a471-1a6531296198
2026-03-19T20:38:04.797-03:00  INFO 77900 --- [order-security-server] [           main] org.mongodb.driver.client                : MongoClient with metadata {"driver": {"name": "mongo-java-driver|sync|spring-boot", "version": "5.2.1"}, "os": {"type": "Linux", "name": "Linux", "architecture": "amd64", "version": "6.5.0-35-generic"}, "platform": "Java/Azul Systems, Inc./17.0.13+11-LTS"} created with settings MongoClientSettings{readPreference=primary, writeConcern=WriteConcern{w=null, wTimeout=null ms, journal=null}, retryWrites=true, retryReads=true, readConcern=ReadConcern{level=null}, credential=MongoCredential{mechanism=null, userName='root', source='admin', password=<hidden>, mechanismProperties=<hidden>}, transportSettings=null, commandListeners=[], codecRegistry=ProvidersCodecRegistry{codecProviders=[ValueCodecProvider{}, BsonValueCodecProvider{}, DBRefCodecProvider{}, DBObjectCodecProvider{}, DocumentCodecProvider{}, CollectionCodecProvider{}, IterableCodecProvider{}, MapCodecProvider{}, GeoJsonCodecProvider{}, GridFSFileCodecProvider{}, Jsr310CodecProvider{}, JsonObjectCodecProvider{}, BsonCodecProvider{}, EnumCodecProvider{}, com.mongodb.client.model.mql.ExpressionCodecProvider@2becfd4c, com.mongodb.Jep395RecordCodecProvider@7c71c889, com.mongodb.KotlinCodecProvider@4cc8d70d]}, loggerSettings=LoggerSettings{maxDocumentLength=1000}, clusterSettings={hosts=[localhost:27018], srvServiceName=mongodb, mode=SINGLE, requiredClusterType=UNKNOWN, requiredReplicaSetName='null', serverSelector='null', clusterListeners='[]', serverSelectionTimeout='30000 ms', localThreshold='15 ms'}, socketSettings=SocketSettings{connectTimeoutMS=10000, readTimeoutMS=0, receiveBufferSize=0, proxySettings=ProxySettings{host=null, port=null, username=null, password=null}}, heartbeatSocketSettings=SocketSettings{connectTimeoutMS=10000, readTimeoutMS=10000, receiveBufferSize=0, proxySettings=ProxySettings{host=null, port=null, username=null, password=null}}, connectionPoolSettings=ConnectionPoolSettings{maxSize=100, minSize=0, maxWaitTimeMS=120000, maxConnectionLifeTimeMS=0, maxConnectionIdleTimeMS=0, maintenanceInitialDelayMS=0, maintenanceFrequencyMS=60000, connectionPoolListeners=[], maxConnecting=2}, serverSettings=ServerSettings{heartbeatFrequencyMS=10000, minHeartbeatFrequencyMS=500, serverMonitoringMode=AUTO, serverListeners='[]', serverMonitorListeners='[]'}, sslSettings=SslSettings{enabled=false, invalidHostNameAllowed=false, context=null}, applicationName='null', compressorList=[], uuidRepresentation=JAVA_LEGACY, serverApi=null, autoEncryptionSettings=null, dnsClient=null, inetAddressResolver=null, contextProvider=null, timeoutMS=null}
2026-03-19T20:38:04.961-03:00  INFO 78044 --- [inventory-service] [           main] .s.d.r.c.RepositoryConfigurationDelegate : Bootstrapping Spring Data MongoDB repositories in DEFAULT mode.
2026-03-19T20:38:04.975-03:00  INFO 77900 --- [order-security-server] [localhost:27018] org.mongodb.driver.cluster               : Monitor thread successfully connected to server with description ServerDescription{address=localhost:27018, type=STANDALONE, cryptd=false, state=CONNECTED, ok=true, minWireVersion=0, maxWireVersion=25, maxDocumentSize=16777216, logicalSessionTimeoutMinutes=30, roundTripTimeNanos=100670594, minRoundTripTimeNanos=0}
2026-03-19T20:38:05.636-03:00  INFO 78044 --- [inventory-service] [           main] .s.d.r.c.RepositoryConfigurationDelegate : Finished Spring Data repository scanning in 616 ms. Found 1 MongoDB repository interface.
20:38:05.767 [main] INFO org.cedro.orderservice.service.impl.OrderServiceImpl -- Order order-123 saved and published to vendas-topico
2026-03-19T20:38:06.343-03:00  INFO 77728 --- [payment-service] [           main] DiscoveryClientOptionalArgsConfiguration : Eureka HTTP Client uses RestTemplate.
2026-03-19T20:38:06.354-03:00  INFO 77733 --- [notification-service] [           main] DiscoveryClientOptionalArgsConfiguration : Eureka HTTP Client uses RestTemplate.
[INFO] Tests run: 5, Failures: 0, Errors: 0, Skipped: 0, Time elapsed: 10.52 s -- in org.cedro.orderservice.service.OrderServiceImplTest
[INFO] Running org.cedro.orderservice.OrderServiceApplicationTests
2026-03-19T20:38:06.716-03:00  WARN 77728 --- [payment-service] [           main] iguration$LoadBalancerCaffeineWarnLogger : Spring Cloud LoadBalancer is currently working with the default cache. While this cache implementation is useful for development and tests, it's recommended to use Caffeine cache in production.You can switch to using Caffeine cache, by adding it and org.springframework.cache.caffeine.CaffeineCacheManager to the classpath.
2026-03-19T20:38:06.705-03:00  WARN 77731 --- [eureka-server] [           main] iguration$LoadBalancerCaffeineWarnLogger : Spring Cloud LoadBalancer is currently working with the default cache. While this cache implementation is useful for development and tests, it's recommended to use Caffeine cache in production.You can switch to using Caffeine cache, by adding it and org.springframework.cache.caffeine.CaffeineCacheManager to the classpath.
2026-03-19T20:38:07.011-03:00  INFO 77728 --- [payment-service] [           main] o.s.c.n.eureka.InstanceInfoFactory       : Setting initial instance status as: STARTING
2026-03-19T20:38:07.163-03:00  INFO 77728 --- [payment-service] [           main] com.netflix.discovery.DiscoveryClient    : Initializing Eureka in region us-east-1
2026-03-19T20:38:07.173-03:00  INFO 77728 --- [payment-service] [           main] c.n.d.s.r.aws.ConfigClusterResolver      : Resolving eureka endpoints via configuration
2026-03-19T20:38:07.174-03:00  INFO 77733 --- [notification-service] [           main] o.s.c.n.eureka.InstanceInfoFactory       : Setting initial instance status as: STARTING
20:38:07.197 [main] INFO org.springframework.test.context.support.AnnotationConfigContextLoaderUtils -- Could not detect default configuration classes for test class [org.cedro.orderservice.OrderServiceApplicationTests]: OrderServiceApplicationTests does not declare any static, non-private, non-final, nested classes annotated with @Configuration.
2026-03-19T20:38:07.245-03:00  INFO 77728 --- [payment-service] [           main] com.netflix.discovery.DiscoveryClient    : Disable delta property : false
2026-03-19T20:38:07.245-03:00  INFO 77728 --- [payment-service] [           main] com.netflix.discovery.DiscoveryClient    : Single vip registry refresh property : null
2026-03-19T20:38:07.246-03:00  INFO 77728 --- [payment-service] [           main] com.netflix.discovery.DiscoveryClient    : Force full registry fetch : false
2026-03-19T20:38:07.246-03:00  INFO 77728 --- [payment-service] [           main] com.netflix.discovery.DiscoveryClient    : Application is null : false
2026-03-19T20:38:07.246-03:00  INFO 77728 --- [payment-service] [           main] com.netflix.discovery.DiscoveryClient    : Registered Applications size is zero : true
2026-03-19T20:38:07.246-03:00  INFO 77728 --- [payment-service] [           main] com.netflix.discovery.DiscoveryClient    : Application version is -1: true
2026-03-19T20:38:07.247-03:00  INFO 77728 --- [payment-service] [           main] com.netflix.discovery.DiscoveryClient    : Getting all instance registry info from the eureka server
2026-03-19T20:38:07.294-03:00  INFO 77733 --- [notification-service] [           main] com.netflix.discovery.DiscoveryClient    : Initializing Eureka in region us-east-1
2026-03-19T20:38:07.301-03:00  INFO 77733 --- [notification-service] [           main] c.n.d.s.r.aws.ConfigClusterResolver      : Resolving eureka endpoints via configuration
2026-03-19T20:38:07.361-03:00  INFO 77733 --- [notification-service] [           main] com.netflix.discovery.DiscoveryClient    : Disable delta property : false
2026-03-19T20:38:07.361-03:00  INFO 77733 --- [notification-service] [           main] com.netflix.discovery.DiscoveryClient    : Single vip registry refresh property : null
2026-03-19T20:38:07.362-03:00  INFO 77733 --- [notification-service] [           main] com.netflix.discovery.DiscoveryClient    : Force full registry fetch : false
2026-03-19T20:38:07.362-03:00  INFO 77733 --- [notification-service] [           main] com.netflix.discovery.DiscoveryClient    : Application is null : false
2026-03-19T20:38:07.362-03:00  INFO 77733 --- [notification-service] [           main] com.netflix.discovery.DiscoveryClient    : Registered Applications size is zero : true
2026-03-19T20:38:07.362-03:00  INFO 77733 --- [notification-service] [           main] com.netflix.discovery.DiscoveryClient    : Application version is -1: true
2026-03-19T20:38:07.363-03:00  INFO 77733 --- [notification-service] [           main] com.netflix.discovery.DiscoveryClient    : Getting all instance registry info from the eureka server
2026-03-19T20:38:07.638-03:00  INFO 77732 --- [api-gateway] [           main] o.s.c.g.r.RouteDefinitionRouteLocator    : Loaded RoutePredicateFactory [After]
2026-03-19T20:38:07.645-03:00  INFO 77732 --- [api-gateway] [           main] o.s.c.g.r.RouteDefinitionRouteLocator    : Loaded RoutePredicateFactory [Before]
2026-03-19T20:38:07.648-03:00  INFO 77732 --- [api-gateway] [           main] o.s.c.g.r.RouteDefinitionRouteLocator    : Loaded RoutePredicateFactory [Between]
2026-03-19T20:38:07.648-03:00  INFO 77732 --- [api-gateway] [           main] o.s.c.g.r.RouteDefinitionRouteLocator    : Loaded RoutePredicateFactory [Cookie]
2026-03-19T20:38:07.649-03:00  INFO 77732 --- [api-gateway] [           main] o.s.c.g.r.RouteDefinitionRouteLocator    : Loaded RoutePredicateFactory [Header]
2026-03-19T20:38:07.649-03:00  INFO 77732 --- [api-gateway] [           main] o.s.c.g.r.RouteDefinitionRouteLocator    : Loaded RoutePredicateFactory [Host]
2026-03-19T20:38:07.650-03:00  INFO 77732 --- [api-gateway] [           main] o.s.c.g.r.RouteDefinitionRouteLocator    : Loaded RoutePredicateFactory [Method]
2026-03-19T20:38:07.650-03:00  INFO 77732 --- [api-gateway] [           main] o.s.c.g.r.RouteDefinitionRouteLocator    : Loaded RoutePredicateFactory [Path]
2026-03-19T20:38:07.653-03:00  INFO 77732 --- [api-gateway] [           main] o.s.c.g.r.RouteDefinitionRouteLocator    : Loaded RoutePredicateFactory [Query]
2026-03-19T20:38:07.655-03:00  INFO 77732 --- [api-gateway] [           main] o.s.c.g.r.RouteDefinitionRouteLocator    : Loaded RoutePredicateFactory [ReadBody]
2026-03-19T20:38:07.655-03:00  INFO 77732 --- [api-gateway] [           main] o.s.c.g.r.RouteDefinitionRouteLocator    : Loaded RoutePredicateFactory [RemoteAddr]
2026-03-19T20:38:07.656-03:00  INFO 77732 --- [api-gateway] [           main] o.s.c.g.r.RouteDefinitionRouteLocator    : Loaded RoutePredicateFactory [XForwardedRemoteAddr]
2026-03-19T20:38:07.656-03:00  INFO 77732 --- [api-gateway] [           main] o.s.c.g.r.RouteDefinitionRouteLocator    : Loaded RoutePredicateFactory [Weight]
2026-03-19T20:38:07.656-03:00  INFO 77732 --- [api-gateway] [           main] o.s.c.g.r.RouteDefinitionRouteLocator    : Loaded RoutePredicateFactory [CloudFoundryRouteService]
20:38:07.892 [main] INFO org.springframework.boot.test.context.SpringBootTestContextBootstrapper -- Found @SpringBootConfiguration org.cedro.orderservice.OrderServiceApplication for test class org.cedro.orderservice.OrderServiceApplicationTests
2026-03-19T20:38:08.054-03:00  INFO 77731 --- [eureka-server] [           main] o.s.c.n.eureka.InstanceInfoFactory       : Setting initial instance status as: STARTING
2026-03-19T20:38:08.214-03:00  INFO 77731 --- [eureka-server] [           main] com.netflix.discovery.DiscoveryClient    : Initializing Eureka in region us-east-1
2026-03-19T20:38:08.216-03:00  INFO 77731 --- [eureka-server] [           main] com.netflix.discovery.DiscoveryClient    : Client configured to neither register nor query for data.
2026-03-19T20:38:08.229-03:00  INFO 77731 --- [eureka-server] [           main] com.netflix.discovery.DiscoveryClient    : Discovery Client initialized at timestamp 1773963488228 with initial instances count: 0
2026-03-19T20:38:08.569-03:00  INFO 77731 --- [eureka-server] [           main] c.n.eureka.DefaultEurekaServerContext    : Initializing ...
2026-03-19T20:38:08.574-03:00  INFO 77731 --- [eureka-server] [           main] c.n.eureka.cluster.PeerEurekaNodes       : Adding new peer nodes [http://localhost:8761/eureka/]
2026-03-19T20:38:09.040-03:00  INFO 77733 --- [notification-service] [           main] c.n.d.s.t.d.RedirectingEurekaHttpClient  : Request execution error. endpoint=DefaultEndpoint{ serviceUrl='http://localhost:8761/eureka/}, exception=I/O error on GET request for "http://localhost:8761/eureka/apps/": Connect to http://localhost:8761 [localhost/127.0.0.1] failed: Conexão recusada stacktrace=org.springframework.web.client.ResourceAccessException: I/O error on GET request for "http://localhost:8761/eureka/apps/": Connect to http://localhost:8761 [localhost/127.0.0.1] failed: Conexão recusada
	at org.springframework.web.client.RestTemplate.createResourceAccessException(RestTemplate.java:925)
	at org.springframework.web.client.RestTemplate.doExecute(RestTemplate.java:905)
	at org.springframework.web.client.RestTemplate.execute(RestTemplate.java:840)
	at org.springframework.web.client.RestTemplate.exchange(RestTemplate.java:701)
	at org.springframework.cloud.netflix.eureka.http.RestTemplateEurekaHttpClient.getApplicationsInternal(RestTemplateEurekaHttpClient.java:174)
	at org.springframework.cloud.netflix.eureka.http.RestTemplateEurekaHttpClient.getApplications(RestTemplateEurekaHttpClient.java:162)
	at com.netflix.discovery.shared.transport.decorator.EurekaHttpClientDecorator$6.execute(EurekaHttpClientDecorator.java:137)
	at com.netflix.discovery.shared.transport.decorator.RedirectingEurekaHttpClient.executeOnNewServer(RedirectingEurekaHttpClient.java:121)
	at com.netflix.discovery.shared.transport.decorator.RedirectingEurekaHttpClient.execute(RedirectingEurekaHttpClient.java:80)
	at com.netflix.discovery.shared.transport.decorator.EurekaHttpClientDecorator.getApplications(EurekaHttpClientDecorator.java:134)
	at com.netflix.discovery.shared.transport.decorator.EurekaHttpClientDecorator$6.execute(EurekaHttpClientDecorator.java:137)
	at com.netflix.discovery.shared.transport.decorator.RetryableEurekaHttpClient.execute(RetryableEurekaHttpClient.java:120)
	at com.netflix.discovery.shared.transport.decorator.EurekaHttpClientDecorator.getApplications(EurekaHttpClientDecorator.java:134)
	at com.netflix.discovery.shared.transport.decorator.EurekaHttpClientDecorator$6.execute(EurekaHttpClientDecorator.java:137)
	at com.netflix.discovery.shared.transport.decorator.SessionedEurekaHttpClient.execute(SessionedEurekaHttpClient.java:76)
	at com.netflix.discovery.shared.transport.decorator.EurekaHttpClientDecorator.getApplications(EurekaHttpClientDecorator.java:134)
	at com.netflix.discovery.DiscoveryClient.getAndStoreFullRegistry(DiscoveryClient.java:1046)
	at com.netflix.discovery.DiscoveryClient.fetchRegistry(DiscoveryClient.java:961)
	at com.netflix.discovery.DiscoveryClient.<init>(DiscoveryClient.java:410)
	at com.netflix.discovery.DiscoveryClient.<init>(DiscoveryClient.java:245)
	at com.netflix.discovery.DiscoveryClient.<init>(DiscoveryClient.java:240)
	at org.springframework.cloud.netflix.eureka.CloudEurekaClient.<init>(CloudEurekaClient.java:68)
	at org.springframework.cloud.netflix.eureka.EurekaClientAutoConfiguration$RefreshableEurekaClientConfiguration.eurekaClient(EurekaClientAutoConfiguration.java:324)
	at java.base/jdk.internal.reflect.NativeMethodAccessorImpl.invoke0(Native Method)
	at java.base/jdk.internal.reflect.NativeMethodAccessorImpl.invoke(NativeMethodAccessorImpl.java:77)
	at java.base/jdk.internal.reflect.DelegatingMethodAccessorImpl.invoke(DelegatingMethodAccessorImpl.java:43)
	at java.base/java.lang.reflect.Method.invoke(Method.java:569)
	at org.springframework.beans.factory.support.SimpleInstantiationStrategy.lambda$instantiate$0(SimpleInstantiationStrategy.java:171)
	at org.springframework.beans.factory.support.SimpleInstantiationStrategy.instantiateWithFactoryMethod(SimpleInstantiationStrategy.java:88)
	at org.springframework.beans.factory.support.SimpleInstantiationStrategy.instantiate(SimpleInstantiationStrategy.java:168)
	at org.springframework.beans.factory.support.ConstructorResolver.instantiate(ConstructorResolver.java:653)
	at org.springframework.beans.factory.support.ConstructorResolver.instantiateUsingFactoryMethod(ConstructorResolver.java:645)
	at org.springframework.beans.factory.support.AbstractAutowireCapableBeanFactory.instantiateUsingFactoryMethod(AbstractAutowireCapableBeanFactory.java:1361)
	at org.springframework.beans.factory.support.AbstractAutowireCapableBeanFactory.createBeanInstance(AbstractAutowireCapableBeanFactory.java:1191)
	at org.springframework.beans.factory.support.AbstractAutowireCapableBeanFactory.doCreateBean(AbstractAutowireCapableBeanFactory.java:563)
	at org.springframework.beans.factory.support.AbstractAutowireCapableBeanFactory.createBean(AbstractAutowireCapableBeanFactory.java:523)
	at org.springframework.beans.factory.support.AbstractBeanFactory.lambda$doGetBean$1(AbstractBeanFactory.java:378)
	at org.springframework.cloud.context.scope.GenericScope$BeanLifecycleWrapper.getBean(GenericScope.java:375)
	at org.springframework.cloud.context.scope.GenericScope.get(GenericScope.java:179)
	at org.springframework.beans.factory.support.AbstractBeanFactory.doGetBean(AbstractBeanFactory.java:375)
	at org.springframework.beans.factory.support.AbstractBeanFactory.getBean(AbstractBeanFactory.java:202)
	at org.springframework.aop.target.SimpleBeanTargetSource.getTarget(SimpleBeanTargetSource.java:35)
	at org.springframework.cloud.netflix.eureka.serviceregistry.EurekaRegistration.getTargetObject(EurekaRegistration.java:128)
	at org.springframework.cloud.netflix.eureka.serviceregistry.EurekaRegistration.getEurekaClient(EurekaRegistration.java:116)
	at java.base/jdk.internal.reflect.NativeMethodAccessorImpl.invoke0(Native Method)
	at java.base/jdk.internal.reflect.NativeMethodAccessorImpl.invoke(NativeMethodAccessorImpl.java:77)
	at java.base/jdk.internal.reflect.DelegatingMethodAccessorImpl.invoke(DelegatingMethodAccessorImpl.java:43)
	at java.base/java.lang.reflect.Method.invoke(Method.java:569)
	at org.springframework.util.ReflectionUtils.invokeMethod(ReflectionUtils.java:281)
	at org.springframework.cloud.context.scope.GenericScope$LockedScopedProxyFactoryBean.invoke(GenericScope.java:482)
	at org.springframework.aop.framework.ReflectiveMethodInvocation.proceed(ReflectiveMethodInvocation.java:184)
	at org.springframework.aop.framework.CglibAopProxy$DynamicAdvisedInterceptor.intercept(CglibAopProxy.java:727)
	at org.springframework.cloud.netflix.eureka.serviceregistry.EurekaRegistration$$SpringCGLIB$$0.getEurekaClient(<generated>)
	at org.springframework.cloud.netflix.eureka.serviceregistry.EurekaServiceRegistry.maybeInitializeClient(EurekaServiceRegistry.java:83)
	at org.springframework.cloud.netflix.eureka.serviceregistry.EurekaServiceRegistry.register(EurekaServiceRegistry.java:66)
	at org.springframework.cloud.netflix.eureka.serviceregistry.EurekaAutoServiceRegistration.start(EurekaAutoServiceRegistration.java:89)
	at org.springframework.context.support.DefaultLifecycleProcessor.doStart(DefaultLifecycleProcessor.java:323)
	at org.springframework.context.support.DefaultLifecycleProcessor$LifecycleGroup.start(DefaultLifecycleProcessor.java:510)
	at java.base/java.lang.Iterable.forEach(Iterable.java:75)
	at org.springframework.context.support.DefaultLifecycleProcessor.startBeans(DefaultLifecycleProcessor.java:295)
	at org.springframework.context.support.DefaultLifecycleProcessor.onRefresh(DefaultLifecycleProcessor.java:240)
	at org.springframework.context.support.AbstractApplicationContext.finishRefresh(AbstractApplicationContext.java:1006)
	at org.springframework.context.support.AbstractApplicationContext.refresh(AbstractApplicationContext.java:630)
	at org.springframework.boot.SpringApplication.refresh(SpringApplication.java:752)
	at org.springframework.boot.SpringApplication.refreshContext(SpringApplication.java:439)
	at org.springframework.boot.SpringApplication.run(SpringApplication.java:318)
	at org.springframework.boot.test.context.SpringBootContextLoader.lambda$loadContext$3(SpringBootContextLoader.java:137)
	at org.springframework.util.function.ThrowingSupplier.get(ThrowingSupplier.java:58)
	at org.springframework.util.function.ThrowingSupplier.get(ThrowingSupplier.java:46)
	at org.springframework.boot.SpringApplication.withHook(SpringApplication.java:1461)
	at org.springframework.boot.test.context.SpringBootContextLoader$ContextLoaderHook.run(SpringBootContextLoader.java:553)
	at org.springframework.boot.test.context.SpringBootContextLoader.loadContext(SpringBootContextLoader.java:137)
	at org.springframework.boot.test.context.SpringBootContextLoader.loadContext(SpringBootContextLoader.java:108)
	at org.springframework.test.context.cache.DefaultCacheAwareContextLoaderDelegate.loadContextInternal(DefaultCacheAwareContextLoaderDelegate.java:225)
	at org.springframework.test.context.cache.DefaultCacheAwareContextLoaderDelegate.loadContext(DefaultCacheAwareContextLoaderDelegate.java:152)
	at org.springframework.test.context.support.DefaultTestContext.getApplicationContext(DefaultTestContext.java:130)
	at org.springframework.test.context.web.ServletTestExecutionListener.setUpRequestContextIfNecessary(ServletTestExecutionListener.java:200)
	at org.springframework.test.context.web.ServletTestExecutionListener.prepareTestInstance(ServletTestExecutionListener.java:139)
	at org.springframework.test.context.TestContextManager.prepareTestInstance(TestContextManager.java:260)
	at org.springframework.test.context.junit.jupiter.SpringExtension.postProcessTestInstance(SpringExtension.java:160)
	at org.junit.jupiter.engine.descriptor.ClassBasedTestDescriptor.lambda$invokeTestInstancePostProcessors$11(ClassBasedTestDescriptor.java:378)
	at org.junit.jupiter.engine.descriptor.ClassBasedTestDescriptor.executeAndMaskThrowable(ClassBasedTestDescriptor.java:383)
	at org.junit.jupiter.engine.descriptor.ClassBasedTestDescriptor.lambda$invokeTestInstancePostProcessors$12(ClassBasedTestDescriptor.java:378)
	at java.base/java.util.stream.ForEachOps$ForEachOp$OfRef.accept(ForEachOps.java:183)
	at java.base/java.util.stream.ReferencePipeline$3$1.accept(ReferencePipeline.java:197)
	at java.base/java.util.stream.ReferencePipeline$2$1.accept(ReferencePipeline.java:179)
	at java.base/java.util.stream.ReferencePipeline$3$1.accept(ReferencePipeline.java:197)
	at java.base/java.util.ArrayList$ArrayListSpliterator.forEachRemaining(ArrayList.java:1625)
	at java.base/java.util.stream.AbstractPipeline.copyInto(AbstractPipeline.java:509)
	at java.base/java.util.stream.AbstractPipeline.wrapAndCopyInto(AbstractPipeline.java:499)
	at java.base/java.util.stream.ForEachOps$ForEachOp.evaluateSequential(ForEachOps.java:150)
	at java.base/java.util.stream.ForEachOps$ForEachOp$OfRef.evaluateSequential(ForEachOps.java:173)
	at java.base/java.util.stream.AbstractPipeline.evaluate(AbstractPipeline.java:234)
	at java.base/java.util.stream.ReferencePipeline.forEach(ReferencePipeline.java:596)
	at org.junit.jupiter.engine.descriptor.ClassBasedTestDescriptor.invokeTestInstancePostProcessors(ClassBasedTestDescriptor.java:377)
	at org.junit.jupiter.engine.descriptor.ClassBasedTestDescriptor.lambda$instantiateAndPostProcessTestInstance$7(ClassBasedTestDescriptor.java:290)
	at org.junit.platform.engine.support.hierarchical.ThrowableCollector.execute(ThrowableCollector.java:73)
	at org.junit.jupiter.engine.descriptor.ClassBasedTestDescriptor.instantiateAndPostProcessTestInstance(ClassBasedTestDescriptor.java:289)
	at org.junit.jupiter.engine.descriptor.ClassBasedTestDescriptor.lambda$testInstancesProvider$5(ClassBasedTestDescriptor.java:279)
	at java.base/java.util.Optional.orElseGet(Optional.java:364)
	at org.junit.jupiter.engine.descriptor.ClassBasedTestDescriptor.lambda$testInstancesProvider$6(ClassBasedTestDescriptor.java:278)
	at org.junit.jupiter.engine.execution.TestInstancesProvider.getTestInstances(TestInstancesProvider.java:31)
	at org.junit.jupiter.engine.descriptor.TestMethodTestDescriptor.lambda$prepare$1(TestMethodTestDescriptor.java:105)
	at org.junit.platform.engine.support.hierarchical.ThrowableCollector.execute(ThrowableCollector.java:73)
	at org.junit.jupiter.engine.descriptor.TestMethodTestDescriptor.prepare(TestMethodTestDescriptor.java:104)
	at org.junit.jupiter.engine.descriptor.TestMethodTestDescriptor.prepare(TestMethodTestDescriptor.java:68)
	at org.junit.platform.engine.support.hierarchical.NodeTestTask.lambda$prepare$2(NodeTestTask.java:128)
	at org.junit.platform.engine.support.hierarchical.ThrowableCollector.execute(ThrowableCollector.java:73)
	at org.junit.platform.engine.support.hierarchical.NodeTestTask.prepare(NodeTestTask.java:128)
	at org.junit.platform.engine.support.hierarchical.NodeTestTask.execute(NodeTestTask.java:95)
	at java.base/java.util.ArrayList.forEach(ArrayList.java:1511)
	at org.junit.platform.engine.support.hierarchical.SameThreadHierarchicalTestExecutorService.invokeAll(SameThreadHierarchicalTestExecutorService.java:41)
	at org.junit.platform.engine.support.hierarchical.NodeTestTask.lambda$executeRecursively$6(NodeTestTask.java:160)
	at org.junit.platform.engine.support.hierarchical.ThrowableCollector.execute(ThrowableCollector.java:73)
	at org.junit.platform.engine.support.hierarchical.NodeTestTask.lambda$executeRecursively$8(NodeTestTask.java:146)
	at org.junit.platform.engine.support.hierarchical.Node.around(Node.java:137)
	at org.junit.platform.engine.support.hierarchical.NodeTestTask.lambda$executeRecursively$9(NodeTestTask.java:144)
	at org.junit.platform.engine.support.hierarchical.ThrowableCollector.execute(ThrowableCollector.java:73)
	at org.junit.platform.engine.support.hierarchical.NodeTestTask.executeRecursively(NodeTestTask.java:143)
	at org.junit.platform.engine.support.hierarchical.NodeTestTask.execute(NodeTestTask.java:100)
	at java.base/java.util.ArrayList.forEach(ArrayList.java:1511)
	at org.junit.platform.engine.support.hierarchical.SameThreadHierarchicalTestExecutorService.invokeAll(SameThreadHierarchicalTestExecutorService.java:41)
	at org.junit.platform.engine.support.hierarchical.NodeTestTask.lambda$executeRecursively$6(NodeTestTask.java:160)
	at org.junit.platform.engine.support.hierarchical.ThrowableCollector.execute(ThrowableCollector.java:73)
	at org.junit.platform.engine.support.hierarchical.NodeTestTask.lambda$executeRecursively$8(NodeTestTask.java:146)
	at org.junit.platform.engine.support.hierarchical.Node.around(Node.java:137)
	at org.junit.platform.engine.support.hierarchical.NodeTestTask.lambda$executeRecursively$9(NodeTestTask.java:144)
	at org.junit.platform.engine.support.hierarchical.ThrowableCollector.execute(ThrowableCollector.java:73)
	at org.junit.platform.engine.support.hierarchical.NodeTestTask.executeRecursively(NodeTestTask.java:143)
	at org.junit.platform.engine.support.hierarchical.NodeTestTask.execute(NodeTestTask.java:100)
	at org.junit.platform.engine.support.hierarchical.SameThreadHierarchicalTestExecutorService.submit(SameThreadHierarchicalTestExecutorService.java:35)
	at org.junit.platform.engine.support.hierarchical.HierarchicalTestExecutor.execute(HierarchicalTestExecutor.java:57)
	at org.junit.platform.engine.support.hierarchical.HierarchicalTestEngine.execute(HierarchicalTestEngine.java:54)
	at org.junit.platform.launcher.core.EngineExecutionOrchestrator.execute(EngineExecutionOrchestrator.java:198)
	at org.junit.platform.launcher.core.EngineExecutionOrchestrator.execute(EngineExecutionOrchestrator.java:169)
	at org.junit.platform.launcher.core.EngineExecutionOrchestrator.execute(EngineExecutionOrchestrator.java:93)
	at org.junit.platform.launcher.core.EngineExecutionOrchestrator.lambda$execute$0(EngineExecutionOrchestrator.java:58)
	at org.junit.platform.launcher.core.EngineExecutionOrchestrator.withInterceptedStreams(EngineExecutionOrchestrator.java:141)
	at org.junit.platform.launcher.core.EngineExecutionOrchestrator.execute(EngineExecutionOrchestrator.java:57)
	at org.junit.platform.launcher.core.DefaultLauncher.execute(DefaultLauncher.java:103)
	at org.junit.platform.launcher.core.DefaultLauncher.execute(DefaultLauncher.java:85)
	at org.junit.platform.launcher.core.DelegatingLauncher.execute(DelegatingLauncher.java:47)
	at org.apache.maven.surefire.junitplatform.LazyLauncher.execute(LazyLauncher.java:56)
	at org.apache.maven.surefire.junitplatform.JUnitPlatformProvider.execute(JUnitPlatformProvider.java:184)
	at org.apache.maven.surefire.junitplatform.JUnitPlatformProvider.invokeAllTests(JUnitPlatformProvider.java:148)
	at org.apache.maven.surefire.junitplatform.JUnitPlatformProvider.invoke(JUnitPlatformProvider.java:122)
	at org.apache.maven.surefire.booter.ForkedBooter.runSuitesInProcess(ForkedBooter.java:385)
	at org.apache.maven.surefire.booter.ForkedBooter.execute(ForkedBooter.java:162)
	at org.apache.maven.surefire.booter.ForkedBooter.run(ForkedBooter.java:507)
	at org.apache.maven.surefire.booter.ForkedBooter.main(ForkedBooter.java:495)
Caused by: org.apache.hc.client5.http.HttpHostConnectException: Connect to http://localhost:8761 [localhost/127.0.0.1] failed: Conexão recusada
	at java.base/sun.nio.ch.Net.pollConnect(Native Method)
	at java.base/sun.nio.ch.Net.pollConnectNow(Net.java:672)
	at java.base/sun.nio.ch.NioSocketImpl.timedFinishConnect(NioSocketImpl.java:547)
	at java.base/sun.nio.ch.NioSocketImpl.connect(NioSocketImpl.java:602)
	at java.base/java.net.SocksSocketImpl.connect(SocksSocketImpl.java:327)
	at java.base/java.net.Socket.connect(Socket.java:639)
	at org.apache.hc.client5.http.impl.io.DefaultHttpClientConnectionOperator.connect(DefaultHttpClientConnectionOperator.java:216)
	at org.apache.hc.client5.http.impl.io.PoolingHttpClientConnectionManager.connect(PoolingHttpClientConnectionManager.java:490)
	at org.apache.hc.client5.http.impl.classic.InternalExecRuntime.connectEndpoint(InternalExecRuntime.java:164)
	at org.apache.hc.client5.http.impl.classic.InternalExecRuntime.connectEndpoint(InternalExecRuntime.java:174)
	at org.apache.hc.client5.http.impl.classic.ConnectExec.execute(ConnectExec.java:144)
	at org.apache.hc.client5.http.impl.classic.ExecChainElement.execute(ExecChainElement.java:51)
	at org.apache.hc.client5.http.impl.classic.ProtocolExec.execute(ProtocolExec.java:192)
	at org.apache.hc.client5.http.impl.classic.ExecChainElement.execute(ExecChainElement.java:51)
	at org.apache.hc.client5.http.impl.classic.ContentCompressionExec.execute(ContentCompressionExec.java:150)
	at org.apache.hc.client5.http.impl.classic.ExecChainElement.execute(ExecChainElement.java:51)
	at org.apache.hc.client5.http.impl.classic.HttpRequestRetryExec.execute(HttpRequestRetryExec.java:113)
	at org.apache.hc.client5.http.impl.classic.ExecChainElement.execute(ExecChainElement.java:51)
	at org.apache.hc.client5.http.impl.classic.RedirectExec.execute(RedirectExec.java:110)
	at org.apache.hc.client5.http.impl.classic.ExecChainElement.execute(ExecChainElement.java:51)
	at org.apache.hc.client5.http.impl.classic.InternalHttpClient.doExecute(InternalHttpClient.java:174)
	at org.apache.hc.client5.http.impl.classic.CloseableHttpClient.execute(CloseableHttpClient.java:87)
	at org.apache.hc.client5.http.impl.classic.CloseableHttpClient.execute(CloseableHttpClient.java:55)
	at org.apache.hc.client5.http.classic.HttpClient.executeOpen(HttpClient.java:183)
	at org.springframework.http.client.HttpComponentsClientHttpRequest.executeInternal(HttpComponentsClientHttpRequest.java:99)
	at org.springframework.http.client.AbstractStreamingClientHttpRequest.executeInternal(AbstractStreamingClientHttpRequest.java:71)
	at org.springframework.http.client.AbstractClientHttpRequest.execute(AbstractClientHttpRequest.java:81)
	at org.springframework.http.client.InterceptingClientHttpRequest$InterceptingRequestExecution.execute(InterceptingClientHttpRequest.java:117)
	at org.springframework.cloud.netflix.eureka.http.RestTemplateTransportClientFactory.lambda$restTemplate$2(RestTemplateTransportClientFactory.java:145)
	at org.springframework.http.client.InterceptingClientHttpRequest$InterceptingRequestExecution.execute(InterceptingClientHttpRequest.java:88)
	at org.springframework.http.client.InterceptingClientHttpRequest.executeInternal(InterceptingClientHttpRequest.java:72)
	at org.springframework.http.client.AbstractBufferingClientHttpRequest.executeInternal(AbstractBufferingClientHttpRequest.java:48)
	at org.springframework.http.client.AbstractClientHttpRequest.execute(AbstractClientHttpRequest.java:81)
	at org.springframework.web.client.RestTemplate.doExecute(RestTemplate.java:899)
	... 148 more

2026-03-19T20:38:09.055-03:00  WARN 77733 --- [notification-service] [           main] c.n.d.s.t.d.RetryableEurekaHttpClient    : Request execution failed with message: I/O error on GET request for "http://localhost:8761/eureka/apps/": Connect to http://localhost:8761 [localhost/127.0.0.1] failed: Conexão recusada
2026-03-19T20:38:08.993-03:00  INFO 77732 --- [api-gateway] [           main] DiscoveryClientOptionalArgsConfiguration : Eureka HTTP Client uses RestTemplate.
2026-03-19T20:38:09.061-03:00  INFO 77733 --- [notification-service] [           main] com.netflix.discovery.DiscoveryClient    : DiscoveryClient_NOTIFICATION-SERVICE/192.168.20.102:notification-service:8083 - was unable to refresh its cache! This periodic background refresh will be retried in 30 seconds. status = Cannot execute request on any known server stacktrace = com.netflix.discovery.shared.transport.TransportException: Cannot execute request on any known server
	at com.netflix.discovery.shared.transport.decorator.RetryableEurekaHttpClient.execute(RetryableEurekaHttpClient.java:112)
	at com.netflix.discovery.shared.transport.decorator.EurekaHttpClientDecorator.getApplications(EurekaHttpClientDecorator.java:134)
	at com.netflix.discovery.shared.transport.decorator.EurekaHttpClientDecorator$6.execute(EurekaHttpClientDecorator.java:137)
	at com.netflix.discovery.shared.transport.decorator.SessionedEurekaHttpClient.execute(SessionedEurekaHttpClient.java:76)
	at com.netflix.discovery.shared.transport.decorator.EurekaHttpClientDecorator.getApplications(EurekaHttpClientDecorator.java:134)
	at com.netflix.discovery.DiscoveryClient.getAndStoreFullRegistry(DiscoveryClient.java:1046)
	at com.netflix.discovery.DiscoveryClient.fetchRegistry(DiscoveryClient.java:961)
	at com.netflix.discovery.DiscoveryClient.<init>(DiscoveryClient.java:410)
	at com.netflix.discovery.DiscoveryClient.<init>(DiscoveryClient.java:245)
	at com.netflix.discovery.DiscoveryClient.<init>(DiscoveryClient.java:240)
	at org.springframework.cloud.netflix.eureka.CloudEurekaClient.<init>(CloudEurekaClient.java:68)
	at org.springframework.cloud.netflix.eureka.EurekaClientAutoConfiguration$RefreshableEurekaClientConfiguration.eurekaClient(EurekaClientAutoConfiguration.java:324)
	at java.base/jdk.internal.reflect.NativeMethodAccessorImpl.invoke0(Native Method)
	at java.base/jdk.internal.reflect.NativeMethodAccessorImpl.invoke(NativeMethodAccessorImpl.java:77)
	at java.base/jdk.internal.reflect.DelegatingMethodAccessorImpl.invoke(DelegatingMethodAccessorImpl.java:43)
	at java.base/java.lang.reflect.Method.invoke(Method.java:569)
	at org.springframework.beans.factory.support.SimpleInstantiationStrategy.lambda$instantiate$0(SimpleInstantiationStrategy.java:171)
	at org.springframework.beans.factory.support.SimpleInstantiationStrategy.instantiateWithFactoryMethod(SimpleInstantiationStrategy.java:88)
	at org.springframework.beans.factory.support.SimpleInstantiationStrategy.instantiate(SimpleInstantiationStrategy.java:168)
	at org.springframework.beans.factory.support.ConstructorResolver.instantiate(ConstructorResolver.java:653)
	at org.springframework.beans.factory.support.ConstructorResolver.instantiateUsingFactoryMethod(ConstructorResolver.java:645)
	at org.springframework.beans.factory.support.AbstractAutowireCapableBeanFactory.instantiateUsingFactoryMethod(AbstractAutowireCapableBeanFactory.java:1361)
	at org.springframework.beans.factory.support.AbstractAutowireCapableBeanFactory.createBeanInstance(AbstractAutowireCapableBeanFactory.java:1191)
	at org.springframework.beans.factory.support.AbstractAutowireCapableBeanFactory.doCreateBean(AbstractAutowireCapableBeanFactory.java:563)
	at org.springframework.beans.factory.support.AbstractAutowireCapableBeanFactory.createBean(AbstractAutowireCapableBeanFactory.java:523)
	at org.springframework.beans.factory.support.AbstractBeanFactory.lambda$doGetBean$1(AbstractBeanFactory.java:378)
	at org.springframework.cloud.context.scope.GenericScope$BeanLifecycleWrapper.getBean(GenericScope.java:375)
	at org.springframework.cloud.context.scope.GenericScope.get(GenericScope.java:179)
	at org.springframework.beans.factory.support.AbstractBeanFactory.doGetBean(AbstractBeanFactory.java:375)
	at org.springframework.beans.factory.support.AbstractBeanFactory.getBean(AbstractBeanFactory.java:202)
	at org.springframework.aop.target.SimpleBeanTargetSource.getTarget(SimpleBeanTargetSource.java:35)
	at org.springframework.cloud.netflix.eureka.serviceregistry.EurekaRegistration.getTargetObject(EurekaRegistration.java:128)
	at org.springframework.cloud.netflix.eureka.serviceregistry.EurekaRegistration.getEurekaClient(EurekaRegistration.java:116)
	at java.base/jdk.internal.reflect.NativeMethodAccessorImpl.invoke0(Native Method)
	at java.base/jdk.internal.reflect.NativeMethodAccessorImpl.invoke(NativeMethodAccessorImpl.java:77)
	at java.base/jdk.internal.reflect.DelegatingMethodAccessorImpl.invoke(DelegatingMethodAccessorImpl.java:43)
	at java.base/java.lang.reflect.Method.invoke(Method.java:569)
	at org.springframework.util.ReflectionUtils.invokeMethod(ReflectionUtils.java:281)
	at org.springframework.cloud.context.scope.GenericScope$LockedScopedProxyFactoryBean.invoke(GenericScope.java:482)
	at org.springframework.aop.framework.ReflectiveMethodInvocation.proceed(ReflectiveMethodInvocation.java:184)
	at org.springframework.aop.framework.CglibAopProxy$DynamicAdvisedInterceptor.intercept(CglibAopProxy.java:727)
	at org.springframework.cloud.netflix.eureka.serviceregistry.EurekaRegistration$$SpringCGLIB$$0.getEurekaClient(<generated>)
	at org.springframework.cloud.netflix.eureka.serviceregistry.EurekaServiceRegistry.maybeInitializeClient(EurekaServiceRegistry.java:83)
	at org.springframework.cloud.netflix.eureka.serviceregistry.EurekaServiceRegistry.register(EurekaServiceRegistry.java:66)
	at org.springframework.cloud.netflix.eureka.serviceregistry.EurekaAutoServiceRegistration.start(EurekaAutoServiceRegistration.java:89)
	at org.springframework.context.support.DefaultLifecycleProcessor.doStart(DefaultLifecycleProcessor.java:323)
	at org.springframework.context.support.DefaultLifecycleProcessor$LifecycleGroup.start(DefaultLifecycleProcessor.java:510)
	at java.base/java.lang.Iterable.forEach(Iterable.java:75)
	at org.springframework.context.support.DefaultLifecycleProcessor.startBeans(DefaultLifecycleProcessor.java:295)
	at org.springframework.context.support.DefaultLifecycleProcessor.onRefresh(DefaultLifecycleProcessor.java:240)
	at org.springframework.context.support.AbstractApplicationContext.finishRefresh(AbstractApplicationContext.java:1006)
	at org.springframework.context.support.AbstractApplicationContext.refresh(AbstractApplicationContext.java:630)
	at org.springframework.boot.SpringApplication.refresh(SpringApplication.java:752)
	at org.springframework.boot.SpringApplication.refreshContext(SpringApplication.java:439)
	at org.springframework.boot.SpringApplication.run(SpringApplication.java:318)
	at org.springframework.boot.test.context.SpringBootContextLoader.lambda$loadContext$3(SpringBootContextLoader.java:137)
	at org.springframework.util.function.ThrowingSupplier.get(ThrowingSupplier.java:58)
	at org.springframework.util.function.ThrowingSupplier.get(ThrowingSupplier.java:46)
	at org.springframework.boot.SpringApplication.withHook(SpringApplication.java:1461)
	at org.springframework.boot.test.context.SpringBootContextLoader$ContextLoaderHook.run(SpringBootContextLoader.java:553)
	at org.springframework.boot.test.context.SpringBootContextLoader.loadContext(SpringBootContextLoader.java:137)
	at org.springframework.boot.test.context.SpringBootContextLoader.loadContext(SpringBootContextLoader.java:108)
	at org.springframework.test.context.cache.DefaultCacheAwareContextLoaderDelegate.loadContextInternal(DefaultCacheAwareContextLoaderDelegate.java:225)
	at org.springframework.test.context.cache.DefaultCacheAwareContextLoaderDelegate.loadContext(DefaultCacheAwareContextLoaderDelegate.java:152)
	at org.springframework.test.context.support.DefaultTestContext.getApplicationContext(DefaultTestContext.java:130)
	at org.springframework.test.context.web.ServletTestExecutionListener.setUpRequestContextIfNecessary(ServletTestExecutionListener.java:200)
	at org.springframework.test.context.web.ServletTestExecutionListener.prepareTestInstance(ServletTestExecutionListener.java:139)
	at org.springframework.test.context.TestContextManager.prepareTestInstance(TestContextManager.java:260)
	at org.springframework.test.context.junit.jupiter.SpringExtension.postProcessTestInstance(SpringExtension.java:160)
	at org.junit.jupiter.engine.descriptor.ClassBasedTestDescriptor.lambda$invokeTestInstancePostProcessors$11(ClassBasedTestDescriptor.java:378)
	at org.junit.jupiter.engine.descriptor.ClassBasedTestDescriptor.executeAndMaskThrowable(ClassBasedTestDescriptor.java:383)
	at org.junit.jupiter.engine.descriptor.ClassBasedTestDescriptor.lambda$invokeTestInstancePostProcessors$12(ClassBasedTestDescriptor.java:378)
	at java.base/java.util.stream.ForEachOps$ForEachOp$OfRef.accept(ForEachOps.java:183)
	at java.base/java.util.stream.ReferencePipeline$3$1.accept(ReferencePipeline.java:197)
	at java.base/java.util.stream.ReferencePipeline$2$1.accept(ReferencePipeline.java:179)
	at java.base/java.util.stream.ReferencePipeline$3$1.accept(ReferencePipeline.java:197)
	at java.base/java.util.ArrayList$ArrayListSpliterator.forEachRemaining(ArrayList.java:1625)
	at java.base/java.util.stream.AbstractPipeline.copyInto(AbstractPipeline.java:509)
	at java.base/java.util.stream.AbstractPipeline.wrapAndCopyInto(AbstractPipeline.java:499)
	at java.base/java.util.stream.ForEachOps$ForEachOp.evaluateSequential(ForEachOps.java:150)
	at java.base/java.util.stream.ForEachOps$ForEachOp$OfRef.evaluateSequential(ForEachOps.java:173)
	at java.base/java.util.stream.AbstractPipeline.evaluate(AbstractPipeline.java:234)
	at java.base/java.util.stream.ReferencePipeline.forEach(ReferencePipeline.java:596)
	at org.junit.jupiter.engine.descriptor.ClassBasedTestDescriptor.invokeTestInstancePostProcessors(ClassBasedTestDescriptor.java:377)
	at org.junit.jupiter.engine.descriptor.ClassBasedTestDescriptor.lambda$instantiateAndPostProcessTestInstance$7(ClassBasedTestDescriptor.java:290)
	at org.junit.platform.engine.support.hierarchical.ThrowableCollector.execute(ThrowableCollector.java:73)
	at org.junit.jupiter.engine.descriptor.ClassBasedTestDescriptor.instantiateAndPostProcessTestInstance(ClassBasedTestDescriptor.java:289)
	at org.junit.jupiter.engine.descriptor.ClassBasedTestDescriptor.lambda$testInstancesProvider$5(ClassBasedTestDescriptor.java:279)
	at java.base/java.util.Optional.orElseGet(Optional.java:364)
	at org.junit.jupiter.engine.descriptor.ClassBasedTestDescriptor.lambda$testInstancesProvider$6(ClassBasedTestDescriptor.java:278)
	at org.junit.jupiter.engine.execution.TestInstancesProvider.getTestInstances(TestInstancesProvider.java:31)
	at org.junit.jupiter.engine.descriptor.TestMethodTestDescriptor.lambda$prepare$1(TestMethodTestDescriptor.java:105)
	at org.junit.platform.engine.support.hierarchical.ThrowableCollector.execute(ThrowableCollector.java:73)
	at org.junit.jupiter.engine.descriptor.TestMethodTestDescriptor.prepare(TestMethodTestDescriptor.java:104)
	at org.junit.jupiter.engine.descriptor.TestMethodTestDescriptor.prepare(TestMethodTestDescriptor.java:68)
	at org.junit.platform.engine.support.hierarchical.NodeTestTask.lambda$prepare$2(NodeTestTask.java:128)
	at org.junit.platform.engine.support.hierarchical.ThrowableCollector.execute(ThrowableCollector.java:73)
	at org.junit.platform.engine.support.hierarchical.NodeTestTask.prepare(NodeTestTask.java:128)
	at org.junit.platform.engine.support.hierarchical.NodeTestTask.execute(NodeTestTask.java:95)
	at java.base/java.util.ArrayList.forEach(ArrayList.java:1511)
	at org.junit.platform.engine.support.hierarchical.SameThreadHierarchicalTestExecutorService.invokeAll(SameThreadHierarchicalTestExecutorService.java:41)
	at org.junit.platform.engine.support.hierarchical.NodeTestTask.lambda$executeRecursively$6(NodeTestTask.java:160)
	at org.junit.platform.engine.support.hierarchical.ThrowableCollector.execute(ThrowableCollector.java:73)
	at org.junit.platform.engine.support.hierarchical.NodeTestTask.lambda$executeRecursively$8(NodeTestTask.java:146)
	at org.junit.platform.engine.support.hierarchical.Node.around(Node.java:137)
	at org.junit.platform.engine.support.hierarchical.NodeTestTask.lambda$executeRecursively$9(NodeTestTask.java:144)
	at org.junit.platform.engine.support.hierarchical.ThrowableCollector.execute(ThrowableCollector.java:73)
	at org.junit.platform.engine.support.hierarchical.NodeTestTask.executeRecursively(NodeTestTask.java:143)
	at org.junit.platform.engine.support.hierarchical.NodeTestTask.execute(NodeTestTask.java:100)
	at java.base/java.util.ArrayList.forEach(ArrayList.java:1511)
	at org.junit.platform.engine.support.hierarchical.SameThreadHierarchicalTestExecutorService.invokeAll(SameThreadHierarchicalTestExecutorService.java:41)
	at org.junit.platform.engine.support.hierarchical.NodeTestTask.lambda$executeRecursively$6(NodeTestTask.java:160)
	at org.junit.platform.engine.support.hierarchical.ThrowableCollector.execute(ThrowableCollector.java:73)
	at org.junit.platform.engine.support.hierarchical.NodeTestTask.lambda$executeRecursively$8(NodeTestTask.java:146)
	at org.junit.platform.engine.support.hierarchical.Node.around(Node.java:137)
	at org.junit.platform.engine.support.hierarchical.NodeTestTask.lambda$executeRecursively$9(NodeTestTask.java:144)
	at org.junit.platform.engine.support.hierarchical.ThrowableCollector.execute(ThrowableCollector.java:73)
	at org.junit.platform.engine.support.hierarchical.NodeTestTask.executeRecursively(NodeTestTask.java:143)
	at org.junit.platform.engine.support.hierarchical.NodeTestTask.execute(NodeTestTask.java:100)
	at org.junit.platform.engine.support.hierarchical.SameThreadHierarchicalTestExecutorService.submit(SameThreadHierarchicalTestExecutorService.java:35)
	at org.junit.platform.engine.support.hierarchical.HierarchicalTestExecutor.execute(HierarchicalTestExecutor.java:57)
	at org.junit.platform.engine.support.hierarchical.HierarchicalTestEngine.execute(HierarchicalTestEngine.java:54)
	at org.junit.platform.launcher.core.EngineExecutionOrchestrator.execute(EngineExecutionOrchestrator.java:198)
	at org.junit.platform.launcher.core.EngineExecutionOrchestrator.execute(EngineExecutionOrchestrator.java:169)
	at org.junit.platform.launcher.core.EngineExecutionOrchestrator.execute(EngineExecutionOrchestrator.java:93)
	at org.junit.platform.launcher.core.EngineExecutionOrchestrator.lambda$execute$0(EngineExecutionOrchestrator.java:58)
	at org.junit.platform.launcher.core.EngineExecutionOrchestrator.withInterceptedStreams(EngineExecutionOrchestrator.java:141)
	at org.junit.platform.launcher.core.EngineExecutionOrchestrator.execute(EngineExecutionOrchestrator.java:57)
	at org.junit.platform.launcher.core.DefaultLauncher.execute(DefaultLauncher.java:103)
	at org.junit.platform.launcher.core.DefaultLauncher.execute(DefaultLauncher.java:85)
	at org.junit.platform.launcher.core.DelegatingLauncher.execute(DelegatingLauncher.java:47)
	at org.apache.maven.surefire.junitplatform.LazyLauncher.execute(LazyLauncher.java:56)
	at org.apache.maven.surefire.junitplatform.JUnitPlatformProvider.execute(JUnitPlatformProvider.java:184)
	at org.apache.maven.surefire.junitplatform.JUnitPlatformProvider.invokeAllTests(JUnitPlatformProvider.java:148)
	at org.apache.maven.surefire.junitplatform.JUnitPlatformProvider.invoke(JUnitPlatformProvider.java:122)
	at org.apache.maven.surefire.booter.ForkedBooter.runSuitesInProcess(ForkedBooter.java:385)
	at org.apache.maven.surefire.booter.ForkedBooter.execute(ForkedBooter.java:162)
	at org.apache.maven.surefire.booter.ForkedBooter.run(ForkedBooter.java:507)
	at org.apache.maven.surefire.booter.ForkedBooter.main(ForkedBooter.java:495)

2026-03-19T20:38:09.075-03:00  INFO 77733 --- [notification-service] [           main] com.netflix.discovery.DiscoveryClient    : Initial registry fetch from primary servers failed
2026-03-19T20:38:09.083-03:00  WARN 77733 --- [notification-service] [           main] com.netflix.discovery.DiscoveryClient    : Using default backup registry implementation which does not do anything.
2026-03-19T20:38:09.084-03:00  INFO 77733 --- [notification-service] [           main] com.netflix.discovery.DiscoveryClient    : Initial registry fetch from backup servers failed
2026-03-19T20:38:09.085-03:00  INFO 77733 --- [notification-service] [           main] com.netflix.discovery.DiscoveryClient    : Starting heartbeat executor: renew interval is: 30
2026-03-19T20:38:09.097-03:00  INFO 77733 --- [notification-service] [           main] c.n.discovery.InstanceInfoReplicator     : InstanceInfoReplicator onDemand update allowed rate per min is 4
2026-03-19T20:38:09.115-03:00  INFO 77733 --- [notification-service] [           main] com.netflix.discovery.DiscoveryClient    : Discovery Client initialized at timestamp 1773963489114 with initial instances count: 0
2026-03-19T20:38:09.133-03:00  INFO 77733 --- [notification-service] [           main] o.s.c.n.e.s.EurekaServiceRegistry        : Registering application NOTIFICATION-SERVICE with eureka with status UP
2026-03-19T20:38:09.136-03:00  INFO 77733 --- [notification-service] [           main] com.netflix.discovery.DiscoveryClient    : Saw local status change event StatusChangeEvent [timestamp=1773963489136, current=UP, previous=STARTING]
2026-03-19T20:38:09.139-03:00  INFO 77733 --- [notification-service] [foReplicator-%d] com.netflix.discovery.DiscoveryClient    : DiscoveryClient_NOTIFICATION-SERVICE/192.168.20.102:notification-service:8083: registering service...
2026-03-19T20:38:09.196-03:00  INFO 77728 --- [payment-service] [           main] c.n.d.s.t.d.RedirectingEurekaHttpClient  : Request execution error. endpoint=DefaultEndpoint{ serviceUrl='http://localhost:8761/eureka/}, exception=I/O error on GET request for "http://localhost:8761/eureka/apps/": Connect to http://localhost:8761 [localhost/127.0.0.1] failed: Conexão recusada stacktrace=org.springframework.web.client.ResourceAccessException: I/O error on GET request for "http://localhost:8761/eureka/apps/": Connect to http://localhost:8761 [localhost/127.0.0.1] failed: Conexão recusada
	at org.springframework.web.client.RestTemplate.createResourceAccessException(RestTemplate.java:925)
	at org.springframework.web.client.RestTemplate.doExecute(RestTemplate.java:905)
	at org.springframework.web.client.RestTemplate.execute(RestTemplate.java:840)
	at org.springframework.web.client.RestTemplate.exchange(RestTemplate.java:701)
	at org.springframework.cloud.netflix.eureka.http.RestTemplateEurekaHttpClient.getApplicationsInternal(RestTemplateEurekaHttpClient.java:174)
	at org.springframework.cloud.netflix.eureka.http.RestTemplateEurekaHttpClient.getApplications(RestTemplateEurekaHttpClient.java:162)
	at com.netflix.discovery.shared.transport.decorator.EurekaHttpClientDecorator$6.execute(EurekaHttpClientDecorator.java:137)
	at com.netflix.discovery.shared.transport.decorator.RedirectingEurekaHttpClient.executeOnNewServer(RedirectingEurekaHttpClient.java:121)
	at com.netflix.discovery.shared.transport.decorator.RedirectingEurekaHttpClient.execute(RedirectingEurekaHttpClient.java:80)
	at com.netflix.discovery.shared.transport.decorator.EurekaHttpClientDecorator.getApplications(EurekaHttpClientDecorator.java:134)
	at com.netflix.discovery.shared.transport.decorator.EurekaHttpClientDecorator$6.execute(EurekaHttpClientDecorator.java:137)
	at com.netflix.discovery.shared.transport.decorator.RetryableEurekaHttpClient.execute(RetryableEurekaHttpClient.java:120)
	at com.netflix.discovery.shared.transport.decorator.EurekaHttpClientDecorator.getApplications(EurekaHttpClientDecorator.java:134)
	at com.netflix.discovery.shared.transport.decorator.EurekaHttpClientDecorator$6.execute(EurekaHttpClientDecorator.java:137)
	at com.netflix.discovery.shared.transport.decorator.SessionedEurekaHttpClient.execute(SessionedEurekaHttpClient.java:76)
	at com.netflix.discovery.shared.transport.decorator.EurekaHttpClientDecorator.getApplications(EurekaHttpClientDecorator.java:134)
	at com.netflix.discovery.DiscoveryClient.getAndStoreFullRegistry(DiscoveryClient.java:1046)
	at com.netflix.discovery.DiscoveryClient.fetchRegistry(DiscoveryClient.java:961)
	at com.netflix.discovery.DiscoveryClient.<init>(DiscoveryClient.java:410)
	at com.netflix.discovery.DiscoveryClient.<init>(DiscoveryClient.java:245)
	at com.netflix.discovery.DiscoveryClient.<init>(DiscoveryClient.java:240)
	at org.springframework.cloud.netflix.eureka.CloudEurekaClient.<init>(CloudEurekaClient.java:68)
	at org.springframework.cloud.netflix.eureka.EurekaClientAutoConfiguration$RefreshableEurekaClientConfiguration.eurekaClient(EurekaClientAutoConfiguration.java:324)
	at java.base/jdk.internal.reflect.NativeMethodAccessorImpl.invoke0(Native Method)
	at java.base/jdk.internal.reflect.NativeMethodAccessorImpl.invoke(NativeMethodAccessorImpl.java:77)
	at java.base/jdk.internal.reflect.DelegatingMethodAccessorImpl.invoke(DelegatingMethodAccessorImpl.java:43)
	at java.base/java.lang.reflect.Method.invoke(Method.java:569)
	at org.springframework.beans.factory.support.SimpleInstantiationStrategy.lambda$instantiate$0(SimpleInstantiationStrategy.java:171)
	at org.springframework.beans.factory.support.SimpleInstantiationStrategy.instantiateWithFactoryMethod(SimpleInstantiationStrategy.java:88)
	at org.springframework.beans.factory.support.SimpleInstantiationStrategy.instantiate(SimpleInstantiationStrategy.java:168)
	at org.springframework.beans.factory.support.ConstructorResolver.instantiate(ConstructorResolver.java:653)
	at org.springframework.beans.factory.support.ConstructorResolver.instantiateUsingFactoryMethod(ConstructorResolver.java:645)
	at org.springframework.beans.factory.support.AbstractAutowireCapableBeanFactory.instantiateUsingFactoryMethod(AbstractAutowireCapableBeanFactory.java:1361)
	at org.springframework.beans.factory.support.AbstractAutowireCapableBeanFactory.createBeanInstance(AbstractAutowireCapableBeanFactory.java:1191)
	at org.springframework.beans.factory.support.AbstractAutowireCapableBeanFactory.doCreateBean(AbstractAutowireCapableBeanFactory.java:563)
	at org.springframework.beans.factory.support.AbstractAutowireCapableBeanFactory.createBean(AbstractAutowireCapableBeanFactory.java:523)
	at org.springframework.beans.factory.support.AbstractBeanFactory.lambda$doGetBean$1(AbstractBeanFactory.java:378)
	at org.springframework.cloud.context.scope.GenericScope$BeanLifecycleWrapper.getBean(GenericScope.java:375)
	at org.springframework.cloud.context.scope.GenericScope.get(GenericScope.java:179)
	at org.springframework.beans.factory.support.AbstractBeanFactory.doGetBean(AbstractBeanFactory.java:375)
	at org.springframework.beans.factory.support.AbstractBeanFactory.getBean(AbstractBeanFactory.java:202)
	at org.springframework.aop.target.SimpleBeanTargetSource.getTarget(SimpleBeanTargetSource.java:35)
	at org.springframework.cloud.netflix.eureka.serviceregistry.EurekaRegistration.getTargetObject(EurekaRegistration.java:128)
	at org.springframework.cloud.netflix.eureka.serviceregistry.EurekaRegistration.getEurekaClient(EurekaRegistration.java:116)
	at java.base/jdk.internal.reflect.NativeMethodAccessorImpl.invoke0(Native Method)
	at java.base/jdk.internal.reflect.NativeMethodAccessorImpl.invoke(NativeMethodAccessorImpl.java:77)
	at java.base/jdk.internal.reflect.DelegatingMethodAccessorImpl.invoke(DelegatingMethodAccessorImpl.java:43)
	at java.base/java.lang.reflect.Method.invoke(Method.java:569)
	at org.springframework.util.ReflectionUtils.invokeMethod(ReflectionUtils.java:281)
	at org.springframework.cloud.context.scope.GenericScope$LockedScopedProxyFactoryBean.invoke(GenericScope.java:482)
	at org.springframework.aop.framework.ReflectiveMethodInvocation.proceed(ReflectiveMethodInvocation.java:184)
	at org.springframework.aop.framework.CglibAopProxy$DynamicAdvisedInterceptor.intercept(CglibAopProxy.java:727)
	at org.springframework.cloud.netflix.eureka.serviceregistry.EurekaRegistration$$SpringCGLIB$$0.getEurekaClient(<generated>)
	at org.springframework.cloud.netflix.eureka.serviceregistry.EurekaServiceRegistry.maybeInitializeClient(EurekaServiceRegistry.java:83)
	at org.springframework.cloud.netflix.eureka.serviceregistry.EurekaServiceRegistry.register(EurekaServiceRegistry.java:66)
	at org.springframework.cloud.netflix.eureka.serviceregistry.EurekaAutoServiceRegistration.start(EurekaAutoServiceRegistration.java:89)
	at org.springframework.context.support.DefaultLifecycleProcessor.doStart(DefaultLifecycleProcessor.java:323)
	at org.springframework.context.support.DefaultLifecycleProcessor$LifecycleGroup.start(DefaultLifecycleProcessor.java:510)
	at java.base/java.lang.Iterable.forEach(Iterable.java:75)
	at org.springframework.context.support.DefaultLifecycleProcessor.startBeans(DefaultLifecycleProcessor.java:295)
	at org.springframework.context.support.DefaultLifecycleProcessor.onRefresh(DefaultLifecycleProcessor.java:240)
	at org.springframework.context.support.AbstractApplicationContext.finishRefresh(AbstractApplicationContext.java:1006)
	at org.springframework.context.support.AbstractApplicationContext.refresh(AbstractApplicationContext.java:630)
	at org.springframework.boot.SpringApplication.refresh(SpringApplication.java:752)
	at org.springframework.boot.SpringApplication.refreshContext(SpringApplication.java:439)
	at org.springframework.boot.SpringApplication.run(SpringApplication.java:318)
	at org.springframework.boot.test.context.SpringBootContextLoader.lambda$loadContext$3(SpringBootContextLoader.java:137)
	at org.springframework.util.function.ThrowingSupplier.get(ThrowingSupplier.java:58)
	at org.springframework.util.function.ThrowingSupplier.get(ThrowingSupplier.java:46)
	at org.springframework.boot.SpringApplication.withHook(SpringApplication.java:1461)
	at org.springframework.boot.test.context.SpringBootContextLoader$ContextLoaderHook.run(SpringBootContextLoader.java:553)
	at org.springframework.boot.test.context.SpringBootContextLoader.loadContext(SpringBootContextLoader.java:137)
	at org.springframework.boot.test.context.SpringBootContextLoader.loadContext(SpringBootContextLoader.java:108)
	at org.springframework.test.context.cache.DefaultCacheAwareContextLoaderDelegate.loadContextInternal(DefaultCacheAwareContextLoaderDelegate.java:225)
	at org.springframework.test.context.cache.DefaultCacheAwareContextLoaderDelegate.loadContext(DefaultCacheAwareContextLoaderDelegate.java:152)
	at org.springframework.test.context.support.DefaultTestContext.getApplicationContext(DefaultTestContext.java:130)
	at org.springframework.test.context.web.ServletTestExecutionListener.setUpRequestContextIfNecessary(ServletTestExecutionListener.java:200)
	at org.springframework.test.context.web.ServletTestExecutionListener.prepareTestInstance(ServletTestExecutionListener.java:139)
	at org.springframework.test.context.TestContextManager.prepareTestInstance(TestContextManager.java:260)
	at org.springframework.test.context.junit.jupiter.SpringExtension.postProcessTestInstance(SpringExtension.java:160)
	at org.junit.jupiter.engine.descriptor.ClassBasedTestDescriptor.lambda$invokeTestInstancePostProcessors$11(ClassBasedTestDescriptor.java:378)
	at org.junit.jupiter.engine.descriptor.ClassBasedTestDescriptor.executeAndMaskThrowable(ClassBasedTestDescriptor.java:383)
	at org.junit.jupiter.engine.descriptor.ClassBasedTestDescriptor.lambda$invokeTestInstancePostProcessors$12(ClassBasedTestDescriptor.java:378)
	at java.base/java.util.stream.ForEachOps$ForEachOp$OfRef.accept(ForEachOps.java:183)
	at java.base/java.util.stream.ReferencePipeline$3$1.accept(ReferencePipeline.java:197)
	at java.base/java.util.stream.ReferencePipeline$2$1.accept(ReferencePipeline.java:179)
	at java.base/java.util.stream.ReferencePipeline$3$1.accept(ReferencePipeline.java:197)
	at java.base/java.util.ArrayList$ArrayListSpliterator.forEachRemaining(ArrayList.java:1625)
	at java.base/java.util.stream.AbstractPipeline.copyInto(AbstractPipeline.java:509)
	at java.base/java.util.stream.AbstractPipeline.wrapAndCopyInto(AbstractPipeline.java:499)
	at java.base/java.util.stream.ForEachOps$ForEachOp.evaluateSequential(ForEachOps.java:150)
	at java.base/java.util.stream.ForEachOps$ForEachOp$OfRef.evaluateSequential(ForEachOps.java:173)
	at java.base/java.util.stream.AbstractPipeline.evaluate(AbstractPipeline.java:234)
	at java.base/java.util.stream.ReferencePipeline.forEach(ReferencePipeline.java:596)
	at org.junit.jupiter.engine.descriptor.ClassBasedTestDescriptor.invokeTestInstancePostProcessors(ClassBasedTestDescriptor.java:377)
	at org.junit.jupiter.engine.descriptor.ClassBasedTestDescriptor.lambda$instantiateAndPostProcessTestInstance$7(ClassBasedTestDescriptor.java:290)
	at org.junit.platform.engine.support.hierarchical.ThrowableCollector.execute(ThrowableCollector.java:73)
	at org.junit.jupiter.engine.descriptor.ClassBasedTestDescriptor.instantiateAndPostProcessTestInstance(ClassBasedTestDescriptor.java:289)
	at org.junit.jupiter.engine.descriptor.ClassBasedTestDescriptor.lambda$testInstancesProvider$5(ClassBasedTestDescriptor.java:279)
	at java.base/java.util.Optional.orElseGet(Optional.java:364)
	at org.junit.jupiter.engine.descriptor.ClassBasedTestDescriptor.lambda$testInstancesProvider$6(ClassBasedTestDescriptor.java:278)
	at org.junit.jupiter.engine.execution.TestInstancesProvider.getTestInstances(TestInstancesProvider.java:31)
	at org.junit.jupiter.engine.descriptor.TestMethodTestDescriptor.lambda$prepare$1(TestMethodTestDescriptor.java:105)
	at org.junit.platform.engine.support.hierarchical.ThrowableCollector.execute(ThrowableCollector.java:73)
	at org.junit.jupiter.engine.descriptor.TestMethodTestDescriptor.prepare(TestMethodTestDescriptor.java:104)
	at org.junit.jupiter.engine.descriptor.TestMethodTestDescriptor.prepare(TestMethodTestDescriptor.java:68)
	at org.junit.platform.engine.support.hierarchical.NodeTestTask.lambda$prepare$2(NodeTestTask.java:128)
	at org.junit.platform.engine.support.hierarchical.ThrowableCollector.execute(ThrowableCollector.java:73)
	at org.junit.platform.engine.support.hierarchical.NodeTestTask.prepare(NodeTestTask.java:128)
	at org.junit.platform.engine.support.hierarchical.NodeTestTask.execute(NodeTestTask.java:95)
	at java.base/java.util.ArrayList.forEach(ArrayList.java:1511)
	at org.junit.platform.engine.support.hierarchical.SameThreadHierarchicalTestExecutorService.invokeAll(SameThreadHierarchicalTestExecutorService.java:41)
	at org.junit.platform.engine.support.hierarchical.NodeTestTask.lambda$executeRecursively$6(NodeTestTask.java:160)
	at org.junit.platform.engine.support.hierarchical.ThrowableCollector.execute(ThrowableCollector.java:73)
	at org.junit.platform.engine.support.hierarchical.NodeTestTask.lambda$executeRecursively$8(NodeTestTask.java:146)
	at org.junit.platform.engine.support.hierarchical.Node.around(Node.java:137)
	at org.junit.platform.engine.support.hierarchical.NodeTestTask.lambda$executeRecursively$9(NodeTestTask.java:144)
	at org.junit.platform.engine.support.hierarchical.ThrowableCollector.execute(ThrowableCollector.java:73)
	at org.junit.platform.engine.support.hierarchical.NodeTestTask.executeRecursively(NodeTestTask.java:143)
	at org.junit.platform.engine.support.hierarchical.NodeTestTask.execute(NodeTestTask.java:100)
	at java.base/java.util.ArrayList.forEach(ArrayList.java:1511)
	at org.junit.platform.engine.support.hierarchical.SameThreadHierarchicalTestExecutorService.invokeAll(SameThreadHierarchicalTestExecutorService.java:41)
	at org.junit.platform.engine.support.hierarchical.NodeTestTask.lambda$executeRecursively$6(NodeTestTask.java:160)
	at org.junit.platform.engine.support.hierarchical.ThrowableCollector.execute(ThrowableCollector.java:73)
	at org.junit.platform.engine.support.hierarchical.NodeTestTask.lambda$executeRecursively$8(NodeTestTask.java:146)
	at org.junit.platform.engine.support.hierarchical.Node.around(Node.java:137)
	at org.junit.platform.engine.support.hierarchical.NodeTestTask.lambda$executeRecursively$9(NodeTestTask.java:144)
	at org.junit.platform.engine.support.hierarchical.ThrowableCollector.execute(ThrowableCollector.java:73)
	at org.junit.platform.engine.support.hierarchical.NodeTestTask.executeRecursively(NodeTestTask.java:143)
	at org.junit.platform.engine.support.hierarchical.NodeTestTask.execute(NodeTestTask.java:100)
	at org.junit.platform.engine.support.hierarchical.SameThreadHierarchicalTestExecutorService.submit(SameThreadHierarchicalTestExecutorService.java:35)
	at org.junit.platform.engine.support.hierarchical.HierarchicalTestExecutor.execute(HierarchicalTestExecutor.java:57)
	at org.junit.platform.engine.support.hierarchical.HierarchicalTestEngine.execute(HierarchicalTestEngine.java:54)
	at org.junit.platform.launcher.core.EngineExecutionOrchestrator.execute(EngineExecutionOrchestrator.java:198)
	at org.junit.platform.launcher.core.EngineExecutionOrchestrator.execute(EngineExecutionOrchestrator.java:169)
	at org.junit.platform.launcher.core.EngineExecutionOrchestrator.execute(EngineExecutionOrchestrator.java:93)
	at org.junit.platform.launcher.core.EngineExecutionOrchestrator.lambda$execute$0(EngineExecutionOrchestrator.java:58)
	at org.junit.platform.launcher.core.EngineExecutionOrchestrator.withInterceptedStreams(EngineExecutionOrchestrator.java:141)
	at org.junit.platform.launcher.core.EngineExecutionOrchestrator.execute(EngineExecutionOrchestrator.java:57)
	at org.junit.platform.launcher.core.DefaultLauncher.execute(DefaultLauncher.java:103)
	at org.junit.platform.launcher.core.DefaultLauncher.execute(DefaultLauncher.java:85)
	at org.junit.platform.launcher.core.DelegatingLauncher.execute(DelegatingLauncher.java:47)
	at org.apache.maven.surefire.junitplatform.LazyLauncher.execute(LazyLauncher.java:56)
	at org.apache.maven.surefire.junitplatform.JUnitPlatformProvider.execute(JUnitPlatformProvider.java:184)
	at org.apache.maven.surefire.junitplatform.JUnitPlatformProvider.invokeAllTests(JUnitPlatformProvider.java:148)
	at org.apache.maven.surefire.junitplatform.JUnitPlatformProvider.invoke(JUnitPlatformProvider.java:122)
	at org.apache.maven.surefire.booter.ForkedBooter.runSuitesInProcess(ForkedBooter.java:385)
	at org.apache.maven.surefire.booter.ForkedBooter.execute(ForkedBooter.java:162)
	at org.apache.maven.surefire.booter.ForkedBooter.run(ForkedBooter.java:507)
	at org.apache.maven.surefire.booter.ForkedBooter.main(ForkedBooter.java:495)
Caused by: org.apache.hc.client5.http.HttpHostConnectException: Connect to http://localhost:8761 [localhost/127.0.0.1] failed: Conexão recusada
	at java.base/sun.nio.ch.Net.pollConnect(Native Method)
	at java.base/sun.nio.ch.Net.pollConnectNow(Net.java:672)
	at java.base/sun.nio.ch.NioSocketImpl.timedFinishConnect(NioSocketImpl.java:547)
	at java.base/sun.nio.ch.NioSocketImpl.connect(NioSocketImpl.java:602)
	at java.base/java.net.SocksSocketImpl.connect(SocksSocketImpl.java:327)
	at java.base/java.net.Socket.connect(Socket.java:639)
	at org.apache.hc.client5.http.impl.io.DefaultHttpClientConnectionOperator.connect(DefaultHttpClientConnectionOperator.java:216)
	at org.apache.hc.client5.http.impl.io.PoolingHttpClientConnectionManager.connect(PoolingHttpClientConnectionManager.java:490)
	at org.apache.hc.client5.http.impl.classic.InternalExecRuntime.connectEndpoint(InternalExecRuntime.java:164)
	at org.apache.hc.client5.http.impl.classic.InternalExecRuntime.connectEndpoint(InternalExecRuntime.java:174)
	at org.apache.hc.client5.http.impl.classic.ConnectExec.execute(ConnectExec.java:144)
	at org.apache.hc.client5.http.impl.classic.ExecChainElement.execute(ExecChainElement.java:51)
	at org.apache.hc.client5.http.impl.classic.ProtocolExec.execute(ProtocolExec.java:192)
	at org.apache.hc.client5.http.impl.classic.ExecChainElement.execute(ExecChainElement.java:51)
	at org.apache.hc.client5.http.impl.classic.ContentCompressionExec.execute(ContentCompressionExec.java:150)
	at org.apache.hc.client5.http.impl.classic.ExecChainElement.execute(ExecChainElement.java:51)
	at org.apache.hc.client5.http.impl.classic.HttpRequestRetryExec.execute(HttpRequestRetryExec.java:113)
	at org.apache.hc.client5.http.impl.classic.ExecChainElement.execute(ExecChainElement.java:51)
	at org.apache.hc.client5.http.impl.classic.RedirectExec.execute(RedirectExec.java:110)
	at org.apache.hc.client5.http.impl.classic.ExecChainElement.execute(ExecChainElement.java:51)
	at org.apache.hc.client5.http.impl.classic.InternalHttpClient.doExecute(InternalHttpClient.java:174)
	at org.apache.hc.client5.http.impl.classic.CloseableHttpClient.execute(CloseableHttpClient.java:87)
	at org.apache.hc.client5.http.impl.classic.CloseableHttpClient.execute(CloseableHttpClient.java:55)
	at org.apache.hc.client5.http.classic.HttpClient.executeOpen(HttpClient.java:183)
	at org.springframework.http.client.HttpComponentsClientHttpRequest.executeInternal(HttpComponentsClientHttpRequest.java:99)
	at org.springframework.http.client.AbstractStreamingClientHttpRequest.executeInternal(AbstractStreamingClientHttpRequest.java:71)
	at org.springframework.http.client.AbstractClientHttpRequest.execute(AbstractClientHttpRequest.java:81)
	at org.springframework.http.client.InterceptingClientHttpRequest$InterceptingRequestExecution.execute(InterceptingClientHttpRequest.java:117)
	at org.springframework.cloud.netflix.eureka.http.RestTemplateTransportClientFactory.lambda$restTemplate$2(RestTemplateTransportClientFactory.java:145)
	at org.springframework.http.client.InterceptingClientHttpRequest$InterceptingRequestExecution.execute(InterceptingClientHttpRequest.java:88)
	at org.springframework.http.client.InterceptingClientHttpRequest.executeInternal(InterceptingClientHttpRequest.java:72)
	at org.springframework.http.client.AbstractBufferingClientHttpRequest.executeInternal(AbstractBufferingClientHttpRequest.java:48)
	at org.springframework.http.client.AbstractClientHttpRequest.execute(AbstractClientHttpRequest.java:81)
	at org.springframework.web.client.RestTemplate.doExecute(RestTemplate.java:899)
	... 148 more

2026-03-19T20:38:09.212-03:00  WARN 77728 --- [payment-service] [           main] c.n.d.s.t.d.RetryableEurekaHttpClient    : Request execution failed with message: I/O error on GET request for "http://localhost:8761/eureka/apps/": Connect to http://localhost:8761 [localhost/127.0.0.1] failed: Conexão recusada
2026-03-19T20:38:09.213-03:00  INFO 77731 --- [eureka-server] [           main] c.n.d.provider.DiscoveryJerseyProvider   : Using JSON encoding codec LegacyJacksonJson
2026-03-19T20:38:09.213-03:00  INFO 77731 --- [eureka-server] [           main] c.n.d.provider.DiscoveryJerseyProvider   : Using JSON decoding codec LegacyJacksonJson
2026-03-19T20:38:09.214-03:00  INFO 77731 --- [eureka-server] [           main] c.n.d.provider.DiscoveryJerseyProvider   : Using XML encoding codec XStreamXml
2026-03-19T20:38:09.214-03:00  INFO 77731 --- [eureka-server] [           main] c.n.d.provider.DiscoveryJerseyProvider   : Using XML decoding codec XStreamXml
2026-03-19T20:38:09.215-03:00  WARN 77732 --- [api-gateway] [           main] iguration$LoadBalancerCaffeineWarnLogger : Spring Cloud LoadBalancer is currently working with the default cache. While this cache implementation is useful for development and tests, it's recommended to use Caffeine cache in production.You can switch to using Caffeine cache, by adding it and org.springframework.cache.caffeine.CaffeineCacheManager to the classpath.
2026-03-19T20:38:09.230-03:00  INFO 77728 --- [payment-service] [           main] com.netflix.discovery.DiscoveryClient    : DiscoveryClient_PAYMENT-SERVICE/192.168.20.102:payment-service:8085 - was unable to refresh its cache! This periodic background refresh will be retried in 30 seconds. status = Cannot execute request on any known server stacktrace = com.netflix.discovery.shared.transport.TransportException: Cannot execute request on any known server
	at com.netflix.discovery.shared.transport.decorator.RetryableEurekaHttpClient.execute(RetryableEurekaHttpClient.java:112)
	at com.netflix.discovery.shared.transport.decorator.EurekaHttpClientDecorator.getApplications(EurekaHttpClientDecorator.java:134)
	at com.netflix.discovery.shared.transport.decorator.EurekaHttpClientDecorator$6.execute(EurekaHttpClientDecorator.java:137)
	at com.netflix.discovery.shared.transport.decorator.SessionedEurekaHttpClient.execute(SessionedEurekaHttpClient.java:76)
	at com.netflix.discovery.shared.transport.decorator.EurekaHttpClientDecorator.getApplications(EurekaHttpClientDecorator.java:134)
	at com.netflix.discovery.DiscoveryClient.getAndStoreFullRegistry(DiscoveryClient.java:1046)
	at com.netflix.discovery.DiscoveryClient.fetchRegistry(DiscoveryClient.java:961)
	at com.netflix.discovery.DiscoveryClient.<init>(DiscoveryClient.java:410)
	at com.netflix.discovery.DiscoveryClient.<init>(DiscoveryClient.java:245)
	at com.netflix.discovery.DiscoveryClient.<init>(DiscoveryClient.java:240)
	at org.springframework.cloud.netflix.eureka.CloudEurekaClient.<init>(CloudEurekaClient.java:68)
	at org.springframework.cloud.netflix.eureka.EurekaClientAutoConfiguration$RefreshableEurekaClientConfiguration.eurekaClient(EurekaClientAutoConfiguration.java:324)
	at java.base/jdk.internal.reflect.NativeMethodAccessorImpl.invoke0(Native Method)
	at java.base/jdk.internal.reflect.NativeMethodAccessorImpl.invoke(NativeMethodAccessorImpl.java:77)
	at java.base/jdk.internal.reflect.DelegatingMethodAccessorImpl.invoke(DelegatingMethodAccessorImpl.java:43)
	at java.base/java.lang.reflect.Method.invoke(Method.java:569)
	at org.springframework.beans.factory.support.SimpleInstantiationStrategy.lambda$instantiate$0(SimpleInstantiationStrategy.java:171)
	at org.springframework.beans.factory.support.SimpleInstantiationStrategy.instantiateWithFactoryMethod(SimpleInstantiationStrategy.java:88)
	at org.springframework.beans.factory.support.SimpleInstantiationStrategy.instantiate(SimpleInstantiationStrategy.java:168)
	at org.springframework.beans.factory.support.ConstructorResolver.instantiate(ConstructorResolver.java:653)
	at org.springframework.beans.factory.support.ConstructorResolver.instantiateUsingFactoryMethod(ConstructorResolver.java:645)
	at org.springframework.beans.factory.support.AbstractAutowireCapableBeanFactory.instantiateUsingFactoryMethod(AbstractAutowireCapableBeanFactory.java:1361)
	at org.springframework.beans.factory.support.AbstractAutowireCapableBeanFactory.createBeanInstance(AbstractAutowireCapableBeanFactory.java:1191)
	at org.springframework.beans.factory.support.AbstractAutowireCapableBeanFactory.doCreateBean(AbstractAutowireCapableBeanFactory.java:563)
	at org.springframework.beans.factory.support.AbstractAutowireCapableBeanFactory.createBean(AbstractAutowireCapableBeanFactory.java:523)
	at org.springframework.beans.factory.support.AbstractBeanFactory.lambda$doGetBean$1(AbstractBeanFactory.java:378)
	at org.springframework.cloud.context.scope.GenericScope$BeanLifecycleWrapper.getBean(GenericScope.java:375)
	at org.springframework.cloud.context.scope.GenericScope.get(GenericScope.java:179)
	at org.springframework.beans.factory.support.AbstractBeanFactory.doGetBean(AbstractBeanFactory.java:375)
	at org.springframework.beans.factory.support.AbstractBeanFactory.getBean(AbstractBeanFactory.java:202)
	at org.springframework.aop.target.SimpleBeanTargetSource.getTarget(SimpleBeanTargetSource.java:35)
	at org.springframework.cloud.netflix.eureka.serviceregistry.EurekaRegistration.getTargetObject(EurekaRegistration.java:128)
	at org.springframework.cloud.netflix.eureka.serviceregistry.EurekaRegistration.getEurekaClient(EurekaRegistration.java:116)
	at java.base/jdk.internal.reflect.NativeMethodAccessorImpl.invoke0(Native Method)
	at java.base/jdk.internal.reflect.NativeMethodAccessorImpl.invoke(NativeMethodAccessorImpl.java:77)
	at java.base/jdk.internal.reflect.DelegatingMethodAccessorImpl.invoke(DelegatingMethodAccessorImpl.java:43)
	at java.base/java.lang.reflect.Method.invoke(Method.java:569)
	at org.springframework.util.ReflectionUtils.invokeMethod(ReflectionUtils.java:281)
	at org.springframework.cloud.context.scope.GenericScope$LockedScopedProxyFactoryBean.invoke(GenericScope.java:482)
	at org.springframework.aop.framework.ReflectiveMethodInvocation.proceed(ReflectiveMethodInvocation.java:184)
	at org.springframework.aop.framework.CglibAopProxy$DynamicAdvisedInterceptor.intercept(CglibAopProxy.java:727)
	at org.springframework.cloud.netflix.eureka.serviceregistry.EurekaRegistration$$SpringCGLIB$$0.getEurekaClient(<generated>)
	at org.springframework.cloud.netflix.eureka.serviceregistry.EurekaServiceRegistry.maybeInitializeClient(EurekaServiceRegistry.java:83)
	at org.springframework.cloud.netflix.eureka.serviceregistry.EurekaServiceRegistry.register(EurekaServiceRegistry.java:66)
	at org.springframework.cloud.netflix.eureka.serviceregistry.EurekaAutoServiceRegistration.start(EurekaAutoServiceRegistration.java:89)
	at org.springframework.context.support.DefaultLifecycleProcessor.doStart(DefaultLifecycleProcessor.java:323)
	at org.springframework.context.support.DefaultLifecycleProcessor$LifecycleGroup.start(DefaultLifecycleProcessor.java:510)
	at java.base/java.lang.Iterable.forEach(Iterable.java:75)
	at org.springframework.context.support.DefaultLifecycleProcessor.startBeans(DefaultLifecycleProcessor.java:295)
	at org.springframework.context.support.DefaultLifecycleProcessor.onRefresh(DefaultLifecycleProcessor.java:240)
	at org.springframework.context.support.AbstractApplicationContext.finishRefresh(AbstractApplicationContext.java:1006)
	at org.springframework.context.support.AbstractApplicationContext.refresh(AbstractApplicationContext.java:630)
	at org.springframework.boot.SpringApplication.refresh(SpringApplication.java:752)
	at org.springframework.boot.SpringApplication.refreshContext(SpringApplication.java:439)
	at org.springframework.boot.SpringApplication.run(SpringApplication.java:318)
	at org.springframework.boot.test.context.SpringBootContextLoader.lambda$loadContext$3(SpringBootContextLoader.java:137)
	at org.springframework.util.function.ThrowingSupplier.get(ThrowingSupplier.java:58)
	at org.springframework.util.function.ThrowingSupplier.get(ThrowingSupplier.java:46)
	at org.springframework.boot.SpringApplication.withHook(SpringApplication.java:1461)
	at org.springframework.boot.test.context.SpringBootContextLoader$ContextLoaderHook.run(SpringBootContextLoader.java:553)
	at org.springframework.boot.test.context.SpringBootContextLoader.loadContext(SpringBootContextLoader.java:137)
	at org.springframework.boot.test.context.SpringBootContextLoader.loadContext(SpringBootContextLoader.java:108)
	at org.springframework.test.context.cache.DefaultCacheAwareContextLoaderDelegate.loadContextInternal(DefaultCacheAwareContextLoaderDelegate.java:225)
	at org.springframework.test.context.cache.DefaultCacheAwareContextLoaderDelegate.loadContext(DefaultCacheAwareContextLoaderDelegate.java:152)
	at org.springframework.test.context.support.DefaultTestContext.getApplicationContext(DefaultTestContext.java:130)
	at org.springframework.test.context.web.ServletTestExecutionListener.setUpRequestContextIfNecessary(ServletTestExecutionListener.java:200)
	at org.springframework.test.context.web.ServletTestExecutionListener.prepareTestInstance(ServletTestExecutionListener.java:139)
	at org.springframework.test.context.TestContextManager.prepareTestInstance(TestContextManager.java:260)
	at org.springframework.test.context.junit.jupiter.SpringExtension.postProcessTestInstance(SpringExtension.java:160)
	at org.junit.jupiter.engine.descriptor.ClassBasedTestDescriptor.lambda$invokeTestInstancePostProcessors$11(ClassBasedTestDescriptor.java:378)
	at org.junit.jupiter.engine.descriptor.ClassBasedTestDescriptor.executeAndMaskThrowable(ClassBasedTestDescriptor.java:383)
	at org.junit.jupiter.engine.descriptor.ClassBasedTestDescriptor.lambda$invokeTestInstancePostProcessors$12(ClassBasedTestDescriptor.java:378)
	at java.base/java.util.stream.ForEachOps$ForEachOp$OfRef.accept(ForEachOps.java:183)
	at java.base/java.util.stream.ReferencePipeline$3$1.accept(ReferencePipeline.java:197)
	at java.base/java.util.stream.ReferencePipeline$2$1.accept(ReferencePipeline.java:179)
	at java.base/java.util.stream.ReferencePipeline$3$1.accept(ReferencePipeline.java:197)
	at java.base/java.util.ArrayList$ArrayListSpliterator.forEachRemaining(ArrayList.java:1625)
	at java.base/java.util.stream.AbstractPipeline.copyInto(AbstractPipeline.java:509)
	at java.base/java.util.stream.AbstractPipeline.wrapAndCopyInto(AbstractPipeline.java:499)
	at java.base/java.util.stream.ForEachOps$ForEachOp.evaluateSequential(ForEachOps.java:150)
	at java.base/java.util.stream.ForEachOps$ForEachOp$OfRef.evaluateSequential(ForEachOps.java:173)
	at java.base/java.util.stream.AbstractPipeline.evaluate(AbstractPipeline.java:234)
	at java.base/java.util.stream.ReferencePipeline.forEach(ReferencePipeline.java:596)
	at org.junit.jupiter.engine.descriptor.ClassBasedTestDescriptor.invokeTestInstancePostProcessors(ClassBasedTestDescriptor.java:377)
	at org.junit.jupiter.engine.descriptor.ClassBasedTestDescriptor.lambda$instantiateAndPostProcessTestInstance$7(ClassBasedTestDescriptor.java:290)
	at org.junit.platform.engine.support.hierarchical.ThrowableCollector.execute(ThrowableCollector.java:73)
	at org.junit.jupiter.engine.descriptor.ClassBasedTestDescriptor.instantiateAndPostProcessTestInstance(ClassBasedTestDescriptor.java:289)
	at org.junit.jupiter.engine.descriptor.ClassBasedTestDescriptor.lambda$testInstancesProvider$5(ClassBasedTestDescriptor.java:279)
	at java.base/java.util.Optional.orElseGet(Optional.java:364)
	at org.junit.jupiter.engine.descriptor.ClassBasedTestDescriptor.lambda$testInstancesProvider$6(ClassBasedTestDescriptor.java:278)
	at org.junit.jupiter.engine.execution.TestInstancesProvider.getTestInstances(TestInstancesProvider.java:31)
	at org.junit.jupiter.engine.descriptor.TestMethodTestDescriptor.lambda$prepare$1(TestMethodTestDescriptor.java:105)
	at org.junit.platform.engine.support.hierarchical.ThrowableCollector.execute(ThrowableCollector.java:73)
	at org.junit.jupiter.engine.descriptor.TestMethodTestDescriptor.prepare(TestMethodTestDescriptor.java:104)
	at org.junit.jupiter.engine.descriptor.TestMethodTestDescriptor.prepare(TestMethodTestDescriptor.java:68)
	at org.junit.platform.engine.support.hierarchical.NodeTestTask.lambda$prepare$2(NodeTestTask.java:128)
	at org.junit.platform.engine.support.hierarchical.ThrowableCollector.execute(ThrowableCollector.java:73)
	at org.junit.platform.engine.support.hierarchical.NodeTestTask.prepare(NodeTestTask.java:128)
	at org.junit.platform.engine.support.hierarchical.NodeTestTask.execute(NodeTestTask.java:95)
	at java.base/java.util.ArrayList.forEach(ArrayList.java:1511)
	at org.junit.platform.engine.support.hierarchical.SameThreadHierarchicalTestExecutorService.invokeAll(SameThreadHierarchicalTestExecutorService.java:41)
	at org.junit.platform.engine.support.hierarchical.NodeTestTask.lambda$executeRecursively$6(NodeTestTask.java:160)
	at org.junit.platform.engine.support.hierarchical.ThrowableCollector.execute(ThrowableCollector.java:73)
	at org.junit.platform.engine.support.hierarchical.NodeTestTask.lambda$executeRecursively$8(NodeTestTask.java:146)
	at org.junit.platform.engine.support.hierarchical.Node.around(Node.java:137)
	at org.junit.platform.engine.support.hierarchical.NodeTestTask.lambda$executeRecursively$9(NodeTestTask.java:144)
	at org.junit.platform.engine.support.hierarchical.ThrowableCollector.execute(ThrowableCollector.java:73)
	at org.junit.platform.engine.support.hierarchical.NodeTestTask.executeRecursively(NodeTestTask.java:143)
	at org.junit.platform.engine.support.hierarchical.NodeTestTask.execute(NodeTestTask.java:100)
	at java.base/java.util.ArrayList.forEach(ArrayList.java:1511)
	at org.junit.platform.engine.support.hierarchical.SameThreadHierarchicalTestExecutorService.invokeAll(SameThreadHierarchicalTestExecutorService.java:41)
	at org.junit.platform.engine.support.hierarchical.NodeTestTask.lambda$executeRecursively$6(NodeTestTask.java:160)
	at org.junit.platform.engine.support.hierarchical.ThrowableCollector.execute(ThrowableCollector.java:73)
	at org.junit.platform.engine.support.hierarchical.NodeTestTask.lambda$executeRecursively$8(NodeTestTask.java:146)
	at org.junit.platform.engine.support.hierarchical.Node.around(Node.java:137)
	at org.junit.platform.engine.support.hierarchical.NodeTestTask.lambda$executeRecursively$9(NodeTestTask.java:144)
	at org.junit.platform.engine.support.hierarchical.ThrowableCollector.execute(ThrowableCollector.java:73)
	at org.junit.platform.engine.support.hierarchical.NodeTestTask.executeRecursively(NodeTestTask.java:143)
	at org.junit.platform.engine.support.hierarchical.NodeTestTask.execute(NodeTestTask.java:100)
	at org.junit.platform.engine.support.hierarchical.SameThreadHierarchicalTestExecutorService.submit(SameThreadHierarchicalTestExecutorService.java:35)
	at org.junit.platform.engine.support.hierarchical.HierarchicalTestExecutor.execute(HierarchicalTestExecutor.java:57)
	at org.junit.platform.engine.support.hierarchical.HierarchicalTestEngine.execute(HierarchicalTestEngine.java:54)
	at org.junit.platform.launcher.core.EngineExecutionOrchestrator.execute(EngineExecutionOrchestrator.java:198)
	at org.junit.platform.launcher.core.EngineExecutionOrchestrator.execute(EngineExecutionOrchestrator.java:169)
	at org.junit.platform.launcher.core.EngineExecutionOrchestrator.execute(EngineExecutionOrchestrator.java:93)
	at org.junit.platform.launcher.core.EngineExecutionOrchestrator.lambda$execute$0(EngineExecutionOrchestrator.java:58)
	at org.junit.platform.launcher.core.EngineExecutionOrchestrator.withInterceptedStreams(EngineExecutionOrchestrator.java:141)
	at org.junit.platform.launcher.core.EngineExecutionOrchestrator.execute(EngineExecutionOrchestrator.java:57)
	at org.junit.platform.launcher.core.DefaultLauncher.execute(DefaultLauncher.java:103)
	at org.junit.platform.launcher.core.DefaultLauncher.execute(DefaultLauncher.java:85)
	at org.junit.platform.launcher.core.DelegatingLauncher.execute(DelegatingLauncher.java:47)
	at org.apache.maven.surefire.junitplatform.LazyLauncher.execute(LazyLauncher.java:56)
	at org.apache.maven.surefire.junitplatform.JUnitPlatformProvider.execute(JUnitPlatformProvider.java:184)
	at org.apache.maven.surefire.junitplatform.JUnitPlatformProvider.invokeAllTests(JUnitPlatformProvider.java:148)
	at org.apache.maven.surefire.junitplatform.JUnitPlatformProvider.invoke(JUnitPlatformProvider.java:122)
	at org.apache.maven.surefire.booter.ForkedBooter.runSuitesInProcess(ForkedBooter.java:385)
	at org.apache.maven.surefire.booter.ForkedBooter.execute(ForkedBooter.java:162)
	at org.apache.maven.surefire.booter.ForkedBooter.run(ForkedBooter.java:507)
	at org.apache.maven.surefire.booter.ForkedBooter.main(ForkedBooter.java:495)

2026-03-19T20:38:09.233-03:00  INFO 77728 --- [payment-service] [           main] com.netflix.discovery.DiscoveryClient    : Initial registry fetch from primary servers failed
2026-03-19T20:38:09.233-03:00  WARN 77728 --- [payment-service] [           main] com.netflix.discovery.DiscoveryClient    : Using default backup registry implementation which does not do anything.
2026-03-19T20:38:09.234-03:00  INFO 77728 --- [payment-service] [           main] com.netflix.discovery.DiscoveryClient    : Initial registry fetch from backup servers failed
2026-03-19T20:38:09.258-03:00  INFO 77728 --- [payment-service] [           main] com.netflix.discovery.DiscoveryClient    : Starting heartbeat executor: renew interval is: 30
2026-03-19T20:38:09.274-03:00  INFO 77728 --- [payment-service] [           main] c.n.discovery.InstanceInfoReplicator     : InstanceInfoReplicator onDemand update allowed rate per min is 4
2026-03-19T20:38:09.285-03:00  INFO 77728 --- [payment-service] [           main] com.netflix.discovery.DiscoveryClient    : Discovery Client initialized at timestamp 1773963489284 with initial instances count: 0
2026-03-19T20:38:09.313-03:00  INFO 77728 --- [payment-service] [           main] o.s.c.n.e.s.EurekaServiceRegistry        : Registering application PAYMENT-SERVICE with eureka with status UP
2026-03-19T20:38:09.315-03:00  INFO 77728 --- [payment-service] [           main] com.netflix.discovery.DiscoveryClient    : Saw local status change event StatusChangeEvent [timestamp=1773963489315, current=UP, previous=STARTING]
2026-03-19T20:38:09.282-03:00  INFO 77733 --- [notification-service] [           main] o.a.k.clients.consumer.ConsumerConfig    : ConsumerConfig values: 
	allow.auto.create.topics = true
	auto.commit.interval.ms = 5000
	auto.include.jmx.reporter = true
	auto.offset.reset = earliest
	bootstrap.servers = [localhost:9091]
	check.crcs = true
	client.dns.lookup = use_all_dns_ips
	client.id = consumer-notification-group-1
	client.rack = 
	connections.max.idle.ms = 540000
	default.api.timeout.ms = 60000
	enable.auto.commit = false
	enable.metrics.push = true
	exclude.internal.topics = true
	fetch.max.bytes = 52428800
	fetch.max.wait.ms = 500
	fetch.min.bytes = 1
	group.id = notification-group
	group.instance.id = null
	group.protocol = classic
	group.remote.assignor = null
	heartbeat.interval.ms = 3000
	interceptor.classes = []
	internal.leave.group.on.close = true
	internal.throw.on.fetch.stable.offset.unsupported = false
	isolation.level = read_uncommitted
	key.deserializer = class org.apache.kafka.common.serialization.StringDeserializer
	max.partition.fetch.bytes = 1048576
	max.poll.interval.ms = 300000
	max.poll.records = 500
	metadata.max.age.ms = 300000
	metadata.recovery.strategy = none
	metric.reporters = []
	metrics.num.samples = 2
	metrics.recording.level = INFO
	metrics.sample.window.ms = 30000
	partition.assignment.strategy = [class org.apache.kafka.clients.consumer.RangeAssignor, class org.apache.kafka.clients.consumer.CooperativeStickyAssignor]
	receive.buffer.bytes = 65536
	reconnect.backoff.max.ms = 1000
	reconnect.backoff.ms = 50
	request.timeout.ms = 30000
	retry.backoff.max.ms = 1000
	retry.backoff.ms = 100
	sasl.client.callback.handler.class = null
	sasl.jaas.config = null
	sasl.kerberos.kinit.cmd = /usr/bin/kinit
	sasl.kerberos.min.time.before.relogin = 60000
	sasl.kerberos.service.name = null
	sasl.kerberos.ticket.renew.jitter = 0.05
	sasl.kerberos.ticket.renew.window.factor = 0.8
	sasl.login.callback.handler.class = null
	sasl.login.class = null
	sasl.login.connect.timeout.ms = null
	sasl.login.read.timeout.ms = null
	sasl.login.refresh.buffer.seconds = 300
	sasl.login.refresh.min.period.seconds = 60
	sasl.login.refresh.window.factor = 0.8
	sasl.login.refresh.window.jitter = 0.05
	sasl.login.retry.backoff.max.ms = 10000
	sasl.login.retry.backoff.ms = 100
	sasl.mechanism = GSSAPI
	sasl.oauthbearer.clock.skew.seconds = 30
	sasl.oauthbearer.expected.audience = null
	sasl.oauthbearer.expected.issuer = null
	sasl.oauthbearer.jwks.endpoint.refresh.ms = 3600000
	sasl.oauthbearer.jwks.endpoint.retry.backoff.max.ms = 10000
	sasl.oauthbearer.jwks.endpoint.retry.backoff.ms = 100
	sasl.oauthbearer.jwks.endpoint.url = null
	sasl.oauthbearer.scope.claim.name = scope
	sasl.oauthbearer.sub.claim.name = sub
	sasl.oauthbearer.token.endpoint.url = null
	security.protocol = PLAINTEXT
	security.providers = null
	send.buffer.bytes = 131072
	session.timeout.ms = 45000
	socket.connection.setup.timeout.max.ms = 30000
	socket.connection.setup.timeout.ms = 10000
	ssl.cipher.suites = null
	ssl.enabled.protocols = [TLSv1.2, TLSv1.3]
	ssl.endpoint.identification.algorithm = https
	ssl.engine.factory.class = null
	ssl.key.password = null
	ssl.keymanager.algorithm = SunX509
	ssl.keystore.certificate.chain = null
	ssl.keystore.key = null
	ssl.keystore.location = null
	ssl.keystore.password = null
	ssl.keystore.type = JKS
	ssl.protocol = TLSv1.3
	ssl.provider = null
	ssl.secure.random.implementation = null
	ssl.trustmanager.algorithm = PKIX
	ssl.truststore.certificates = null
	ssl.truststore.location = null
	ssl.truststore.password = null
	ssl.truststore.type = JKS
	value.deserializer = class org.apache.kafka.common.serialization.StringDeserializer

2026-03-19T20:38:09.336-03:00  INFO 77733 --- [notification-service] [foReplicator-%d] c.n.d.s.t.d.RedirectingEurekaHttpClient  : Request execution error. endpoint=DefaultEndpoint{ serviceUrl='http://localhost:8761/eureka/}, exception=I/O error on POST request for "http://localhost:8761/eureka/apps/NOTIFICATION-SERVICE": Connect to http://localhost:8761 [localhost/127.0.0.1] failed: Conexão recusada stacktrace=org.springframework.web.client.ResourceAccessException: I/O error on POST request for "http://localhost:8761/eureka/apps/NOTIFICATION-SERVICE": Connect to http://localhost:8761 [localhost/127.0.0.1] failed: Conexão recusada
	at org.springframework.web.client.RestTemplate.createResourceAccessException(RestTemplate.java:925)
	at org.springframework.web.client.RestTemplate.doExecute(RestTemplate.java:905)
	at org.springframework.web.client.RestTemplate.execute(RestTemplate.java:840)
	at org.springframework.web.client.RestTemplate.exchange(RestTemplate.java:701)
	at org.springframework.cloud.netflix.eureka.http.RestTemplateEurekaHttpClient.register(RestTemplateEurekaHttpClient.java:87)
	at com.netflix.discovery.shared.transport.decorator.EurekaHttpClientDecorator$1.execute(EurekaHttpClientDecorator.java:59)
	at com.netflix.discovery.shared.transport.decorator.RedirectingEurekaHttpClient.executeOnNewServer(RedirectingEurekaHttpClient.java:121)
	at com.netflix.discovery.shared.transport.decorator.RedirectingEurekaHttpClient.execute(RedirectingEurekaHttpClient.java:80)
	at com.netflix.discovery.shared.transport.decorator.EurekaHttpClientDecorator.register(EurekaHttpClientDecorator.java:56)
	at com.netflix.discovery.shared.transport.decorator.EurekaHttpClientDecorator$1.execute(EurekaHttpClientDecorator.java:59)
	at com.netflix.discovery.shared.transport.decorator.RetryableEurekaHttpClient.execute(RetryableEurekaHttpClient.java:120)
	at com.netflix.discovery.shared.transport.decorator.EurekaHttpClientDecorator.register(EurekaHttpClientDecorator.java:56)
	at com.netflix.discovery.shared.transport.decorator.EurekaHttpClientDecorator$1.execute(EurekaHttpClientDecorator.java:59)
	at com.netflix.discovery.shared.transport.decorator.SessionedEurekaHttpClient.execute(SessionedEurekaHttpClient.java:76)
	at com.netflix.discovery.shared.transport.decorator.EurekaHttpClientDecorator.register(EurekaHttpClientDecorator.java:56)
	at com.netflix.discovery.DiscoveryClient.register(DiscoveryClient.java:828)
	at com.netflix.discovery.InstanceInfoReplicator.run(InstanceInfoReplicator.java:125)
	at com.netflix.discovery.InstanceInfoReplicator$2.run(InstanceInfoReplicator.java:105)
	at java.base/java.util.concurrent.Executors$RunnableAdapter.call(Executors.java:539)
	at java.base/java.util.concurrent.FutureTask.run(FutureTask.java:264)
	at java.base/java.util.concurrent.ScheduledThreadPoolExecutor$ScheduledFutureTask.run(ScheduledThreadPoolExecutor.java:304)
	at java.base/java.util.concurrent.ThreadPoolExecutor.runWorker(ThreadPoolExecutor.java:1136)
	at java.base/java.util.concurrent.ThreadPoolExecutor$Worker.run(ThreadPoolExecutor.java:635)
	at java.base/java.lang.Thread.run(Thread.java:840)
Caused by: org.apache.hc.client5.http.HttpHostConnectException: Connect to http://localhost:8761 [localhost/127.0.0.1] failed: Conexão recusada
	at java.base/sun.nio.ch.Net.pollConnect(Native Method)
	at java.base/sun.nio.ch.Net.pollConnectNow(Net.java:672)
	at java.base/sun.nio.ch.NioSocketImpl.timedFinishConnect(NioSocketImpl.java:547)
	at java.base/sun.nio.ch.NioSocketImpl.connect(NioSocketImpl.java:602)
	at java.base/java.net.SocksSocketImpl.connect(SocksSocketImpl.java:327)
	at java.base/java.net.Socket.connect(Socket.java:639)
	at org.apache.hc.client5.http.impl.io.DefaultHttpClientConnectionOperator.connect(DefaultHttpClientConnectionOperator.java:216)
	at org.apache.hc.client5.http.impl.io.PoolingHttpClientConnectionManager.connect(PoolingHttpClientConnectionManager.java:490)
	at org.apache.hc.client5.http.impl.classic.InternalExecRuntime.connectEndpoint(InternalExecRuntime.java:164)
	at org.apache.hc.client5.http.impl.classic.InternalExecRuntime.connectEndpoint(InternalExecRuntime.java:174)
	at org.apache.hc.client5.http.impl.classic.ConnectExec.execute(ConnectExec.java:144)
	at org.apache.hc.client5.http.impl.classic.ExecChainElement.execute(ExecChainElement.java:51)
	at org.apache.hc.client5.http.impl.classic.ProtocolExec.execute(ProtocolExec.java:192)
	at org.apache.hc.client5.http.impl.classic.ExecChainElement.execute(ExecChainElement.java:51)
	at org.apache.hc.client5.http.impl.classic.ContentCompressionExec.execute(ContentCompressionExec.java:150)
	at org.apache.hc.client5.http.impl.classic.ExecChainElement.execute(ExecChainElement.java:51)
	at org.apache.hc.client5.http.impl.classic.HttpRequestRetryExec.execute(HttpRequestRetryExec.java:113)
	at org.apache.hc.client5.http.impl.classic.ExecChainElement.execute(ExecChainElement.java:51)
	at org.apache.hc.client5.http.impl.classic.RedirectExec.execute(RedirectExec.java:110)
	at org.apache.hc.client5.http.impl.classic.ExecChainElement.execute(ExecChainElement.java:51)
	at org.apache.hc.client5.http.impl.classic.InternalHttpClient.doExecute(InternalHttpClient.java:174)
	at org.apache.hc.client5.http.impl.classic.CloseableHttpClient.execute(CloseableHttpClient.java:87)
	at org.apache.hc.client5.http.impl.classic.CloseableHttpClient.execute(CloseableHttpClient.java:55)
	at org.apache.hc.client5.http.classic.HttpClient.executeOpen(HttpClient.java:183)
	at org.springframework.http.client.HttpComponentsClientHttpRequest.executeInternal(HttpComponentsClientHttpRequest.java:99)
	at org.springframework.http.client.AbstractStreamingClientHttpRequest.executeInternal(AbstractStreamingClientHttpRequest.java:71)
	at org.springframework.http.client.AbstractClientHttpRequest.execute(AbstractClientHttpRequest.java:81)
	at org.springframework.http.client.InterceptingClientHttpRequest$InterceptingRequestExecution.execute(InterceptingClientHttpRequest.java:117)
	at org.springframework.cloud.netflix.eureka.http.RestTemplateTransportClientFactory.lambda$restTemplate$2(RestTemplateTransportClientFactory.java:145)
	at org.springframework.http.client.InterceptingClientHttpRequest$InterceptingRequestExecution.execute(InterceptingClientHttpRequest.java:88)
	at org.springframework.http.client.InterceptingClientHttpRequest.executeInternal(InterceptingClientHttpRequest.java:72)
	at org.springframework.http.client.AbstractBufferingClientHttpRequest.executeInternal(AbstractBufferingClientHttpRequest.java:48)
	at org.springframework.http.client.AbstractClientHttpRequest.execute(AbstractClientHttpRequest.java:81)
	at org.springframework.web.client.RestTemplate.doExecute(RestTemplate.java:899)
	... 22 more

2026-03-19T20:38:09.338-03:00  WARN 77733 --- [notification-service] [foReplicator-%d] c.n.d.s.t.d.RetryableEurekaHttpClient    : Request execution failed with message: I/O error on POST request for "http://localhost:8761/eureka/apps/NOTIFICATION-SERVICE": Connect to http://localhost:8761 [localhost/127.0.0.1] failed: Conexão recusada
2026-03-19T20:38:09.338-03:00  WARN 77733 --- [notification-service] [foReplicator-%d] com.netflix.discovery.DiscoveryClient    : DiscoveryClient_NOTIFICATION-SERVICE/192.168.20.102:notification-service:8083 - registration failed Cannot execute request on any known server

com.netflix.discovery.shared.transport.TransportException: Cannot execute request on any known server
	at com.netflix.discovery.shared.transport.decorator.RetryableEurekaHttpClient.execute(RetryableEurekaHttpClient.java:112) ~[eureka-client-2.0.4.jar:2.0.4]
	at com.netflix.discovery.shared.transport.decorator.EurekaHttpClientDecorator.register(EurekaHttpClientDecorator.java:56) ~[eureka-client-2.0.4.jar:2.0.4]
	at com.netflix.discovery.shared.transport.decorator.EurekaHttpClientDecorator$1.execute(EurekaHttpClientDecorator.java:59) ~[eureka-client-2.0.4.jar:2.0.4]
	at com.netflix.discovery.shared.transport.decorator.SessionedEurekaHttpClient.execute(SessionedEurekaHttpClient.java:76) ~[eureka-client-2.0.4.jar:2.0.4]
	at com.netflix.discovery.shared.transport.decorator.EurekaHttpClientDecorator.register(EurekaHttpClientDecorator.java:56) ~[eureka-client-2.0.4.jar:2.0.4]
	at com.netflix.discovery.DiscoveryClient.register(DiscoveryClient.java:828) ~[eureka-client-2.0.4.jar:2.0.4]
	at com.netflix.discovery.InstanceInfoReplicator.run(InstanceInfoReplicator.java:125) ~[eureka-client-2.0.4.jar:2.0.4]
	at com.netflix.discovery.InstanceInfoReplicator$2.run(InstanceInfoReplicator.java:105) ~[eureka-client-2.0.4.jar:2.0.4]
	at java.base/java.util.concurrent.Executors$RunnableAdapter.call(Executors.java:539) ~[na:na]
	at java.base/java.util.concurrent.FutureTask.run(FutureTask.java:264) ~[na:na]
	at java.base/java.util.concurrent.ScheduledThreadPoolExecutor$ScheduledFutureTask.run(ScheduledThreadPoolExecutor.java:304) ~[na:na]
	at java.base/java.util.concurrent.ThreadPoolExecutor.runWorker(ThreadPoolExecutor.java:1136) ~[na:na]
	at java.base/java.util.concurrent.ThreadPoolExecutor$Worker.run(ThreadPoolExecutor.java:635) ~[na:na]
	at java.base/java.lang.Thread.run(Thread.java:840) ~[na:na]

2026-03-19T20:38:09.350-03:00  WARN 77733 --- [notification-service] [foReplicator-%d] c.n.discovery.InstanceInfoReplicator     : There was a problem with the instance info replicator

com.netflix.discovery.shared.transport.TransportException: Cannot execute request on any known server
	at com.netflix.discovery.shared.transport.decorator.RetryableEurekaHttpClient.execute(RetryableEurekaHttpClient.java:112) ~[eureka-client-2.0.4.jar:2.0.4]
	at com.netflix.discovery.shared.transport.decorator.EurekaHttpClientDecorator.register(EurekaHttpClientDecorator.java:56) ~[eureka-client-2.0.4.jar:2.0.4]
	at com.netflix.discovery.shared.transport.decorator.EurekaHttpClientDecorator$1.execute(EurekaHttpClientDecorator.java:59) ~[eureka-client-2.0.4.jar:2.0.4]
	at com.netflix.discovery.shared.transport.decorator.SessionedEurekaHttpClient.execute(SessionedEurekaHttpClient.java:76) ~[eureka-client-2.0.4.jar:2.0.4]
	at com.netflix.discovery.shared.transport.decorator.EurekaHttpClientDecorator.register(EurekaHttpClientDecorator.java:56) ~[eureka-client-2.0.4.jar:2.0.4]
	at com.netflix.discovery.DiscoveryClient.register(DiscoveryClient.java:828) ~[eureka-client-2.0.4.jar:2.0.4]
	at com.netflix.discovery.InstanceInfoReplicator.run(InstanceInfoReplicator.java:125) ~[eureka-client-2.0.4.jar:2.0.4]
	at com.netflix.discovery.InstanceInfoReplicator$2.run(InstanceInfoReplicator.java:105) ~[eureka-client-2.0.4.jar:2.0.4]
	at java.base/java.util.concurrent.Executors$RunnableAdapter.call(Executors.java:539) ~[na:na]
	at java.base/java.util.concurrent.FutureTask.run(FutureTask.java:264) ~[na:na]
	at java.base/java.util.concurrent.ScheduledThreadPoolExecutor$ScheduledFutureTask.run(ScheduledThreadPoolExecutor.java:304) ~[na:na]
	at java.base/java.util.concurrent.ThreadPoolExecutor.runWorker(ThreadPoolExecutor.java:1136) ~[na:na]
	at java.base/java.util.concurrent.ThreadPoolExecutor$Worker.run(ThreadPoolExecutor.java:635) ~[na:na]
	at java.base/java.lang.Thread.run(Thread.java:840) ~[na:na]

2026-03-19T20:38:09.478-03:00  INFO 77733 --- [notification-service] [           main] o.a.k.c.t.i.KafkaMetricsCollector        : initializing Kafka metrics collector
2026-03-19T20:38:09.469-03:00  INFO 77732 --- [api-gateway] [           main] o.s.c.n.eureka.InstanceInfoFactory       : Setting initial instance status as: STARTING
2026-03-19T20:38:09.360-03:00  INFO 78044 --- [inventory-service] [           main] o.s.cloud.context.scope.GenericScope     : BeanFactory id=5d59ba40-54b3-3d67-8d32-8b9d85810b64
2026-03-19T20:38:09.609-03:00  INFO 77732 --- [api-gateway] [           main] com.netflix.discovery.DiscoveryClient    : Initializing Eureka in region us-east-1
2026-03-19T20:38:09.623-03:00  INFO 77732 --- [api-gateway] [           main] c.n.d.s.r.aws.ConfigClusterResolver      : Resolving eureka endpoints via configuration
2026-03-19T20:38:09.654-03:00  INFO 77732 --- [api-gateway] [           main] com.netflix.discovery.DiscoveryClient    : Disable delta property : false
2026-03-19T20:38:09.660-03:00  INFO 77732 --- [api-gateway] [           main] com.netflix.discovery.DiscoveryClient    : Single vip registry refresh property : null
2026-03-19T20:38:09.661-03:00  INFO 77732 --- [api-gateway] [           main] com.netflix.discovery.DiscoveryClient    : Force full registry fetch : false
2026-03-19T20:38:09.662-03:00  INFO 77732 --- [api-gateway] [           main] com.netflix.discovery.DiscoveryClient    : Application is null : false
2026-03-19T20:38:09.666-03:00  INFO 77732 --- [api-gateway] [           main] com.netflix.discovery.DiscoveryClient    : Registered Applications size is zero : true
2026-03-19T20:38:09.340-03:00  INFO 77728 --- [payment-service] [foReplicator-%d] com.netflix.discovery.DiscoveryClient    : DiscoveryClient_PAYMENT-SERVICE/192.168.20.102:payment-service:8085: registering service...
2026-03-19T20:38:09.667-03:00  INFO 77732 --- [api-gateway] [           main] com.netflix.discovery.DiscoveryClient    : Application version is -1: true
2026-03-19T20:38:09.667-03:00  INFO 77732 --- [api-gateway] [           main] com.netflix.discovery.DiscoveryClient    : Getting all instance registry info from the eureka server
2026-03-19T20:38:09.578-03:00  INFO 77728 --- [payment-service] [foReplicator-%d] c.n.d.s.t.d.RedirectingEurekaHttpClient  : Request execution error. endpoint=DefaultEndpoint{ serviceUrl='http://localhost:8761/eureka/}, exception=I/O error on POST request for "http://localhost:8761/eureka/apps/PAYMENT-SERVICE": Connect to http://localhost:8761 [localhost/127.0.0.1] failed: Conexão recusada stacktrace=org.springframework.web.client.ResourceAccessException: I/O error on POST request for "http://localhost:8761/eureka/apps/PAYMENT-SERVICE": Connect to http://localhost:8761 [localhost/127.0.0.1] failed: Conexão recusada
	at org.springframework.web.client.RestTemplate.createResourceAccessException(RestTemplate.java:925)
	at org.springframework.web.client.RestTemplate.doExecute(RestTemplate.java:905)
	at org.springframework.web.client.RestTemplate.execute(RestTemplate.java:840)
	at org.springframework.web.client.RestTemplate.exchange(RestTemplate.java:701)
	at org.springframework.cloud.netflix.eureka.http.RestTemplateEurekaHttpClient.register(RestTemplateEurekaHttpClient.java:87)
	at com.netflix.discovery.shared.transport.decorator.EurekaHttpClientDecorator$1.execute(EurekaHttpClientDecorator.java:59)
	at com.netflix.discovery.shared.transport.decorator.RedirectingEurekaHttpClient.executeOnNewServer(RedirectingEurekaHttpClient.java:121)
	at com.netflix.discovery.shared.transport.decorator.RedirectingEurekaHttpClient.execute(RedirectingEurekaHttpClient.java:80)
	at com.netflix.discovery.shared.transport.decorator.EurekaHttpClientDecorator.register(EurekaHttpClientDecorator.java:56)
	at com.netflix.discovery.shared.transport.decorator.EurekaHttpClientDecorator$1.execute(EurekaHttpClientDecorator.java:59)
	at com.netflix.discovery.shared.transport.decorator.RetryableEurekaHttpClient.execute(RetryableEurekaHttpClient.java:120)
	at com.netflix.discovery.shared.transport.decorator.EurekaHttpClientDecorator.register(EurekaHttpClientDecorator.java:56)
	at com.netflix.discovery.shared.transport.decorator.EurekaHttpClientDecorator$1.execute(EurekaHttpClientDecorator.java:59)
	at com.netflix.discovery.shared.transport.decorator.SessionedEurekaHttpClient.execute(SessionedEurekaHttpClient.java:76)
	at com.netflix.discovery.shared.transport.decorator.EurekaHttpClientDecorator.register(EurekaHttpClientDecorator.java:56)
	at com.netflix.discovery.DiscoveryClient.register(DiscoveryClient.java:828)
	at com.netflix.discovery.InstanceInfoReplicator.run(InstanceInfoReplicator.java:125)
	at com.netflix.discovery.InstanceInfoReplicator$2.run(InstanceInfoReplicator.java:105)
	at java.base/java.util.concurrent.Executors$RunnableAdapter.call(Executors.java:539)
	at java.base/java.util.concurrent.FutureTask.run(FutureTask.java:264)
	at java.base/java.util.concurrent.ScheduledThreadPoolExecutor$ScheduledFutureTask.run(ScheduledThreadPoolExecutor.java:304)
	at java.base/java.util.concurrent.ThreadPoolExecutor.runWorker(ThreadPoolExecutor.java:1136)
	at java.base/java.util.concurrent.ThreadPoolExecutor$Worker.run(ThreadPoolExecutor.java:635)
	at java.base/java.lang.Thread.run(Thread.java:840)
Caused by: org.apache.hc.client5.http.HttpHostConnectException: Connect to http://localhost:8761 [localhost/127.0.0.1] failed: Conexão recusada
	at java.base/sun.nio.ch.Net.pollConnect(Native Method)
	at java.base/sun.nio.ch.Net.pollConnectNow(Net.java:672)
	at java.base/sun.nio.ch.NioSocketImpl.timedFinishConnect(NioSocketImpl.java:547)
	at java.base/sun.nio.ch.NioSocketImpl.connect(NioSocketImpl.java:602)
	at java.base/java.net.SocksSocketImpl.connect(SocksSocketImpl.java:327)
	at java.base/java.net.Socket.connect(Socket.java:639)
	at org.apache.hc.client5.http.impl.io.DefaultHttpClientConnectionOperator.connect(DefaultHttpClientConnectionOperator.java:216)
	at org.apache.hc.client5.http.impl.io.PoolingHttpClientConnectionManager.connect(PoolingHttpClientConnectionManager.java:490)
	at org.apache.hc.client5.http.impl.classic.InternalExecRuntime.connectEndpoint(InternalExecRuntime.java:164)
	at org.apache.hc.client5.http.impl.classic.InternalExecRuntime.connectEndpoint(InternalExecRuntime.java:174)
	at org.apache.hc.client5.http.impl.classic.ConnectExec.execute(ConnectExec.java:144)
	at org.apache.hc.client5.http.impl.classic.ExecChainElement.execute(ExecChainElement.java:51)
	at org.apache.hc.client5.http.impl.classic.ProtocolExec.execute(ProtocolExec.java:192)
	at org.apache.hc.client5.http.impl.classic.ExecChainElement.execute(ExecChainElement.java:51)
	at org.apache.hc.client5.http.impl.classic.ContentCompressionExec.execute(ContentCompressionExec.java:150)
	at org.apache.hc.client5.http.impl.classic.ExecChainElement.execute(ExecChainElement.java:51)
	at org.apache.hc.client5.http.impl.classic.HttpRequestRetryExec.execute(HttpRequestRetryExec.java:113)
	at org.apache.hc.client5.http.impl.classic.ExecChainElement.execute(ExecChainElement.java:51)
	at org.apache.hc.client5.http.impl.classic.RedirectExec.execute(RedirectExec.java:110)
	at org.apache.hc.client5.http.impl.classic.ExecChainElement.execute(ExecChainElement.java:51)
	at org.apache.hc.client5.http.impl.classic.InternalHttpClient.doExecute(InternalHttpClient.java:174)
	at org.apache.hc.client5.http.impl.classic.CloseableHttpClient.execute(CloseableHttpClient.java:87)
	at org.apache.hc.client5.http.impl.classic.CloseableHttpClient.execute(CloseableHttpClient.java:55)
	at org.apache.hc.client5.http.classic.HttpClient.executeOpen(HttpClient.java:183)
	at org.springframework.http.client.HttpComponentsClientHttpRequest.executeInternal(HttpComponentsClientHttpRequest.java:99)
	at org.springframework.http.client.AbstractStreamingClientHttpRequest.executeInternal(AbstractStreamingClientHttpRequest.java:71)
	at org.springframework.http.client.AbstractClientHttpRequest.execute(AbstractClientHttpRequest.java:81)
	at org.springframework.http.client.InterceptingClientHttpRequest$InterceptingRequestExecution.execute(InterceptingClientHttpRequest.java:117)
	at org.springframework.cloud.netflix.eureka.http.RestTemplateTransportClientFactory.lambda$restTemplate$2(RestTemplateTransportClientFactory.java:145)
	at org.springframework.http.client.InterceptingClientHttpRequest$InterceptingRequestExecution.execute(InterceptingClientHttpRequest.java:88)
	at org.springframework.http.client.InterceptingClientHttpRequest.executeInternal(InterceptingClientHttpRequest.java:72)
	at org.springframework.http.client.AbstractBufferingClientHttpRequest.executeInternal(AbstractBufferingClientHttpRequest.java:48)
	at org.springframework.http.client.AbstractClientHttpRequest.execute(AbstractClientHttpRequest.java:81)
	at org.springframework.web.client.RestTemplate.doExecute(RestTemplate.java:899)
	... 22 more

2026-03-19T20:38:10.026-03:00  INFO 77731 --- [eureka-server] [           main] c.n.eureka.cluster.PeerEurekaNodes       : Replica node URL:  http://localhost:8761/eureka/
2026-03-19T20:38:09.581-03:00  WARN 77728 --- [payment-service] [foReplicator-%d] c.n.d.s.t.d.RetryableEurekaHttpClient    : Request execution failed with message: I/O error on POST request for "http://localhost:8761/eureka/apps/PAYMENT-SERVICE": Connect to http://localhost:8761 [localhost/127.0.0.1] failed: Conexão recusada
20:38:09.920 [main] INFO org.springframework.boot.devtools.restart.RestartApplicationListener -- Restart disabled due to context in which it is running
2026-03-19T20:38:09.582-03:00  WARN 77728 --- [payment-service] [foReplicator-%d] com.netflix.discovery.DiscoveryClient    : DiscoveryClient_PAYMENT-SERVICE/192.168.20.102:payment-service:8085 - registration failed Cannot execute request on any known server

com.netflix.discovery.shared.transport.TransportException: Cannot execute request on any known server
	at com.netflix.discovery.shared.transport.decorator.RetryableEurekaHttpClient.execute(RetryableEurekaHttpClient.java:112) ~[eureka-client-2.0.4.jar:2.0.4]
	at com.netflix.discovery.shared.transport.decorator.EurekaHttpClientDecorator.register(EurekaHttpClientDecorator.java:56) ~[eureka-client-2.0.4.jar:2.0.4]
	at com.netflix.discovery.shared.transport.decorator.EurekaHttpClientDecorator$1.execute(EurekaHttpClientDecorator.java:59) ~[eureka-client-2.0.4.jar:2.0.4]
	at com.netflix.discovery.shared.transport.decorator.SessionedEurekaHttpClient.execute(SessionedEurekaHttpClient.java:76) ~[eureka-client-2.0.4.jar:2.0.4]
	at com.netflix.discovery.shared.transport.decorator.EurekaHttpClientDecorator.register(EurekaHttpClientDecorator.java:56) ~[eureka-client-2.0.4.jar:2.0.4]
	at com.netflix.discovery.DiscoveryClient.register(DiscoveryClient.java:828) ~[eureka-client-2.0.4.jar:2.0.4]
	at com.netflix.discovery.InstanceInfoReplicator.run(InstanceInfoReplicator.java:125) ~[eureka-client-2.0.4.jar:2.0.4]
	at com.netflix.discovery.InstanceInfoReplicator$2.run(InstanceInfoReplicator.java:105) ~[eureka-client-2.0.4.jar:2.0.4]
	at java.base/java.util.concurrent.Executors$RunnableAdapter.call(Executors.java:539) ~[na:na]
	at java.base/java.util.concurrent.FutureTask.run(FutureTask.java:264) ~[na:na]
	at java.base/java.util.concurrent.ScheduledThreadPoolExecutor$ScheduledFutureTask.run(ScheduledThreadPoolExecutor.java:304) ~[na:na]
	at java.base/java.util.concurrent.ThreadPoolExecutor.runWorker(ThreadPoolExecutor.java:1136) ~[na:na]
	at java.base/java.util.concurrent.ThreadPoolExecutor$Worker.run(ThreadPoolExecutor.java:635) ~[na:na]
	at java.base/java.lang.Thread.run(Thread.java:840) ~[na:na]

2026-03-19T20:38:10.046-03:00  INFO 77731 --- [eureka-server] [           main] c.n.e.registry.AbstractInstanceRegistry  : Finished initializing remote region registries. All known remote regions: []
2026-03-19T20:38:09.624-03:00  WARN 77728 --- [payment-service] [foReplicator-%d] c.n.discovery.InstanceInfoReplicator     : There was a problem with the instance info replicator

com.netflix.discovery.shared.transport.TransportException: Cannot execute request on any known server
	at com.netflix.discovery.shared.transport.decorator.RetryableEurekaHttpClient.execute(RetryableEurekaHttpClient.java:112) ~[eureka-client-2.0.4.jar:2.0.4]
	at com.netflix.discovery.shared.transport.decorator.EurekaHttpClientDecorator.register(EurekaHttpClientDecorator.java:56) ~[eureka-client-2.0.4.jar:2.0.4]
	at com.netflix.discovery.shared.transport.decorator.EurekaHttpClientDecorator$1.execute(EurekaHttpClientDecorator.java:59) ~[eureka-client-2.0.4.jar:2.0.4]
	at com.netflix.discovery.shared.transport.decorator.SessionedEurekaHttpClient.execute(SessionedEurekaHttpClient.java:76) ~[eureka-client-2.0.4.jar:2.0.4]
	at com.netflix.discovery.shared.transport.decorator.EurekaHttpClientDecorator.register(EurekaHttpClientDecorator.java:56) ~[eureka-client-2.0.4.jar:2.0.4]
	at com.netflix.discovery.DiscoveryClient.register(DiscoveryClient.java:828) ~[eureka-client-2.0.4.jar:2.0.4]
	at com.netflix.discovery.InstanceInfoReplicator.run(InstanceInfoReplicator.java:125) ~[eureka-client-2.0.4.jar:2.0.4]
	at com.netflix.discovery.InstanceInfoReplicator$2.run(InstanceInfoReplicator.java:105) ~[eureka-client-2.0.4.jar:2.0.4]
	at java.base/java.util.concurrent.Executors$RunnableAdapter.call(Executors.java:539) ~[na:na]
	at java.base/java.util.concurrent.FutureTask.run(FutureTask.java:264) ~[na:na]
	at java.base/java.util.concurrent.ScheduledThreadPoolExecutor$ScheduledFutureTask.run(ScheduledThreadPoolExecutor.java:304) ~[na:na]
	at java.base/java.util.concurrent.ThreadPoolExecutor.runWorker(ThreadPoolExecutor.java:1136) ~[na:na]
	at java.base/java.util.concurrent.ThreadPoolExecutor$Worker.run(ThreadPoolExecutor.java:635) ~[na:na]
	at java.base/java.lang.Thread.run(Thread.java:840) ~[na:na]

2026-03-19T20:38:09.667-03:00  INFO 77728 --- [payment-service] [           main] o.a.k.clients.consumer.ConsumerConfig    : ConsumerConfig values: 
	allow.auto.create.topics = true
	auto.commit.interval.ms = 5000
	auto.include.jmx.reporter = true
	auto.offset.reset = earliest
	bootstrap.servers = [localhost:9091]
	check.crcs = true
	client.dns.lookup = use_all_dns_ips
	client.id = consumer-payment-group-1
	client.rack = 
	connections.max.idle.ms = 540000
	default.api.timeout.ms = 60000
	enable.auto.commit = false
	enable.metrics.push = true
	exclude.internal.topics = true
	fetch.max.bytes = 52428800
	fetch.max.wait.ms = 500
	fetch.min.bytes = 1
	group.id = payment-group
	group.instance.id = null
	group.protocol = classic
	group.remote.assignor = null
	heartbeat.interval.ms = 3000
	interceptor.classes = []
	internal.leave.group.on.close = true
	internal.throw.on.fetch.stable.offset.unsupported = false
	isolation.level = read_uncommitted
	key.deserializer = class org.apache.kafka.common.serialization.StringDeserializer
	max.partition.fetch.bytes = 1048576
	max.poll.interval.ms = 300000
	max.poll.records = 500
	metadata.max.age.ms = 300000
	metadata.recovery.strategy = none
	metric.reporters = []
	metrics.num.samples = 2
	metrics.recording.level = INFO
	metrics.sample.window.ms = 30000
	partition.assignment.strategy = [class org.apache.kafka.clients.consumer.RangeAssignor, class org.apache.kafka.clients.consumer.CooperativeStickyAssignor]
	receive.buffer.bytes = 65536
	reconnect.backoff.max.ms = 1000
	reconnect.backoff.ms = 50
	request.timeout.ms = 30000
	retry.backoff.max.ms = 1000
	retry.backoff.ms = 100
	sasl.client.callback.handler.class = null
	sasl.jaas.config = null
	sasl.kerberos.kinit.cmd = /usr/bin/kinit
	sasl.kerberos.min.time.before.relogin = 60000
	sasl.kerberos.service.name = null
	sasl.kerberos.ticket.renew.jitter = 0.05
	sasl.kerberos.ticket.renew.window.factor = 0.8
	sasl.login.callback.handler.class = null
	sasl.login.class = null
	sasl.login.connect.timeout.ms = null
	sasl.login.read.timeout.ms = null
	sasl.login.refresh.buffer.seconds = 300
	sasl.login.refresh.min.period.seconds = 60
	sasl.login.refresh.window.factor = 0.8
	sasl.login.refresh.window.jitter = 0.05
	sasl.login.retry.backoff.max.ms = 10000
	sasl.login.retry.backoff.ms = 100
	sasl.mechanism = GSSAPI
	sasl.oauthbearer.clock.skew.seconds = 30
	sasl.oauthbearer.expected.audience = null
	sasl.oauthbearer.expected.issuer = null
	sasl.oauthbearer.jwks.endpoint.refresh.ms = 3600000
	sasl.oauthbearer.jwks.endpoint.retry.backoff.max.ms = 10000
	sasl.oauthbearer.jwks.endpoint.retry.backoff.ms = 100
	sasl.oauthbearer.jwks.endpoint.url = null
	sasl.oauthbearer.scope.claim.name = scope
	sasl.oauthbearer.sub.claim.name = sub
	sasl.oauthbearer.token.endpoint.url = null
	security.protocol = PLAINTEXT
	security.providers = null
	send.buffer.bytes = 131072
	session.timeout.ms = 45000
	socket.connection.setup.timeout.max.ms = 30000
	socket.connection.setup.timeout.ms = 10000
	ssl.cipher.suites = null
	ssl.enabled.protocols = [TLSv1.2, TLSv1.3]
	ssl.endpoint.identification.algorithm = https
	ssl.engine.factory.class = null
	ssl.key.password = null
	ssl.keymanager.algorithm = SunX509
	ssl.keystore.certificate.chain = null
	ssl.keystore.key = null
	ssl.keystore.location = null
	ssl.keystore.password = null
	ssl.keystore.type = JKS
	ssl.protocol = TLSv1.3
	ssl.provider = null
	ssl.secure.random.implementation = null
	ssl.trustmanager.algorithm = PKIX
	ssl.truststore.certificates = null
	ssl.truststore.location = null
	ssl.truststore.password = null
	ssl.truststore.type = JKS
	value.deserializer = class org.apache.kafka.common.serialization.StringDeserializer

2026-03-19T20:38:09.747-03:00  INFO 77728 --- [payment-service] [           main] o.a.k.c.t.i.KafkaMetricsCollector        : initializing Kafka metrics collector
2026-03-19T20:38:10.192-03:00  INFO 77728 --- [payment-service] [           main] o.a.kafka.common.utils.AppInfoParser     : Kafka version: 3.8.1
2026-03-19T20:38:10.192-03:00  INFO 77728 --- [payment-service] [           main] o.a.kafka.common.utils.AppInfoParser     : Kafka commitId: 70d6ff42debf7e17
2026-03-19T20:38:10.192-03:00  INFO 77728 --- [payment-service] [           main] o.a.kafka.common.utils.AppInfoParser     : Kafka startTimeMs: 1773963490190
2026-03-19T20:38:10.220-03:00  INFO 77728 --- [payment-service] [           main] o.a.k.c.c.internals.LegacyKafkaConsumer  : [Consumer clientId=consumer-payment-group-1, groupId=payment-group] Subscribed to topic(s): vendas-topico
2026-03-19T20:38:10.347-03:00  INFO 77728 --- [payment-service] [           main] o.c.p.PaymentServiceApplicationTests     : Started PaymentServiceApplicationTests in 16.472 seconds (process running for 20.946)
2026-03-19T20:38:10.497-03:00  WARN 77900 --- [order-security-server] [           main] .s.s.UserDetailsServiceAutoConfiguration : 

Using generated security password: c3e6afa4-bca4-4bcc-977e-7db9419e1f9d

This generated password is for development use only. Your security configuration must be updated before running your application in production.

2026-03-19T20:38:10.507-03:00  INFO 77900 --- [order-security-server] [           main] r$InitializeUserDetailsManagerConfigurer : Global AuthenticationManager configured with UserDetailsService bean with name inMemoryUserDetailsManager
2026-03-19T20:38:10.298-03:00  INFO 77733 --- [notification-service] [           main] o.a.kafka.common.utils.AppInfoParser     : Kafka version: 3.8.1
2026-03-19T20:38:10.299-03:00  INFO 77733 --- [notification-service] [           main] o.a.kafka.common.utils.AppInfoParser     : Kafka commitId: 70d6ff42debf7e17
2026-03-19T20:38:10.299-03:00  INFO 77733 --- [notification-service] [           main] o.a.kafka.common.utils.AppInfoParser     : Kafka startTimeMs: 1773963490296
2026-03-19T20:38:10.333-03:00  INFO 77733 --- [notification-service] [           main] o.a.k.c.c.internals.LegacyKafkaConsumer  : [Consumer clientId=consumer-notification-group-1, groupId=notification-group] Subscribed to topic(s): payment-processed
2026-03-19T20:38:10.467-03:00  INFO 77733 --- [notification-service] [           main] .c.n.NotificationServiceApplicationTests : Started NotificationServiceApplicationTests in 16.456 seconds (process running for 21.07)
2026-03-19T20:38:10.047-03:00  INFO 77731 --- [eureka-server] [           main] c.n.eureka.DefaultEurekaServerContext    : Initialized
2026-03-19T20:38:10.621-03:00  INFO 77731 --- [eureka-server] [           main] o.s.b.a.e.web.EndpointLinksResolver      : Exposing 1 endpoint beneath base path '/actuator'
2026-03-19T20:38:11.056-03:00  INFO 77731 --- [eureka-server] [           main] o.s.c.n.e.s.EurekaServiceRegistry        : Registering application EUREKA-SERVER with eureka with status UP
2026-03-19T20:38:11.115-03:00  INFO 77731 --- [eureka-server] [      Thread-10] o.s.c.n.e.server.EurekaServerBootstrap   : isAws returned false
2026-03-19T20:38:11.116-03:00  INFO 77731 --- [eureka-server] [      Thread-10] o.s.c.n.e.server.EurekaServerBootstrap   : Initialized server context
2026-03-19T20:38:11.116-03:00  INFO 77731 --- [eureka-server] [      Thread-10] c.n.e.r.PeerAwareInstanceRegistryImpl    : Got 1 instances from neighboring DS node
2026-03-19T20:38:11.116-03:00  INFO 77731 --- [eureka-server] [      Thread-10] c.n.e.r.PeerAwareInstanceRegistryImpl    : Renew threshold is: 1
2026-03-19T20:38:11.117-03:00  INFO 77731 --- [eureka-server] [      Thread-10] c.n.e.r.PeerAwareInstanceRegistryImpl    : Changing status to UP
2026-03-19T20:38:11.131-03:00  INFO 77731 --- [eureka-server] [      Thread-10] e.s.EurekaServerInitializerConfiguration : Started Eureka Server
2026-03-19T20:38:11.257-03:00  INFO 77731 --- [eureka-server] [           main] o.c.e.EurekaServerApplicationTests       : Started EurekaServerApplicationTests in 17.69 seconds (process running for 21.86)
2026-03-19T20:38:11.465-03:00  INFO 78044 --- [inventory-service] [           main] org.mongodb.driver.client                : MongoClient with metadata {"driver": {"name": "mongo-java-driver|sync|spring-boot", "version": "5.2.1"}, "os": {"type": "Linux", "name": "Linux", "architecture": "amd64", "version": "6.5.0-35-generic"}, "platform": "Java/Azul Systems, Inc./17.0.13+11-LTS"} created with settings MongoClientSettings{readPreference=primary, writeConcern=WriteConcern{w=null, wTimeout=null ms, journal=null}, retryWrites=true, retryReads=true, readConcern=ReadConcern{level=null}, credential=MongoCredential{mechanism=null, userName='root', source='admin', password=<hidden>, mechanismProperties=<hidden>}, transportSettings=null, commandListeners=[], codecRegistry=ProvidersCodecRegistry{codecProviders=[ValueCodecProvider{}, BsonValueCodecProvider{}, DBRefCodecProvider{}, DBObjectCodecProvider{}, DocumentCodecProvider{}, CollectionCodecProvider{}, IterableCodecProvider{}, MapCodecProvider{}, GeoJsonCodecProvider{}, GridFSFileCodecProvider{}, Jsr310CodecProvider{}, JsonObjectCodecProvider{}, BsonCodecProvider{}, EnumCodecProvider{}, com.mongodb.client.model.mql.ExpressionCodecProvider@e154848, com.mongodb.Jep395RecordCodecProvider@16ea0f22, com.mongodb.KotlinCodecProvider@60fc7f43]}, loggerSettings=LoggerSettings{maxDocumentLength=1000}, clusterSettings={hosts=[localhost:27018], srvServiceName=mongodb, mode=SINGLE, requiredClusterType=UNKNOWN, requiredReplicaSetName='null', serverSelector='null', clusterListeners='[]', serverSelectionTimeout='30000 ms', localThreshold='15 ms'}, socketSettings=SocketSettings{connectTimeoutMS=10000, readTimeoutMS=0, receiveBufferSize=0, proxySettings=ProxySettings{host=null, port=null, username=null, password=null}}, heartbeatSocketSettings=SocketSettings{connectTimeoutMS=10000, readTimeoutMS=10000, receiveBufferSize=0, proxySettings=ProxySettings{host=null, port=null, username=null, password=null}}, connectionPoolSettings=ConnectionPoolSettings{maxSize=100, minSize=0, maxWaitTimeMS=120000, maxConnectionLifeTimeMS=0, maxConnectionIdleTimeMS=0, maintenanceInitialDelayMS=0, maintenanceFrequencyMS=60000, connectionPoolListeners=[], maxConnecting=2}, serverSettings=ServerSettings{heartbeatFrequencyMS=10000, minHeartbeatFrequencyMS=500, serverMonitoringMode=AUTO, serverListeners='[]', serverMonitorListeners='[]'}, sslSettings=SslSettings{enabled=false, invalidHostNameAllowed=false, context=null}, applicationName='null', compressorList=[], uuidRepresentation=JAVA_LEGACY, serverApi=null, autoEncryptionSettings=null, dnsClient=null, inetAddressResolver=null, contextProvider=null, timeoutMS=null}
2026-03-19T20:38:11.496-03:00  INFO 77732 --- [api-gateway] [           main] c.n.d.s.t.d.RedirectingEurekaHttpClient  : Request execution error. endpoint=DefaultEndpoint{ serviceUrl='http://localhost:8761/eureka/}, exception=I/O error on GET request for "http://localhost:8761/eureka/apps/": Connect to http://localhost:8761 [localhost/127.0.0.1] failed: Conexão recusada stacktrace=org.springframework.web.client.ResourceAccessException: I/O error on GET request for "http://localhost:8761/eureka/apps/": Connect to http://localhost:8761 [localhost/127.0.0.1] failed: Conexão recusada
	at org.springframework.web.client.RestTemplate.createResourceAccessException(RestTemplate.java:925)
	at org.springframework.web.client.RestTemplate.doExecute(RestTemplate.java:905)
	at org.springframework.web.client.RestTemplate.execute(RestTemplate.java:840)
	at org.springframework.web.client.RestTemplate.exchange(RestTemplate.java:701)
	at org.springframework.cloud.netflix.eureka.http.RestTemplateEurekaHttpClient.getApplicationsInternal(RestTemplateEurekaHttpClient.java:174)
	at org.springframework.cloud.netflix.eureka.http.RestTemplateEurekaHttpClient.getApplications(RestTemplateEurekaHttpClient.java:162)
	at com.netflix.discovery.shared.transport.decorator.EurekaHttpClientDecorator$6.execute(EurekaHttpClientDecorator.java:137)
	at com.netflix.discovery.shared.transport.decorator.RedirectingEurekaHttpClient.executeOnNewServer(RedirectingEurekaHttpClient.java:121)
	at com.netflix.discovery.shared.transport.decorator.RedirectingEurekaHttpClient.execute(RedirectingEurekaHttpClient.java:80)
	at com.netflix.discovery.shared.transport.decorator.EurekaHttpClientDecorator.getApplications(EurekaHttpClientDecorator.java:134)
	at com.netflix.discovery.shared.transport.decorator.EurekaHttpClientDecorator$6.execute(EurekaHttpClientDecorator.java:137)
	at com.netflix.discovery.shared.transport.decorator.RetryableEurekaHttpClient.execute(RetryableEurekaHttpClient.java:120)
	at com.netflix.discovery.shared.transport.decorator.EurekaHttpClientDecorator.getApplications(EurekaHttpClientDecorator.java:134)
	at com.netflix.discovery.shared.transport.decorator.EurekaHttpClientDecorator$6.execute(EurekaHttpClientDecorator.java:137)
	at com.netflix.discovery.shared.transport.decorator.SessionedEurekaHttpClient.execute(SessionedEurekaHttpClient.java:76)
	at com.netflix.discovery.shared.transport.decorator.EurekaHttpClientDecorator.getApplications(EurekaHttpClientDecorator.java:134)
	at com.netflix.discovery.DiscoveryClient.getAndStoreFullRegistry(DiscoveryClient.java:1046)
	at com.netflix.discovery.DiscoveryClient.fetchRegistry(DiscoveryClient.java:961)
	at com.netflix.discovery.DiscoveryClient.<init>(DiscoveryClient.java:410)
	at com.netflix.discovery.DiscoveryClient.<init>(DiscoveryClient.java:245)
	at com.netflix.discovery.DiscoveryClient.<init>(DiscoveryClient.java:240)
	at org.springframework.cloud.netflix.eureka.CloudEurekaClient.<init>(CloudEurekaClient.java:68)
	at org.springframework.cloud.netflix.eureka.EurekaClientAutoConfiguration$RefreshableEurekaClientConfiguration.eurekaClient(EurekaClientAutoConfiguration.java:324)
	at java.base/jdk.internal.reflect.NativeMethodAccessorImpl.invoke0(Native Method)
	at java.base/jdk.internal.reflect.NativeMethodAccessorImpl.invoke(NativeMethodAccessorImpl.java:77)
	at java.base/jdk.internal.reflect.DelegatingMethodAccessorImpl.invoke(DelegatingMethodAccessorImpl.java:43)
	at java.base/java.lang.reflect.Method.invoke(Method.java:569)
	at org.springframework.beans.factory.support.SimpleInstantiationStrategy.lambda$instantiate$0(SimpleInstantiationStrategy.java:171)
	at org.springframework.beans.factory.support.SimpleInstantiationStrategy.instantiateWithFactoryMethod(SimpleInstantiationStrategy.java:88)
	at org.springframework.beans.factory.support.SimpleInstantiationStrategy.instantiate(SimpleInstantiationStrategy.java:168)
	at org.springframework.beans.factory.support.ConstructorResolver.instantiate(ConstructorResolver.java:653)
	at org.springframework.beans.factory.support.ConstructorResolver.instantiateUsingFactoryMethod(ConstructorResolver.java:645)
	at org.springframework.beans.factory.support.AbstractAutowireCapableBeanFactory.instantiateUsingFactoryMethod(AbstractAutowireCapableBeanFactory.java:1361)
	at org.springframework.beans.factory.support.AbstractAutowireCapableBeanFactory.createBeanInstance(AbstractAutowireCapableBeanFactory.java:1191)
	at org.springframework.beans.factory.support.AbstractAutowireCapableBeanFactory.doCreateBean(AbstractAutowireCapableBeanFactory.java:563)
	at org.springframework.beans.factory.support.AbstractAutowireCapableBeanFactory.createBean(AbstractAutowireCapableBeanFactory.java:523)
	at org.springframework.beans.factory.support.AbstractBeanFactory.lambda$doGetBean$1(AbstractBeanFactory.java:378)
	at org.springframework.cloud.context.scope.GenericScope$BeanLifecycleWrapper.getBean(GenericScope.java:375)
	at org.springframework.cloud.context.scope.GenericScope.get(GenericScope.java:179)
	at org.springframework.beans.factory.support.AbstractBeanFactory.doGetBean(AbstractBeanFactory.java:375)
	at org.springframework.beans.factory.support.AbstractBeanFactory.getBean(AbstractBeanFactory.java:202)
	at org.springframework.aop.target.SimpleBeanTargetSource.getTarget(SimpleBeanTargetSource.java:35)
	at org.springframework.cloud.netflix.eureka.serviceregistry.EurekaRegistration.getTargetObject(EurekaRegistration.java:128)
	at org.springframework.cloud.netflix.eureka.serviceregistry.EurekaRegistration.getEurekaClient(EurekaRegistration.java:116)
	at java.base/jdk.internal.reflect.NativeMethodAccessorImpl.invoke0(Native Method)
	at java.base/jdk.internal.reflect.NativeMethodAccessorImpl.invoke(NativeMethodAccessorImpl.java:77)
	at java.base/jdk.internal.reflect.DelegatingMethodAccessorImpl.invoke(DelegatingMethodAccessorImpl.java:43)
	at java.base/java.lang.reflect.Method.invoke(Method.java:569)
	at org.springframework.util.ReflectionUtils.invokeMethod(ReflectionUtils.java:281)
	at org.springframework.cloud.context.scope.GenericScope$LockedScopedProxyFactoryBean.invoke(GenericScope.java:482)
	at org.springframework.aop.framework.ReflectiveMethodInvocation.proceed(ReflectiveMethodInvocation.java:184)
	at org.springframework.aop.framework.CglibAopProxy$DynamicAdvisedInterceptor.intercept(CglibAopProxy.java:727)
	at org.springframework.cloud.netflix.eureka.serviceregistry.EurekaRegistration$$SpringCGLIB$$0.getEurekaClient(<generated>)
	at org.springframework.cloud.netflix.eureka.serviceregistry.EurekaServiceRegistry.maybeInitializeClient(EurekaServiceRegistry.java:83)
	at org.springframework.cloud.netflix.eureka.serviceregistry.EurekaServiceRegistry.register(EurekaServiceRegistry.java:66)
	at org.springframework.cloud.netflix.eureka.serviceregistry.EurekaAutoServiceRegistration.start(EurekaAutoServiceRegistration.java:89)
	at org.springframework.context.support.DefaultLifecycleProcessor.doStart(DefaultLifecycleProcessor.java:323)
	at org.springframework.context.support.DefaultLifecycleProcessor$LifecycleGroup.start(DefaultLifecycleProcessor.java:510)
	at java.base/java.lang.Iterable.forEach(Iterable.java:75)
	at org.springframework.context.support.DefaultLifecycleProcessor.startBeans(DefaultLifecycleProcessor.java:295)
	at org.springframework.context.support.DefaultLifecycleProcessor.onRefresh(DefaultLifecycleProcessor.java:240)
	at org.springframework.context.support.AbstractApplicationContext.finishRefresh(AbstractApplicationContext.java:1006)
	at org.springframework.context.support.AbstractApplicationContext.refresh(AbstractApplicationContext.java:630)
	at org.springframework.boot.SpringApplication.refresh(SpringApplication.java:752)
	at org.springframework.boot.SpringApplication.refreshContext(SpringApplication.java:439)
	at org.springframework.boot.SpringApplication.run(SpringApplication.java:318)
	at org.springframework.boot.test.context.SpringBootContextLoader.lambda$loadContext$3(SpringBootContextLoader.java:137)
	at org.springframework.util.function.ThrowingSupplier.get(ThrowingSupplier.java:58)
	at org.springframework.util.function.ThrowingSupplier.get(ThrowingSupplier.java:46)
	at org.springframework.boot.SpringApplication.withHook(SpringApplication.java:1461)
	at org.springframework.boot.test.context.SpringBootContextLoader$ContextLoaderHook.run(SpringBootContextLoader.java:553)
	at org.springframework.boot.test.context.SpringBootContextLoader.loadContext(SpringBootContextLoader.java:137)
	at org.springframework.boot.test.context.SpringBootContextLoader.loadContext(SpringBootContextLoader.java:108)
	at org.springframework.test.context.cache.DefaultCacheAwareContextLoaderDelegate.loadContextInternal(DefaultCacheAwareContextLoaderDelegate.java:225)
	at org.springframework.test.context.cache.DefaultCacheAwareContextLoaderDelegate.loadContext(DefaultCacheAwareContextLoaderDelegate.java:152)
	at org.springframework.test.context.support.DefaultTestContext.getApplicationContext(DefaultTestContext.java:130)
	at org.springframework.test.context.support.DependencyInjectionTestExecutionListener.injectDependencies(DependencyInjectionTestExecutionListener.java:155)
	at org.springframework.test.context.support.DependencyInjectionTestExecutionListener.prepareTestInstance(DependencyInjectionTestExecutionListener.java:111)
	at org.springframework.test.context.TestContextManager.prepareTestInstance(TestContextManager.java:260)
	at org.springframework.test.context.junit.jupiter.SpringExtension.postProcessTestInstance(SpringExtension.java:160)
	at org.junit.jupiter.engine.descriptor.ClassBasedTestDescriptor.lambda$invokeTestInstancePostProcessors$11(ClassBasedTestDescriptor.java:378)
	at org.junit.jupiter.engine.descriptor.ClassBasedTestDescriptor.executeAndMaskThrowable(ClassBasedTestDescriptor.java:383)
	at org.junit.jupiter.engine.descriptor.ClassBasedTestDescriptor.lambda$invokeTestInstancePostProcessors$12(ClassBasedTestDescriptor.java:378)
	at java.base/java.util.stream.ForEachOps$ForEachOp$OfRef.accept(ForEachOps.java:183)
	at java.base/java.util.stream.ReferencePipeline$3$1.accept(ReferencePipeline.java:197)
	at java.base/java.util.stream.ReferencePipeline$2$1.accept(ReferencePipeline.java:179)
	at java.base/java.util.stream.ReferencePipeline$3$1.accept(ReferencePipeline.java:197)
	at java.base/java.util.ArrayList$ArrayListSpliterator.forEachRemaining(ArrayList.java:1625)
	at java.base/java.util.stream.AbstractPipeline.copyInto(AbstractPipeline.java:509)
	at java.base/java.util.stream.AbstractPipeline.wrapAndCopyInto(AbstractPipeline.java:499)
	at java.base/java.util.stream.ForEachOps$ForEachOp.evaluateSequential(ForEachOps.java:150)
	at java.base/java.util.stream.ForEachOps$ForEachOp$OfRef.evaluateSequential(ForEachOps.java:173)
	at java.base/java.util.stream.AbstractPipeline.evaluate(AbstractPipeline.java:234)
	at java.base/java.util.stream.ReferencePipeline.forEach(ReferencePipeline.java:596)
	at org.junit.jupiter.engine.descriptor.ClassBasedTestDescriptor.invokeTestInstancePostProcessors(ClassBasedTestDescriptor.java:377)
	at org.junit.jupiter.engine.descriptor.ClassBasedTestDescriptor.lambda$instantiateAndPostProcessTestInstance$7(ClassBasedTestDescriptor.java:290)
	at org.junit.platform.engine.support.hierarchical.ThrowableCollector.execute(ThrowableCollector.java:73)
	at org.junit.jupiter.engine.descriptor.ClassBasedTestDescriptor.instantiateAndPostProcessTestInstance(ClassBasedTestDescriptor.java:289)
	at org.junit.jupiter.engine.descriptor.ClassBasedTestDescriptor.lambda$testInstancesProvider$5(ClassBasedTestDescriptor.java:279)
	at java.base/java.util.Optional.orElseGet(Optional.java:364)
	at org.junit.jupiter.engine.descriptor.ClassBasedTestDescriptor.lambda$testInstancesProvider$6(ClassBasedTestDescriptor.java:278)
	at org.junit.jupiter.engine.execution.TestInstancesProvider.getTestInstances(TestInstancesProvider.java:31)
	at org.junit.jupiter.engine.descriptor.TestMethodTestDescriptor.lambda$prepare$1(TestMethodTestDescriptor.java:105)
	at org.junit.platform.engine.support.hierarchical.ThrowableCollector.execute(ThrowableCollector.java:73)
	at org.junit.jupiter.engine.descriptor.TestMethodTestDescriptor.prepare(TestMethodTestDescriptor.java:104)
	at org.junit.jupiter.engine.descriptor.TestMethodTestDescriptor.prepare(TestMethodTestDescriptor.java:68)
	at org.junit.platform.engine.support.hierarchical.NodeTestTask.lambda$prepare$2(NodeTestTask.java:128)
	at org.junit.platform.engine.support.hierarchical.ThrowableCollector.execute(ThrowableCollector.java:73)
	at org.junit.platform.engine.support.hierarchical.NodeTestTask.prepare(NodeTestTask.java:128)
	at org.junit.platform.engine.support.hierarchical.NodeTestTask.execute(NodeTestTask.java:95)
	at java.base/java.util.ArrayList.forEach(ArrayList.java:1511)
	at org.junit.platform.engine.support.hierarchical.SameThreadHierarchicalTestExecutorService.invokeAll(SameThreadHierarchicalTestExecutorService.java:41)
	at org.junit.platform.engine.support.hierarchical.NodeTestTask.lambda$executeRecursively$6(NodeTestTask.java:160)
	at org.junit.platform.engine.support.hierarchical.ThrowableCollector.execute(ThrowableCollector.java:73)
	at org.junit.platform.engine.support.hierarchical.NodeTestTask.lambda$executeRecursively$8(NodeTestTask.java:146)
	at org.junit.platform.engine.support.hierarchical.Node.around(Node.java:137)
	at org.junit.platform.engine.support.hierarchical.NodeTestTask.lambda$executeRecursively$9(NodeTestTask.java:144)
	at org.junit.platform.engine.support.hierarchical.ThrowableCollector.execute(ThrowableCollector.java:73)
	at org.junit.platform.engine.support.hierarchical.NodeTestTask.executeRecursively(NodeTestTask.java:143)
	at org.junit.platform.engine.support.hierarchical.NodeTestTask.execute(NodeTestTask.java:100)
	at java.base/java.util.ArrayList.forEach(ArrayList.java:1511)
	at org.junit.platform.engine.support.hierarchical.SameThreadHierarchicalTestExecutorService.invokeAll(SameThreadHierarchicalTestExecutorService.java:41)
	at org.junit.platform.engine.support.hierarchical.NodeTestTask.lambda$executeRecursively$6(NodeTestTask.java:160)
	at org.junit.platform.engine.support.hierarchical.ThrowableCollector.execute(ThrowableCollector.java:73)
	at org.junit.platform.engine.support.hierarchical.NodeTestTask.lambda$executeRecursively$8(NodeTestTask.java:146)
	at org.junit.platform.engine.support.hierarchical.Node.around(Node.java:137)
	at org.junit.platform.engine.support.hierarchical.NodeTestTask.lambda$executeRecursively$9(NodeTestTask.java:144)
	at org.junit.platform.engine.support.hierarchical.ThrowableCollector.execute(ThrowableCollector.java:73)
	at org.junit.platform.engine.support.hierarchical.NodeTestTask.executeRecursively(NodeTestTask.java:143)
	at org.junit.platform.engine.support.hierarchical.NodeTestTask.execute(NodeTestTask.java:100)
	at org.junit.platform.engine.support.hierarchical.SameThreadHierarchicalTestExecutorService.submit(SameThreadHierarchicalTestExecutorService.java:35)
	at org.junit.platform.engine.support.hierarchical.HierarchicalTestExecutor.execute(HierarchicalTestExecutor.java:57)
	at org.junit.platform.engine.support.hierarchical.HierarchicalTestEngine.execute(HierarchicalTestEngine.java:54)
	at org.junit.platform.launcher.core.EngineExecutionOrchestrator.execute(EngineExecutionOrchestrator.java:198)
	at org.junit.platform.launcher.core.EngineExecutionOrchestrator.execute(EngineExecutionOrchestrator.java:169)
	at org.junit.platform.launcher.core.EngineExecutionOrchestrator.execute(EngineExecutionOrchestrator.java:93)
	at org.junit.platform.launcher.core.EngineExecutionOrchestrator.lambda$execute$0(EngineExecutionOrchestrator.java:58)
	at org.junit.platform.launcher.core.EngineExecutionOrchestrator.withInterceptedStreams(EngineExecutionOrchestrator.java:141)
	at org.junit.platform.launcher.core.EngineExecutionOrchestrator.execute(EngineExecutionOrchestrator.java:57)
	at org.junit.platform.launcher.core.DefaultLauncher.execute(DefaultLauncher.java:103)
	at org.junit.platform.launcher.core.DefaultLauncher.execute(DefaultLauncher.java:85)
	at org.junit.platform.launcher.core.DelegatingLauncher.execute(DelegatingLauncher.java:47)
	at org.apache.maven.surefire.junitplatform.LazyLauncher.execute(LazyLauncher.java:56)
	at org.apache.maven.surefire.junitplatform.JUnitPlatformProvider.execute(JUnitPlatformProvider.java:184)
	at org.apache.maven.surefire.junitplatform.JUnitPlatformProvider.invokeAllTests(JUnitPlatformProvider.java:148)
	at org.apache.maven.surefire.junitplatform.JUnitPlatformProvider.invoke(JUnitPlatformProvider.java:122)
	at org.apache.maven.surefire.booter.ForkedBooter.runSuitesInProcess(ForkedBooter.java:385)
	at org.apache.maven.surefire.booter.ForkedBooter.execute(ForkedBooter.java:162)
	at org.apache.maven.surefire.booter.ForkedBooter.run(ForkedBooter.java:507)
	at org.apache.maven.surefire.booter.ForkedBooter.main(ForkedBooter.java:495)
Caused by: org.apache.hc.client5.http.HttpHostConnectException: Connect to http://localhost:8761 [localhost/127.0.0.1] failed: Conexão recusada
	at java.base/sun.nio.ch.Net.pollConnect(Native Method)
	at java.base/sun.nio.ch.Net.pollConnectNow(Net.java:672)
	at java.base/sun.nio.ch.NioSocketImpl.timedFinishConnect(NioSocketImpl.java:547)
	at java.base/sun.nio.ch.NioSocketImpl.connect(NioSocketImpl.java:602)
	at java.base/java.net.SocksSocketImpl.connect(SocksSocketImpl.java:327)
	at java.base/java.net.Socket.connect(Socket.java:639)
	at org.apache.hc.client5.http.impl.io.DefaultHttpClientConnectionOperator.connect(DefaultHttpClientConnectionOperator.java:216)
	at org.apache.hc.client5.http.impl.io.PoolingHttpClientConnectionManager.connect(PoolingHttpClientConnectionManager.java:490)
	at org.apache.hc.client5.http.impl.classic.InternalExecRuntime.connectEndpoint(InternalExecRuntime.java:164)
	at org.apache.hc.client5.http.impl.classic.InternalExecRuntime.connectEndpoint(InternalExecRuntime.java:174)
	at org.apache.hc.client5.http.impl.classic.ConnectExec.execute(ConnectExec.java:144)
	at org.apache.hc.client5.http.impl.classic.ExecChainElement.execute(ExecChainElement.java:51)
	at org.apache.hc.client5.http.impl.classic.ProtocolExec.execute(ProtocolExec.java:192)
	at org.apache.hc.client5.http.impl.classic.ExecChainElement.execute(ExecChainElement.java:51)
	at org.apache.hc.client5.http.impl.classic.ContentCompressionExec.execute(ContentCompressionExec.java:150)
	at org.apache.hc.client5.http.impl.classic.ExecChainElement.execute(ExecChainElement.java:51)
	at org.apache.hc.client5.http.impl.classic.HttpRequestRetryExec.execute(HttpRequestRetryExec.java:113)
	at org.apache.hc.client5.http.impl.classic.ExecChainElement.execute(ExecChainElement.java:51)
	at org.apache.hc.client5.http.impl.classic.RedirectExec.execute(RedirectExec.java:110)
	at org.apache.hc.client5.http.impl.classic.ExecChainElement.execute(ExecChainElement.java:51)
	at org.apache.hc.client5.http.impl.classic.InternalHttpClient.doExecute(InternalHttpClient.java:174)
	at org.apache.hc.client5.http.impl.classic.CloseableHttpClient.execute(CloseableHttpClient.java:87)
	at org.apache.hc.client5.http.impl.classic.CloseableHttpClient.execute(CloseableHttpClient.java:55)
	at org.apache.hc.client5.http.classic.HttpClient.executeOpen(HttpClient.java:183)
	at org.springframework.http.client.HttpComponentsClientHttpRequest.executeInternal(HttpComponentsClientHttpRequest.java:99)
	at org.springframework.http.client.AbstractStreamingClientHttpRequest.executeInternal(AbstractStreamingClientHttpRequest.java:71)
	at org.springframework.http.client.AbstractClientHttpRequest.execute(AbstractClientHttpRequest.java:81)
	at org.springframework.http.client.InterceptingClientHttpRequest$InterceptingRequestExecution.execute(InterceptingClientHttpRequest.java:117)
	at org.springframework.cloud.netflix.eureka.http.RestTemplateTransportClientFactory.lambda$restTemplate$2(RestTemplateTransportClientFactory.java:145)
	at org.springframework.http.client.InterceptingClientHttpRequest$InterceptingRequestExecution.execute(InterceptingClientHttpRequest.java:88)
	at org.springframework.http.client.InterceptingClientHttpRequest.executeInternal(InterceptingClientHttpRequest.java:72)
	at org.springframework.http.client.AbstractBufferingClientHttpRequest.executeInternal(AbstractBufferingClientHttpRequest.java:48)
	at org.springframework.http.client.AbstractClientHttpRequest.execute(AbstractClientHttpRequest.java:81)
	at org.springframework.web.client.RestTemplate.doExecute(RestTemplate.java:899)
	... 148 more

2026-03-19T20:38:11.513-03:00  WARN 77732 --- [api-gateway] [           main] c.n.d.s.t.d.RetryableEurekaHttpClient    : Request execution failed with message: I/O error on GET request for "http://localhost:8761/eureka/apps/": Connect to http://localhost:8761 [localhost/127.0.0.1] failed: Conexão recusada
2026-03-19T20:38:11.522-03:00  INFO 77732 --- [api-gateway] [           main] com.netflix.discovery.DiscoveryClient    : DiscoveryClient_API-GATEWAY/192.168.20.102:api-gateway:8080 - was unable to refresh its cache! This periodic background refresh will be retried in 30 seconds. status = Cannot execute request on any known server stacktrace = com.netflix.discovery.shared.transport.TransportException: Cannot execute request on any known server
	at com.netflix.discovery.shared.transport.decorator.RetryableEurekaHttpClient.execute(RetryableEurekaHttpClient.java:112)
	at com.netflix.discovery.shared.transport.decorator.EurekaHttpClientDecorator.getApplications(EurekaHttpClientDecorator.java:134)
	at com.netflix.discovery.shared.transport.decorator.EurekaHttpClientDecorator$6.execute(EurekaHttpClientDecorator.java:137)
	at com.netflix.discovery.shared.transport.decorator.SessionedEurekaHttpClient.execute(SessionedEurekaHttpClient.java:76)
	at com.netflix.discovery.shared.transport.decorator.EurekaHttpClientDecorator.getApplications(EurekaHttpClientDecorator.java:134)
	at com.netflix.discovery.DiscoveryClient.getAndStoreFullRegistry(DiscoveryClient.java:1046)
	at com.netflix.discovery.DiscoveryClient.fetchRegistry(DiscoveryClient.java:961)
	at com.netflix.discovery.DiscoveryClient.<init>(DiscoveryClient.java:410)
	at com.netflix.discovery.DiscoveryClient.<init>(DiscoveryClient.java:245)
	at com.netflix.discovery.DiscoveryClient.<init>(DiscoveryClient.java:240)
	at org.springframework.cloud.netflix.eureka.CloudEurekaClient.<init>(CloudEurekaClient.java:68)
	at org.springframework.cloud.netflix.eureka.EurekaClientAutoConfiguration$RefreshableEurekaClientConfiguration.eurekaClient(EurekaClientAutoConfiguration.java:324)
	at java.base/jdk.internal.reflect.NativeMethodAccessorImpl.invoke0(Native Method)
	at java.base/jdk.internal.reflect.NativeMethodAccessorImpl.invoke(NativeMethodAccessorImpl.java:77)
	at java.base/jdk.internal.reflect.DelegatingMethodAccessorImpl.invoke(DelegatingMethodAccessorImpl.java:43)
	at java.base/java.lang.reflect.Method.invoke(Method.java:569)
	at org.springframework.beans.factory.support.SimpleInstantiationStrategy.lambda$instantiate$0(SimpleInstantiationStrategy.java:171)
	at org.springframework.beans.factory.support.SimpleInstantiationStrategy.instantiateWithFactoryMethod(SimpleInstantiationStrategy.java:88)
	at org.springframework.beans.factory.support.SimpleInstantiationStrategy.instantiate(SimpleInstantiationStrategy.java:168)
	at org.springframework.beans.factory.support.ConstructorResolver.instantiate(ConstructorResolver.java:653)
	at org.springframework.beans.factory.support.ConstructorResolver.instantiateUsingFactoryMethod(ConstructorResolver.java:645)
	at org.springframework.beans.factory.support.AbstractAutowireCapableBeanFactory.instantiateUsingFactoryMethod(AbstractAutowireCapableBeanFactory.java:1361)
	at org.springframework.beans.factory.support.AbstractAutowireCapableBeanFactory.createBeanInstance(AbstractAutowireCapableBeanFactory.java:1191)
	at org.springframework.beans.factory.support.AbstractAutowireCapableBeanFactory.doCreateBean(AbstractAutowireCapableBeanFactory.java:563)
	at org.springframework.beans.factory.support.AbstractAutowireCapableBeanFactory.createBean(AbstractAutowireCapableBeanFactory.java:523)
	at org.springframework.beans.factory.support.AbstractBeanFactory.lambda$doGetBean$1(AbstractBeanFactory.java:378)
	at org.springframework.cloud.context.scope.GenericScope$BeanLifecycleWrapper.getBean(GenericScope.java:375)
	at org.springframework.cloud.context.scope.GenericScope.get(GenericScope.java:179)
	at org.springframework.beans.factory.support.AbstractBeanFactory.doGetBean(AbstractBeanFactory.java:375)
	at org.springframework.beans.factory.support.AbstractBeanFactory.getBean(AbstractBeanFactory.java:202)
	at org.springframework.aop.target.SimpleBeanTargetSource.getTarget(SimpleBeanTargetSource.java:35)
	at org.springframework.cloud.netflix.eureka.serviceregistry.EurekaRegistration.getTargetObject(EurekaRegistration.java:128)
	at org.springframework.cloud.netflix.eureka.serviceregistry.EurekaRegistration.getEurekaClient(EurekaRegistration.java:116)
	at java.base/jdk.internal.reflect.NativeMethodAccessorImpl.invoke0(Native Method)
	at java.base/jdk.internal.reflect.NativeMethodAccessorImpl.invoke(NativeMethodAccessorImpl.java:77)
	at java.base/jdk.internal.reflect.DelegatingMethodAccessorImpl.invoke(DelegatingMethodAccessorImpl.java:43)
	at java.base/java.lang.reflect.Method.invoke(Method.java:569)
	at org.springframework.util.ReflectionUtils.invokeMethod(ReflectionUtils.java:281)
	at org.springframework.cloud.context.scope.GenericScope$LockedScopedProxyFactoryBean.invoke(GenericScope.java:482)
	at org.springframework.aop.framework.ReflectiveMethodInvocation.proceed(ReflectiveMethodInvocation.java:184)
	at org.springframework.aop.framework.CglibAopProxy$DynamicAdvisedInterceptor.intercept(CglibAopProxy.java:727)
	at org.springframework.cloud.netflix.eureka.serviceregistry.EurekaRegistration$$SpringCGLIB$$0.getEurekaClient(<generated>)
	at org.springframework.cloud.netflix.eureka.serviceregistry.EurekaServiceRegistry.maybeInitializeClient(EurekaServiceRegistry.java:83)
	at org.springframework.cloud.netflix.eureka.serviceregistry.EurekaServiceRegistry.register(EurekaServiceRegistry.java:66)
	at org.springframework.cloud.netflix.eureka.serviceregistry.EurekaAutoServiceRegistration.start(EurekaAutoServiceRegistration.java:89)
	at org.springframework.context.support.DefaultLifecycleProcessor.doStart(DefaultLifecycleProcessor.java:323)
	at org.springframework.context.support.DefaultLifecycleProcessor$LifecycleGroup.start(DefaultLifecycleProcessor.java:510)
	at java.base/java.lang.Iterable.forEach(Iterable.java:75)
	at org.springframework.context.support.DefaultLifecycleProcessor.startBeans(DefaultLifecycleProcessor.java:295)
	at org.springframework.context.support.DefaultLifecycleProcessor.onRefresh(DefaultLifecycleProcessor.java:240)
	at org.springframework.context.support.AbstractApplicationContext.finishRefresh(AbstractApplicationContext.java:1006)
	at org.springframework.context.support.AbstractApplicationContext.refresh(AbstractApplicationContext.java:630)
	at org.springframework.boot.SpringApplication.refresh(SpringApplication.java:752)
	at org.springframework.boot.SpringApplication.refreshContext(SpringApplication.java:439)
	at org.springframework.boot.SpringApplication.run(SpringApplication.java:318)
	at org.springframework.boot.test.context.SpringBootContextLoader.lambda$loadContext$3(SpringBootContextLoader.java:137)
	at org.springframework.util.function.ThrowingSupplier.get(ThrowingSupplier.java:58)
	at org.springframework.util.function.ThrowingSupplier.get(ThrowingSupplier.java:46)
	at org.springframework.boot.SpringApplication.withHook(SpringApplication.java:1461)
	at org.springframework.boot.test.context.SpringBootContextLoader$ContextLoaderHook.run(SpringBootContextLoader.java:553)
	at org.springframework.boot.test.context.SpringBootContextLoader.loadContext(SpringBootContextLoader.java:137)
	at org.springframework.boot.test.context.SpringBootContextLoader.loadContext(SpringBootContextLoader.java:108)
	at org.springframework.test.context.cache.DefaultCacheAwareContextLoaderDelegate.loadContextInternal(DefaultCacheAwareContextLoaderDelegate.java:225)
	at org.springframework.test.context.cache.DefaultCacheAwareContextLoaderDelegate.loadContext(DefaultCacheAwareContextLoaderDelegate.java:152)
	at org.springframework.test.context.support.DefaultTestContext.getApplicationContext(DefaultTestContext.java:130)
	at org.springframework.test.context.support.DependencyInjectionTestExecutionListener.injectDependencies(DependencyInjectionTestExecutionListener.java:155)
	at org.springframework.test.context.support.DependencyInjectionTestExecutionListener.prepareTestInstance(DependencyInjectionTestExecutionListener.java:111)
	at org.springframework.test.context.TestContextManager.prepareTestInstance(TestContextManager.java:260)
	at org.springframework.test.context.junit.jupiter.SpringExtension.postProcessTestInstance(SpringExtension.java:160)
	at org.junit.jupiter.engine.descriptor.ClassBasedTestDescriptor.lambda$invokeTestInstancePostProcessors$11(ClassBasedTestDescriptor.java:378)
	at org.junit.jupiter.engine.descriptor.ClassBasedTestDescriptor.executeAndMaskThrowable(ClassBasedTestDescriptor.java:383)
	at org.junit.jupiter.engine.descriptor.ClassBasedTestDescriptor.lambda$invokeTestInstancePostProcessors$12(ClassBasedTestDescriptor.java:378)
	at java.base/java.util.stream.ForEachOps$ForEachOp$OfRef.accept(ForEachOps.java:183)
	at java.base/java.util.stream.ReferencePipeline$3$1.accept(ReferencePipeline.java:197)
	at java.base/java.util.stream.ReferencePipeline$2$1.accept(ReferencePipeline.java:179)
	at java.base/java.util.stream.ReferencePipeline$3$1.accept(ReferencePipeline.java:197)
	at java.base/java.util.ArrayList$ArrayListSpliterator.forEachRemaining(ArrayList.java:1625)
	at java.base/java.util.stream.AbstractPipeline.copyInto(AbstractPipeline.java:509)
	at java.base/java.util.stream.AbstractPipeline.wrapAndCopyInto(AbstractPipeline.java:499)
	at java.base/java.util.stream.ForEachOps$ForEachOp.evaluateSequential(ForEachOps.java:150)
	at java.base/java.util.stream.ForEachOps$ForEachOp$OfRef.evaluateSequential(ForEachOps.java:173)
	at java.base/java.util.stream.AbstractPipeline.evaluate(AbstractPipeline.java:234)
	at java.base/java.util.stream.ReferencePipeline.forEach(ReferencePipeline.java:596)
	at org.junit.jupiter.engine.descriptor.ClassBasedTestDescriptor.invokeTestInstancePostProcessors(ClassBasedTestDescriptor.java:377)
	at org.junit.jupiter.engine.descriptor.ClassBasedTestDescriptor.lambda$instantiateAndPostProcessTestInstance$7(ClassBasedTestDescriptor.java:290)
	at org.junit.platform.engine.support.hierarchical.ThrowableCollector.execute(ThrowableCollector.java:73)
	at org.junit.jupiter.engine.descriptor.ClassBasedTestDescriptor.instantiateAndPostProcessTestInstance(ClassBasedTestDescriptor.java:289)
	at org.junit.jupiter.engine.descriptor.ClassBasedTestDescriptor.lambda$testInstancesProvider$5(ClassBasedTestDescriptor.java:279)
	at java.base/java.util.Optional.orElseGet(Optional.java:364)
	at org.junit.jupiter.engine.descriptor.ClassBasedTestDescriptor.lambda$testInstancesProvider$6(ClassBasedTestDescriptor.java:278)
	at org.junit.jupiter.engine.execution.TestInstancesProvider.getTestInstances(TestInstancesProvider.java:31)
	at org.junit.jupiter.engine.descriptor.TestMethodTestDescriptor.lambda$prepare$1(TestMethodTestDescriptor.java:105)
	at org.junit.platform.engine.support.hierarchical.ThrowableCollector.execute(ThrowableCollector.java:73)
	at org.junit.jupiter.engine.descriptor.TestMethodTestDescriptor.prepare(TestMethodTestDescriptor.java:104)
	at org.junit.jupiter.engine.descriptor.TestMethodTestDescriptor.prepare(TestMethodTestDescriptor.java:68)
	at org.junit.platform.engine.support.hierarchical.NodeTestTask.lambda$prepare$2(NodeTestTask.java:128)
	at org.junit.platform.engine.support.hierarchical.ThrowableCollector.execute(ThrowableCollector.java:73)
	at org.junit.platform.engine.support.hierarchical.NodeTestTask.prepare(NodeTestTask.java:128)
	at org.junit.platform.engine.support.hierarchical.NodeTestTask.execute(NodeTestTask.java:95)
	at java.base/java.util.ArrayList.forEach(ArrayList.java:1511)
	at org.junit.platform.engine.support.hierarchical.SameThreadHierarchicalTestExecutorService.invokeAll(SameThreadHierarchicalTestExecutorService.java:41)
	at org.junit.platform.engine.support.hierarchical.NodeTestTask.lambda$executeRecursively$6(NodeTestTask.java:160)
	at org.junit.platform.engine.support.hierarchical.ThrowableCollector.execute(ThrowableCollector.java:73)
	at org.junit.platform.engine.support.hierarchical.NodeTestTask.lambda$executeRecursively$8(NodeTestTask.java:146)
	at org.junit.platform.engine.support.hierarchical.Node.around(Node.java:137)
	at org.junit.platform.engine.support.hierarchical.NodeTestTask.lambda$executeRecursively$9(NodeTestTask.java:144)
	at org.junit.platform.engine.support.hierarchical.ThrowableCollector.execute(ThrowableCollector.java:73)
	at org.junit.platform.engine.support.hierarchical.NodeTestTask.executeRecursively(NodeTestTask.java:143)
	at org.junit.platform.engine.support.hierarchical.NodeTestTask.execute(NodeTestTask.java:100)
	at java.base/java.util.ArrayList.forEach(ArrayList.java:1511)
	at org.junit.platform.engine.support.hierarchical.SameThreadHierarchicalTestExecutorService.invokeAll(SameThreadHierarchicalTestExecutorService.java:41)
	at org.junit.platform.engine.support.hierarchical.NodeTestTask.lambda$executeRecursively$6(NodeTestTask.java:160)
	at org.junit.platform.engine.support.hierarchical.ThrowableCollector.execute(ThrowableCollector.java:73)
	at org.junit.platform.engine.support.hierarchical.NodeTestTask.lambda$executeRecursively$8(NodeTestTask.java:146)
	at org.junit.platform.engine.support.hierarchical.Node.around(Node.java:137)
	at org.junit.platform.engine.support.hierarchical.NodeTestTask.lambda$executeRecursively$9(NodeTestTask.java:144)
	at org.junit.platform.engine.support.hierarchical.ThrowableCollector.execute(ThrowableCollector.java:73)
	at org.junit.platform.engine.support.hierarchical.NodeTestTask.executeRecursively(NodeTestTask.java:143)
	at org.junit.platform.engine.support.hierarchical.NodeTestTask.execute(NodeTestTask.java:100)
	at org.junit.platform.engine.support.hierarchical.SameThreadHierarchicalTestExecutorService.submit(SameThreadHierarchicalTestExecutorService.java:35)
	at org.junit.platform.engine.support.hierarchical.HierarchicalTestExecutor.execute(HierarchicalTestExecutor.java:57)
	at org.junit.platform.engine.support.hierarchical.HierarchicalTestEngine.execute(HierarchicalTestEngine.java:54)
	at org.junit.platform.launcher.core.EngineExecutionOrchestrator.execute(EngineExecutionOrchestrator.java:198)
	at org.junit.platform.launcher.core.EngineExecutionOrchestrator.execute(EngineExecutionOrchestrator.java:169)
	at org.junit.platform.launcher.core.EngineExecutionOrchestrator.execute(EngineExecutionOrchestrator.java:93)
	at org.junit.platform.launcher.core.EngineExecutionOrchestrator.lambda$execute$0(EngineExecutionOrchestrator.java:58)
	at org.junit.platform.launcher.core.EngineExecutionOrchestrator.withInterceptedStreams(EngineExecutionOrchestrator.java:141)
	at org.junit.platform.launcher.core.EngineExecutionOrchestrator.execute(EngineExecutionOrchestrator.java:57)
	at org.junit.platform.launcher.core.DefaultLauncher.execute(DefaultLauncher.java:103)
	at org.junit.platform.launcher.core.DefaultLauncher.execute(DefaultLauncher.java:85)
	at org.junit.platform.launcher.core.DelegatingLauncher.execute(DelegatingLauncher.java:47)
	at org.apache.maven.surefire.junitplatform.LazyLauncher.execute(LazyLauncher.java:56)
	at org.apache.maven.surefire.junitplatform.JUnitPlatformProvider.execute(JUnitPlatformProvider.java:184)
	at org.apache.maven.surefire.junitplatform.JUnitPlatformProvider.invokeAllTests(JUnitPlatformProvider.java:148)
	at org.apache.maven.surefire.junitplatform.JUnitPlatformProvider.invoke(JUnitPlatformProvider.java:122)
	at org.apache.maven.surefire.booter.ForkedBooter.runSuitesInProcess(ForkedBooter.java:385)
	at org.apache.maven.surefire.booter.ForkedBooter.execute(ForkedBooter.java:162)
	at org.apache.maven.surefire.booter.ForkedBooter.run(ForkedBooter.java:507)
	at org.apache.maven.surefire.booter.ForkedBooter.main(ForkedBooter.java:495)

2026-03-19T20:38:11.536-03:00  INFO 77732 --- [api-gateway] [           main] com.netflix.discovery.DiscoveryClient    : Initial registry fetch from primary servers failed
2026-03-19T20:38:11.537-03:00  WARN 77732 --- [api-gateway] [           main] com.netflix.discovery.DiscoveryClient    : Using default backup registry implementation which does not do anything.
2026-03-19T20:38:11.538-03:00  INFO 77732 --- [api-gateway] [           main] com.netflix.discovery.DiscoveryClient    : Initial registry fetch from backup servers failed
2026-03-19T20:38:11.579-03:00  INFO 77732 --- [api-gateway] [           main] com.netflix.discovery.DiscoveryClient    : Starting heartbeat executor: renew interval is: 30
2026-03-19T20:38:11.594-03:00  INFO 77732 --- [api-gateway] [           main] c.n.discovery.InstanceInfoReplicator     : InstanceInfoReplicator onDemand update allowed rate per min is 4
2026-03-19T20:38:11.604-03:00  INFO 77732 --- [api-gateway] [           main] com.netflix.discovery.DiscoveryClient    : Discovery Client initialized at timestamp 1773963491603 with initial instances count: 0
2026-03-19T20:38:11.998-03:00  INFO 77727 --- [config-server] [           main] o.s.b.a.e.web.EndpointLinksResolver      : Exposing 1 endpoint beneath base path '/actuator'
2026-03-19T20:38:11.663-03:00  INFO 78044 --- [inventory-service] [localhost:27018] org.mongodb.driver.cluster               : Monitor thread successfully connected to server with description ServerDescription{address=localhost:27018, type=STANDALONE, cryptd=false, state=CONNECTED, ok=true, minWireVersion=0, maxWireVersion=25, maxDocumentSize=16777216, logicalSessionTimeoutMinutes=30, roundTripTimeNanos=157163256, minRoundTripTimeNanos=0}
2026-03-19T20:38:11.617-03:00  INFO 77732 --- [api-gateway] [           main] o.s.c.n.e.s.EurekaServiceRegistry        : Registering application API-GATEWAY with eureka with status UP
2026-03-19T20:38:11.621-03:00  INFO 77732 --- [api-gateway] [           main] com.netflix.discovery.DiscoveryClient    : Saw local status change event StatusChangeEvent [timestamp=1773963491621, current=UP, previous=STARTING]
2026-03-19T20:38:11.642-03:00  INFO 77732 --- [api-gateway] [foReplicator-%d] com.netflix.discovery.DiscoveryClient    : DiscoveryClient_API-GATEWAY/192.168.20.102:api-gateway:8080: registering service...
2026-03-19T20:38:11.953-03:00  INFO 77732 --- [api-gateway] [foReplicator-%d] c.n.d.s.t.d.RedirectingEurekaHttpClient  : Request execution error. endpoint=DefaultEndpoint{ serviceUrl='http://localhost:8761/eureka/}, exception=I/O error on POST request for "http://localhost:8761/eureka/apps/API-GATEWAY": Connect to http://localhost:8761 [localhost/127.0.0.1] failed: Conexão recusada stacktrace=org.springframework.web.client.ResourceAccessException: I/O error on POST request for "http://localhost:8761/eureka/apps/API-GATEWAY": Connect to http://localhost:8761 [localhost/127.0.0.1] failed: Conexão recusada
	at org.springframework.web.client.RestTemplate.createResourceAccessException(RestTemplate.java:925)
	at org.springframework.web.client.RestTemplate.doExecute(RestTemplate.java:905)
	at org.springframework.web.client.RestTemplate.execute(RestTemplate.java:840)
	at org.springframework.web.client.RestTemplate.exchange(RestTemplate.java:701)
	at org.springframework.cloud.netflix.eureka.http.RestTemplateEurekaHttpClient.register(RestTemplateEurekaHttpClient.java:87)
	at com.netflix.discovery.shared.transport.decorator.EurekaHttpClientDecorator$1.execute(EurekaHttpClientDecorator.java:59)
	at com.netflix.discovery.shared.transport.decorator.RedirectingEurekaHttpClient.executeOnNewServer(RedirectingEurekaHttpClient.java:121)
	at com.netflix.discovery.shared.transport.decorator.RedirectingEurekaHttpClient.execute(RedirectingEurekaHttpClient.java:80)
	at com.netflix.discovery.shared.transport.decorator.EurekaHttpClientDecorator.register(EurekaHttpClientDecorator.java:56)
	at com.netflix.discovery.shared.transport.decorator.EurekaHttpClientDecorator$1.execute(EurekaHttpClientDecorator.java:59)
	at com.netflix.discovery.shared.transport.decorator.RetryableEurekaHttpClient.execute(RetryableEurekaHttpClient.java:120)
	at com.netflix.discovery.shared.transport.decorator.EurekaHttpClientDecorator.register(EurekaHttpClientDecorator.java:56)
	at com.netflix.discovery.shared.transport.decorator.EurekaHttpClientDecorator$1.execute(EurekaHttpClientDecorator.java:59)
	at com.netflix.discovery.shared.transport.decorator.SessionedEurekaHttpClient.execute(SessionedEurekaHttpClient.java:76)
	at com.netflix.discovery.shared.transport.decorator.EurekaHttpClientDecorator.register(EurekaHttpClientDecorator.java:56)
	at com.netflix.discovery.DiscoveryClient.register(DiscoveryClient.java:828)
	at com.netflix.discovery.InstanceInfoReplicator.run(InstanceInfoReplicator.java:125)
	at com.netflix.discovery.InstanceInfoReplicator$2.run(InstanceInfoReplicator.java:105)
	at java.base/java.util.concurrent.Executors$RunnableAdapter.call(Executors.java:539)
	at java.base/java.util.concurrent.FutureTask.run(FutureTask.java:264)
	at java.base/java.util.concurrent.ScheduledThreadPoolExecutor$ScheduledFutureTask.run(ScheduledThreadPoolExecutor.java:304)
	at java.base/java.util.concurrent.ThreadPoolExecutor.runWorker(ThreadPoolExecutor.java:1136)
	at java.base/java.util.concurrent.ThreadPoolExecutor$Worker.run(ThreadPoolExecutor.java:635)
	at java.base/java.lang.Thread.run(Thread.java:840)
Caused by: org.apache.hc.client5.http.HttpHostConnectException: Connect to http://localhost:8761 [localhost/127.0.0.1] failed: Conexão recusada
	at java.base/sun.nio.ch.Net.pollConnect(Native Method)
	at java.base/sun.nio.ch.Net.pollConnectNow(Net.java:672)
	at java.base/sun.nio.ch.NioSocketImpl.timedFinishConnect(NioSocketImpl.java:547)
	at java.base/sun.nio.ch.NioSocketImpl.connect(NioSocketImpl.java:602)
	at java.base/java.net.SocksSocketImpl.connect(SocksSocketImpl.java:327)
	at java.base/java.net.Socket.connect(Socket.java:639)
	at org.apache.hc.client5.http.impl.io.DefaultHttpClientConnectionOperator.connect(DefaultHttpClientConnectionOperator.java:216)
	at org.apache.hc.client5.http.impl.io.PoolingHttpClientConnectionManager.connect(PoolingHttpClientConnectionManager.java:490)
	at org.apache.hc.client5.http.impl.classic.InternalExecRuntime.connectEndpoint(InternalExecRuntime.java:164)
	at org.apache.hc.client5.http.impl.classic.InternalExecRuntime.connectEndpoint(InternalExecRuntime.java:174)
	at org.apache.hc.client5.http.impl.classic.ConnectExec.execute(ConnectExec.java:144)
	at org.apache.hc.client5.http.impl.classic.ExecChainElement.execute(ExecChainElement.java:51)
	at org.apache.hc.client5.http.impl.classic.ProtocolExec.execute(ProtocolExec.java:192)
	at org.apache.hc.client5.http.impl.classic.ExecChainElement.execute(ExecChainElement.java:51)
	at org.apache.hc.client5.http.impl.classic.ContentCompressionExec.execute(ContentCompressionExec.java:150)
	at org.apache.hc.client5.http.impl.classic.ExecChainElement.execute(ExecChainElement.java:51)
	at org.apache.hc.client5.http.impl.classic.HttpRequestRetryExec.execute(HttpRequestRetryExec.java:113)
	at org.apache.hc.client5.http.impl.classic.ExecChainElement.execute(ExecChainElement.java:51)
	at org.apache.hc.client5.http.impl.classic.RedirectExec.execute(RedirectExec.java:110)
	at org.apache.hc.client5.http.impl.classic.ExecChainElement.execute(ExecChainElement.java:51)
	at org.apache.hc.client5.http.impl.classic.InternalHttpClient.doExecute(InternalHttpClient.java:174)
	at org.apache.hc.client5.http.impl.classic.CloseableHttpClient.execute(CloseableHttpClient.java:87)
	at org.apache.hc.client5.http.impl.classic.CloseableHttpClient.execute(CloseableHttpClient.java:55)
	at org.apache.hc.client5.http.classic.HttpClient.executeOpen(HttpClient.java:183)
	at org.springframework.http.client.HttpComponentsClientHttpRequest.executeInternal(HttpComponentsClientHttpRequest.java:99)
	at org.springframework.http.client.AbstractStreamingClientHttpRequest.executeInternal(AbstractStreamingClientHttpRequest.java:71)
	at org.springframework.http.client.AbstractClientHttpRequest.execute(AbstractClientHttpRequest.java:81)
	at org.springframework.http.client.InterceptingClientHttpRequest$InterceptingRequestExecution.execute(InterceptingClientHttpRequest.java:117)
	at org.springframework.cloud.netflix.eureka.http.RestTemplateTransportClientFactory.lambda$restTemplate$2(RestTemplateTransportClientFactory.java:145)
	at org.springframework.http.client.InterceptingClientHttpRequest$InterceptingRequestExecution.execute(InterceptingClientHttpRequest.java:88)
	at org.springframework.http.client.InterceptingClientHttpRequest.executeInternal(InterceptingClientHttpRequest.java:72)
	at org.springframework.http.client.AbstractBufferingClientHttpRequest.executeInternal(AbstractBufferingClientHttpRequest.java:48)
	at org.springframework.http.client.AbstractClientHttpRequest.execute(AbstractClientHttpRequest.java:81)
	at org.springframework.web.client.RestTemplate.doExecute(RestTemplate.java:899)
	... 22 more

2026-03-19T20:38:11.954-03:00  WARN 77732 --- [api-gateway] [foReplicator-%d] c.n.d.s.t.d.RetryableEurekaHttpClient    : Request execution failed with message: I/O error on POST request for "http://localhost:8761/eureka/apps/API-GATEWAY": Connect to http://localhost:8761 [localhost/127.0.0.1] failed: Conexão recusada
2026-03-19T20:38:11.955-03:00  WARN 77732 --- [api-gateway] [foReplicator-%d] com.netflix.discovery.DiscoveryClient    : DiscoveryClient_API-GATEWAY/192.168.20.102:api-gateway:8080 - registration failed Cannot execute request on any known server

com.netflix.discovery.shared.transport.TransportException: Cannot execute request on any known server
	at com.netflix.discovery.shared.transport.decorator.RetryableEurekaHttpClient.execute(RetryableEurekaHttpClient.java:112) ~[eureka-client-2.0.4.jar:2.0.4]
	at com.netflix.discovery.shared.transport.decorator.EurekaHttpClientDecorator.register(EurekaHttpClientDecorator.java:56) ~[eureka-client-2.0.4.jar:2.0.4]
	at com.netflix.discovery.shared.transport.decorator.EurekaHttpClientDecorator$1.execute(EurekaHttpClientDecorator.java:59) ~[eureka-client-2.0.4.jar:2.0.4]
	at com.netflix.discovery.shared.transport.decorator.SessionedEurekaHttpClient.execute(SessionedEurekaHttpClient.java:76) ~[eureka-client-2.0.4.jar:2.0.4]
	at com.netflix.discovery.shared.transport.decorator.EurekaHttpClientDecorator.register(EurekaHttpClientDecorator.java:56) ~[eureka-client-2.0.4.jar:2.0.4]
	at com.netflix.discovery.DiscoveryClient.register(DiscoveryClient.java:828) ~[eureka-client-2.0.4.jar:2.0.4]
	at com.netflix.discovery.InstanceInfoReplicator.run(InstanceInfoReplicator.java:125) ~[eureka-client-2.0.4.jar:2.0.4]
	at com.netflix.discovery.InstanceInfoReplicator$2.run(InstanceInfoReplicator.java:105) ~[eureka-client-2.0.4.jar:2.0.4]
	at java.base/java.util.concurrent.Executors$RunnableAdapter.call(Executors.java:539) ~[na:na]
	at java.base/java.util.concurrent.FutureTask.run(FutureTask.java:264) ~[na:na]
	at java.base/java.util.concurrent.ScheduledThreadPoolExecutor$ScheduledFutureTask.run(ScheduledThreadPoolExecutor.java:304) ~[na:na]
	at java.base/java.util.concurrent.ThreadPoolExecutor.runWorker(ThreadPoolExecutor.java:1136) ~[na:na]
	at java.base/java.util.concurrent.ThreadPoolExecutor$Worker.run(ThreadPoolExecutor.java:635) ~[na:na]
	at java.base/java.lang.Thread.run(Thread.java:840) ~[na:na]

2026-03-19T20:38:11.974-03:00  WARN 77732 --- [api-gateway] [foReplicator-%d] c.n.discovery.InstanceInfoReplicator     : There was a problem with the instance info replicator

com.netflix.discovery.shared.transport.TransportException: Cannot execute request on any known server
	at com.netflix.discovery.shared.transport.decorator.RetryableEurekaHttpClient.execute(RetryableEurekaHttpClient.java:112) ~[eureka-client-2.0.4.jar:2.0.4]
	at com.netflix.discovery.shared.transport.decorator.EurekaHttpClientDecorator.register(EurekaHttpClientDecorator.java:56) ~[eureka-client-2.0.4.jar:2.0.4]
	at com.netflix.discovery.shared.transport.decorator.EurekaHttpClientDecorator$1.execute(EurekaHttpClientDecorator.java:59) ~[eureka-client-2.0.4.jar:2.0.4]
	at com.netflix.discovery.shared.transport.decorator.SessionedEurekaHttpClient.execute(SessionedEurekaHttpClient.java:76) ~[eureka-client-2.0.4.jar:2.0.4]
	at com.netflix.discovery.shared.transport.decorator.EurekaHttpClientDecorator.register(EurekaHttpClientDecorator.java:56) ~[eureka-client-2.0.4.jar:2.0.4]
	at com.netflix.discovery.DiscoveryClient.register(DiscoveryClient.java:828) ~[eureka-client-2.0.4.jar:2.0.4]
	at com.netflix.discovery.InstanceInfoReplicator.run(InstanceInfoReplicator.java:125) ~[eureka-client-2.0.4.jar:2.0.4]
	at com.netflix.discovery.InstanceInfoReplicator$2.run(InstanceInfoReplicator.java:105) ~[eureka-client-2.0.4.jar:2.0.4]
	at java.base/java.util.concurrent.Executors$RunnableAdapter.call(Executors.java:539) ~[na:na]
	at java.base/java.util.concurrent.FutureTask.run(FutureTask.java:264) ~[na:na]
	at java.base/java.util.concurrent.ScheduledThreadPoolExecutor$ScheduledFutureTask.run(ScheduledThreadPoolExecutor.java:304) ~[na:na]
	at java.base/java.util.concurrent.ThreadPoolExecutor.runWorker(ThreadPoolExecutor.java:1136) ~[na:na]
	at java.base/java.util.concurrent.ThreadPoolExecutor$Worker.run(ThreadPoolExecutor.java:635) ~[na:na]
	at java.base/java.lang.Thread.run(Thread.java:840) ~[na:na]

2026-03-19T20:38:12.004-03:00  INFO 77732 --- [api-gateway] [           main] o.c.g.GatewayServerApplicationTests      : Started GatewayServerApplicationTests in 17.936 seconds (process running for 22.605)
2026-03-19T20:38:12.582-03:00  INFO 77727 --- [config-server] [           main] o.c.c.ConfigServerApplicationTests       : Started ConfigServerApplicationTests in 19.517 seconds (process running for 23.184)
2026-03-19T20:38:12.468-03:00  INFO 77728 --- [payment-service] [ntainer#0-0-C-1] org.apache.kafka.clients.Metadata        : [Consumer clientId=consumer-payment-group-1, groupId=payment-group] Cluster ID: B4pAvJ2WTWG1fde9aJaPSw
2026-03-19T20:38:12.479-03:00  INFO 77728 --- [payment-service] [ntainer#0-0-C-1] o.a.k.c.c.internals.ConsumerCoordinator  : [Consumer clientId=consumer-payment-group-1, groupId=payment-group] Discovered group coordinator 127.0.0.1:9091 (id: 2147483646 rack: null)
2026-03-19T20:38:12.511-03:00  INFO 77728 --- [payment-service] [ntainer#0-0-C-1] o.a.k.c.c.internals.ConsumerCoordinator  : [Consumer clientId=consumer-payment-group-1, groupId=payment-group] (Re-)joining group
2026-03-19T20:38:12.621-03:00  INFO 77728 --- [payment-service] [ntainer#0-0-C-1] o.a.k.c.c.internals.ConsumerCoordinator  : [Consumer clientId=consumer-payment-group-1, groupId=payment-group] Request joining group due to: need to re-join with the given member-id: consumer-payment-group-1-df72c4cb-af1c-4f90-925f-bb4a73497b08
2026-03-19T20:38:12.183-03:00  INFO 77733 --- [notification-service] [ntainer#0-0-C-1] org.apache.kafka.clients.Metadata        : [Consumer clientId=consumer-notification-group-1, groupId=notification-group] Cluster ID: B4pAvJ2WTWG1fde9aJaPSw
2026-03-19T20:38:12.216-03:00  INFO 77733 --- [notification-service] [ntainer#0-0-C-1] o.a.k.c.c.internals.ConsumerCoordinator  : [Consumer clientId=consumer-notification-group-1, groupId=notification-group] Discovered group coordinator 127.0.0.1:9091 (id: 2147483646 rack: null)
2026-03-19T20:38:12.233-03:00  INFO 77733 --- [notification-service] [ntainer#0-0-C-1] o.a.k.c.c.internals.ConsumerCoordinator  : [Consumer clientId=consumer-notification-group-1, groupId=notification-group] (Re-)joining group
2026-03-19T20:38:12.361-03:00  INFO 77733 --- [notification-service] [ntainer#0-0-C-1] o.a.k.c.c.internals.ConsumerCoordinator  : [Consumer clientId=consumer-notification-group-1, groupId=notification-group] Request joining group due to: need to re-join with the given member-id: consumer-notification-group-1-a9ac8684-4a48-4005-98d5-fe0c5d452247
2026-03-19T20:38:12.362-03:00  INFO 77733 --- [notification-service] [ntainer#0-0-C-1] o.a.k.c.c.internals.ConsumerCoordinator  : [Consumer clientId=consumer-notification-group-1, groupId=notification-group] (Re-)joining group
2026-03-19T20:38:12.623-03:00  INFO 77728 --- [payment-service] [ntainer#0-0-C-1] o.a.k.c.c.internals.ConsumerCoordinator  : [Consumer clientId=consumer-payment-group-1, groupId=payment-group] (Re-)joining group
2026-03-19T20:38:12.898-03:00  INFO 77900 --- [order-security-server] [           main] o.s.v.b.OptionalValidatorFactoryBean     : Failed to set up a Bean Validation provider: jakarta.validation.NoProviderFoundException: Unable to create a Configuration, because no Jakarta Bean Validation provider could be found. Add a provider like Hibernate Validator (RI) to your classpath.
[INFO] Tests run: 1, Failures: 0, Errors: 0, Skipped: 0, Time elapsed: 22.30 s -- in org.cedro.notificationservice.NotificationServiceApplicationTests
[INFO] Tests run: 1, Failures: 0, Errors: 0, Skipped: 0, Time elapsed: 22.73 s -- in org.cedro.paymentservice.PaymentServiceApplicationTests
2026-03-19T20:38:14.195-03:00  INFO 77733 --- [notification-service] [ionShutdownHook] o.s.c.n.e.s.EurekaServiceRegistry        : Unregistering application NOTIFICATION-SERVICE with eureka with status DOWN
2026-03-19T20:38:14.199-03:00  INFO 77733 --- [notification-service] [ionShutdownHook] com.netflix.discovery.DiscoveryClient    : Saw local status change event StatusChangeEvent [timestamp=1773963494199, current=DOWN, previous=UP]
2026-03-19T20:38:14.200-03:00  INFO 77733 --- [notification-service] [foReplicator-%d] com.netflix.discovery.DiscoveryClient    : DiscoveryClient_NOTIFICATION-SERVICE/192.168.20.102:notification-service:8083: registering service...
2026-03-19T20:38:14.218-03:00  INFO 77733 --- [notification-service] [ntainer#0-0-C-1] o.a.k.c.c.internals.ConsumerCoordinator  : [Consumer clientId=consumer-notification-group-1, groupId=notification-group] Member consumer-notification-group-1-a9ac8684-4a48-4005-98d5-fe0c5d452247 sending LeaveGroup request to coordinator 127.0.0.1:9091 (id: 2147483646 rack: null) due to the consumer unsubscribed from all topics
2026-03-19T20:38:14.220-03:00  INFO 77733 --- [notification-service] [ntainer#0-0-C-1] o.a.k.c.c.internals.ConsumerCoordinator  : [Consumer clientId=consumer-notification-group-1, groupId=notification-group] Resetting generation and member id due to: consumer pro-actively leaving the group
2026-03-19T20:38:14.221-03:00  INFO 77733 --- [notification-service] [ntainer#0-0-C-1] o.a.k.c.c.internals.ConsumerCoordinator  : [Consumer clientId=consumer-notification-group-1, groupId=notification-group] Request joining group due to: consumer pro-actively leaving the group
2026-03-19T20:38:14.223-03:00  INFO 77733 --- [notification-service] [ntainer#0-0-C-1] o.a.k.c.c.internals.LegacyKafkaConsumer  : [Consumer clientId=consumer-notification-group-1, groupId=notification-group] Unsubscribed all topics or patterns and assigned partitions
2026-03-19T20:38:14.225-03:00  INFO 77733 --- [notification-service] [ntainer#0-0-C-1] o.a.k.c.c.internals.ConsumerCoordinator  : [Consumer clientId=consumer-notification-group-1, groupId=notification-group] Resetting generation and member id due to: consumer pro-actively leaving the group
2026-03-19T20:38:14.226-03:00  INFO 77733 --- [notification-service] [ntainer#0-0-C-1] o.a.k.c.c.internals.ConsumerCoordinator  : [Consumer clientId=consumer-notification-group-1, groupId=notification-group] Request joining group due to: consumer pro-actively leaving the group
2026-03-19T20:38:14.229-03:00  INFO 77733 --- [notification-service] [foReplicator-%d] c.n.d.s.t.d.RedirectingEurekaHttpClient  : Request execution error. endpoint=DefaultEndpoint{ serviceUrl='http://localhost:8761/eureka/}, exception=I/O error on POST request for "http://localhost:8761/eureka/apps/NOTIFICATION-SERVICE": Connect to http://localhost:8761 [localhost/127.0.0.1] failed: Conexão recusada stacktrace=org.springframework.web.client.ResourceAccessException: I/O error on POST request for "http://localhost:8761/eureka/apps/NOTIFICATION-SERVICE": Connect to http://localhost:8761 [localhost/127.0.0.1] failed: Conexão recusada
	at org.springframework.web.client.RestTemplate.createResourceAccessException(RestTemplate.java:925)
	at org.springframework.web.client.RestTemplate.doExecute(RestTemplate.java:905)
	at org.springframework.web.client.RestTemplate.execute(RestTemplate.java:840)
	at org.springframework.web.client.RestTemplate.exchange(RestTemplate.java:701)
	at org.springframework.cloud.netflix.eureka.http.RestTemplateEurekaHttpClient.register(RestTemplateEurekaHttpClient.java:87)
	at com.netflix.discovery.shared.transport.decorator.EurekaHttpClientDecorator$1.execute(EurekaHttpClientDecorator.java:59)
	at com.netflix.discovery.shared.transport.decorator.RedirectingEurekaHttpClient.executeOnNewServer(RedirectingEurekaHttpClient.java:121)
	at com.netflix.discovery.shared.transport.decorator.RedirectingEurekaHttpClient.execute(RedirectingEurekaHttpClient.java:80)
	at com.netflix.discovery.shared.transport.decorator.EurekaHttpClientDecorator.register(EurekaHttpClientDecorator.java:56)
	at com.netflix.discovery.shared.transport.decorator.EurekaHttpClientDecorator$1.execute(EurekaHttpClientDecorator.java:59)
	at com.netflix.discovery.shared.transport.decorator.RetryableEurekaHttpClient.execute(RetryableEurekaHttpClient.java:120)
	at com.netflix.discovery.shared.transport.decorator.EurekaHttpClientDecorator.register(EurekaHttpClientDecorator.java:56)
	at com.netflix.discovery.shared.transport.decorator.EurekaHttpClientDecorator$1.execute(EurekaHttpClientDecorator.java:59)
	at com.netflix.discovery.shared.transport.decorator.SessionedEurekaHttpClient.execute(SessionedEurekaHttpClient.java:76)
	at com.netflix.discovery.shared.transport.decorator.EurekaHttpClientDecorator.register(EurekaHttpClientDecorator.java:56)
	at com.netflix.discovery.DiscoveryClient.register(DiscoveryClient.java:828)
	at com.netflix.discovery.InstanceInfoReplicator.run(InstanceInfoReplicator.java:125)
	at com.netflix.discovery.InstanceInfoReplicator$2.run(InstanceInfoReplicator.java:105)
	at java.base/java.util.concurrent.Executors$RunnableAdapter.call(Executors.java:539)
	at java.base/java.util.concurrent.FutureTask.run(FutureTask.java:264)
	at java.base/java.util.concurrent.ScheduledThreadPoolExecutor$ScheduledFutureTask.run(ScheduledThreadPoolExecutor.java:304)
	at java.base/java.util.concurrent.ThreadPoolExecutor.runWorker(ThreadPoolExecutor.java:1136)
	at java.base/java.util.concurrent.ThreadPoolExecutor$Worker.run(ThreadPoolExecutor.java:635)
	at java.base/java.lang.Thread.run(Thread.java:840)
Caused by: org.apache.hc.client5.http.HttpHostConnectException: Connect to http://localhost:8761 [localhost/127.0.0.1] failed: Conexão recusada
	at java.base/sun.nio.ch.Net.pollConnect(Native Method)
	at java.base/sun.nio.ch.Net.pollConnectNow(Net.java:672)
	at java.base/sun.nio.ch.NioSocketImpl.timedFinishConnect(NioSocketImpl.java:547)
	at java.base/sun.nio.ch.NioSocketImpl.connect(NioSocketImpl.java:602)
	at java.base/java.net.SocksSocketImpl.connect(SocksSocketImpl.java:327)
	at java.base/java.net.Socket.connect(Socket.java:639)
	at org.apache.hc.client5.http.impl.io.DefaultHttpClientConnectionOperator.connect(DefaultHttpClientConnectionOperator.java:216)
	at org.apache.hc.client5.http.impl.io.PoolingHttpClientConnectionManager.connect(PoolingHttpClientConnectionManager.java:490)
	at org.apache.hc.client5.http.impl.classic.InternalExecRuntime.connectEndpoint(InternalExecRuntime.java:164)
	at org.apache.hc.client5.http.impl.classic.InternalExecRuntime.connectEndpoint(InternalExecRuntime.java:174)
	at org.apache.hc.client5.http.impl.classic.ConnectExec.execute(ConnectExec.java:144)
	at org.apache.hc.client5.http.impl.classic.ExecChainElement.execute(ExecChainElement.java:51)
	at org.apache.hc.client5.http.impl.classic.ProtocolExec.execute(ProtocolExec.java:192)
	at org.apache.hc.client5.http.impl.classic.ExecChainElement.execute(ExecChainElement.java:51)
	at org.apache.hc.client5.http.impl.classic.ContentCompressionExec.execute(ContentCompressionExec.java:150)
	at org.apache.hc.client5.http.impl.classic.ExecChainElement.execute(ExecChainElement.java:51)
	at org.apache.hc.client5.http.impl.classic.HttpRequestRetryExec.execute(HttpRequestRetryExec.java:113)
	at org.apache.hc.client5.http.impl.classic.ExecChainElement.execute(ExecChainElement.java:51)
	at org.apache.hc.client5.http.impl.classic.RedirectExec.execute(RedirectExec.java:110)
	at org.apache.hc.client5.http.impl.classic.ExecChainElement.execute(ExecChainElement.java:51)
	at org.apache.hc.client5.http.impl.classic.InternalHttpClient.doExecute(InternalHttpClient.java:174)
	at org.apache.hc.client5.http.impl.classic.CloseableHttpClient.execute(CloseableHttpClient.java:87)
	at org.apache.hc.client5.http.impl.classic.CloseableHttpClient.execute(CloseableHttpClient.java:55)
	at org.apache.hc.client5.http.classic.HttpClient.executeOpen(HttpClient.java:183)
	at org.springframework.http.client.HttpComponentsClientHttpRequest.executeInternal(HttpComponentsClientHttpRequest.java:99)
	at org.springframework.http.client.AbstractStreamingClientHttpRequest.executeInternal(AbstractStreamingClientHttpRequest.java:71)
	at org.springframework.http.client.AbstractClientHttpRequest.execute(AbstractClientHttpRequest.java:81)
	at org.springframework.http.client.InterceptingClientHttpRequest$InterceptingRequestExecution.execute(InterceptingClientHttpRequest.java:117)
	at org.springframework.cloud.netflix.eureka.http.RestTemplateTransportClientFactory.lambda$restTemplate$2(RestTemplateTransportClientFactory.java:145)
	at org.springframework.http.client.InterceptingClientHttpRequest$InterceptingRequestExecution.execute(InterceptingClientHttpRequest.java:88)
	at org.springframework.http.client.InterceptingClientHttpRequest.executeInternal(InterceptingClientHttpRequest.java:72)
	at org.springframework.http.client.AbstractBufferingClientHttpRequest.executeInternal(AbstractBufferingClientHttpRequest.java:48)
	at org.springframework.http.client.AbstractClientHttpRequest.execute(AbstractClientHttpRequest.java:81)
	at org.springframework.web.client.RestTemplate.doExecute(RestTemplate.java:899)
	... 22 more

2026-03-19T20:38:14.232-03:00  WARN 77733 --- [notification-service] [foReplicator-%d] c.n.d.s.t.d.RetryableEurekaHttpClient    : Request execution failed with message: I/O error on POST request for "http://localhost:8761/eureka/apps/NOTIFICATION-SERVICE": Connect to http://localhost:8761 [localhost/127.0.0.1] failed: Conexão recusada
2026-03-19T20:38:14.233-03:00  WARN 77733 --- [notification-service] [foReplicator-%d] com.netflix.discovery.DiscoveryClient    : DiscoveryClient_NOTIFICATION-SERVICE/192.168.20.102:notification-service:8083 - registration failed Cannot execute request on any known server

com.netflix.discovery.shared.transport.TransportException: Cannot execute request on any known server
	at com.netflix.discovery.shared.transport.decorator.RetryableEurekaHttpClient.execute(RetryableEurekaHttpClient.java:112) ~[eureka-client-2.0.4.jar:2.0.4]
	at com.netflix.discovery.shared.transport.decorator.EurekaHttpClientDecorator.register(EurekaHttpClientDecorator.java:56) ~[eureka-client-2.0.4.jar:2.0.4]
	at com.netflix.discovery.shared.transport.decorator.EurekaHttpClientDecorator$1.execute(EurekaHttpClientDecorator.java:59) ~[eureka-client-2.0.4.jar:2.0.4]
	at com.netflix.discovery.shared.transport.decorator.SessionedEurekaHttpClient.execute(SessionedEurekaHttpClient.java:76) ~[eureka-client-2.0.4.jar:2.0.4]
	at com.netflix.discovery.shared.transport.decorator.EurekaHttpClientDecorator.register(EurekaHttpClientDecorator.java:56) ~[eureka-client-2.0.4.jar:2.0.4]
	at com.netflix.discovery.DiscoveryClient.register(DiscoveryClient.java:828) ~[eureka-client-2.0.4.jar:2.0.4]
	at com.netflix.discovery.InstanceInfoReplicator.run(InstanceInfoReplicator.java:125) ~[eureka-client-2.0.4.jar:2.0.4]
	at com.netflix.discovery.InstanceInfoReplicator$2.run(InstanceInfoReplicator.java:105) ~[eureka-client-2.0.4.jar:2.0.4]
	at java.base/java.util.concurrent.Executors$RunnableAdapter.call(Executors.java:539) ~[na:na]
	at java.base/java.util.concurrent.FutureTask.run(FutureTask.java:264) ~[na:na]
	at java.base/java.util.concurrent.ScheduledThreadPoolExecutor$ScheduledFutureTask.run(ScheduledThreadPoolExecutor.java:304) ~[na:na]
	at java.base/java.util.concurrent.ThreadPoolExecutor.runWorker(ThreadPoolExecutor.java:1136) ~[na:na]
	at java.base/java.util.concurrent.ThreadPoolExecutor$Worker.run(ThreadPoolExecutor.java:635) ~[na:na]
	at java.base/java.lang.Thread.run(Thread.java:840) ~[na:na]

2026-03-19T20:38:14.236-03:00  WARN 77733 --- [notification-service] [foReplicator-%d] c.n.discovery.InstanceInfoReplicator     : There was a problem with the instance info replicator

com.netflix.discovery.shared.transport.TransportException: Cannot execute request on any known server
	at com.netflix.discovery.shared.transport.decorator.RetryableEurekaHttpClient.execute(RetryableEurekaHttpClient.java:112) ~[eureka-client-2.0.4.jar:2.0.4]
	at com.netflix.discovery.shared.transport.decorator.EurekaHttpClientDecorator.register(EurekaHttpClientDecorator.java:56) ~[eureka-client-2.0.4.jar:2.0.4]
	at com.netflix.discovery.shared.transport.decorator.EurekaHttpClientDecorator$1.execute(EurekaHttpClientDecorator.java:59) ~[eureka-client-2.0.4.jar:2.0.4]
	at com.netflix.discovery.shared.transport.decorator.SessionedEurekaHttpClient.execute(SessionedEurekaHttpClient.java:76) ~[eureka-client-2.0.4.jar:2.0.4]
	at com.netflix.discovery.shared.transport.decorator.EurekaHttpClientDecorator.register(EurekaHttpClientDecorator.java:56) ~[eureka-client-2.0.4.jar:2.0.4]
	at com.netflix.discovery.DiscoveryClient.register(DiscoveryClient.java:828) ~[eureka-client-2.0.4.jar:2.0.4]
	at com.netflix.discovery.InstanceInfoReplicator.run(InstanceInfoReplicator.java:125) ~[eureka-client-2.0.4.jar:2.0.4]
	at com.netflix.discovery.InstanceInfoReplicator$2.run(InstanceInfoReplicator.java:105) ~[eureka-client-2.0.4.jar:2.0.4]
	at java.base/java.util.concurrent.Executors$RunnableAdapter.call(Executors.java:539) ~[na:na]
	at java.base/java.util.concurrent.FutureTask.run(FutureTask.java:264) ~[na:na]
	at java.base/java.util.concurrent.ScheduledThreadPoolExecutor$ScheduledFutureTask.run(ScheduledThreadPoolExecutor.java:304) ~[na:na]
	at java.base/java.util.concurrent.ThreadPoolExecutor.runWorker(ThreadPoolExecutor.java:1136) ~[na:na]
	at java.base/java.util.concurrent.ThreadPoolExecutor$Worker.run(ThreadPoolExecutor.java:635) ~[na:na]
	at java.base/java.lang.Thread.run(Thread.java:840) ~[na:na]

2026-03-19T20:38:14.318-03:00  INFO 77900 --- [order-security-server] [           main] DiscoveryClientOptionalArgsConfiguration : Eureka HTTP Client uses RestTemplate.
2026-03-19T20:38:14.594-03:00  WARN 77900 --- [order-security-server] [           main] iguration$LoadBalancerCaffeineWarnLogger : Spring Cloud LoadBalancer is currently working with the default cache. While this cache implementation is useful for development and tests, it's recommended to use Caffeine cache in production.You can switch to using Caffeine cache, by adding it and org.springframework.cache.caffeine.CaffeineCacheManager to the classpath.
[INFO] Tests run: 1, Failures: 0, Errors: 0, Skipped: 0, Time elapsed: 23.36 s -- in org.cedro.eurekaserver.EurekaServerApplicationTests
2026-03-19T20:38:14.759-03:00  INFO 77900 --- [order-security-server] [           main] o.s.c.n.eureka.InstanceInfoFactory       : Setting initial instance status as: STARTING
[INFO] 
[INFO] Results:
[INFO] 
[INFO] Tests run: 1, Failures: 0, Errors: 0, Skipped: 0
[INFO] 
2026-03-19T20:38:14.900-03:00  INFO 77900 --- [order-security-server] [           main] com.netflix.discovery.DiscoveryClient    : Initializing Eureka in region us-east-1
2026-03-19T20:38:14.906-03:00  INFO 77900 --- [order-security-server] [           main] c.n.d.s.r.aws.ConfigClusterResolver      : Resolving eureka endpoints via configuration
[INFO] 
[INFO] --- jar:3.4.2:jar (default-jar) @ eureka-server ---
[INFO] 
[INFO] --- spring-boot:3.4.3:repackage (repackage) @ eureka-server ---

  .   ____          _            __ _ _
 /\\ / ___'_ __ _ _(_)_ __  __ _ \ \ \ \
( ( )\___ | '_ | '_| | '_ \/ _` | \ \ \ \
 \\/  ___)| |_)| | | | | || (_| |  ) ) ) )
  '  |____| .__|_| |_|_| |_\__, | / / / /
 =========|_|==============|___/=/_/_/_/

 :: Spring Boot ::                (v3.4.3)

2026-03-19T20:38:14.992-03:00  INFO 77900 --- [order-security-server] [           main] com.netflix.discovery.DiscoveryClient    : Disable delta property : false
2026-03-19T20:38:14.992-03:00  INFO 77900 --- [order-security-server] [           main] com.netflix.discovery.DiscoveryClient    : Single vip registry refresh property : null
2026-03-19T20:38:14.993-03:00  INFO 77900 --- [order-security-server] [           main] com.netflix.discovery.DiscoveryClient    : Force full registry fetch : false
2026-03-19T20:38:14.993-03:00  INFO 77900 --- [order-security-server] [           main] com.netflix.discovery.DiscoveryClient    : Application is null : false
2026-03-19T20:38:14.993-03:00  INFO 77900 --- [order-security-server] [           main] com.netflix.discovery.DiscoveryClient    : Registered Applications size is zero : true
2026-03-19T20:38:14.993-03:00  INFO 77900 --- [order-security-server] [           main] com.netflix.discovery.DiscoveryClient    : Application version is -1: true
2026-03-19T20:38:14.994-03:00  INFO 77900 --- [order-security-server] [           main] com.netflix.discovery.DiscoveryClient    : Getting all instance registry info from the eureka server
2026-03-19T20:38:15.193-03:00  INFO 78053 --- [order-service] [           main] o.c.o.OrderServiceApplicationTests       : Starting OrderServiceApplicationTests using Java 17.0.13 with PID 78053 (started by pc in /home/pc/Documentos/Pessoal/orderflow/order-service)
2026-03-19T20:38:15.199-03:00  INFO 78053 --- [order-service] [           main] o.c.o.OrderServiceApplicationTests       : No active profile set, falling back to 1 default profile: "default"
2026-03-19T20:38:15.309-03:00  INFO 78053 --- [order-service] [           main] o.s.c.c.c.ConfigServerConfigDataLoader   : Fetching config from server at : http://localhost:8888
2026-03-19T20:38:15.310-03:00  INFO 78053 --- [order-service] [           main] o.s.c.c.c.ConfigServerConfigDataLoader   : Exception on Url - http://localhost:8888:org.springframework.web.client.ResourceAccessException: I/O error on GET request for "http://localhost:8888/order-service/default": Conexão recusada. Will be trying the next url if available
2026-03-19T20:38:15.310-03:00  WARN 78053 --- [order-service] [           main] o.s.c.c.c.ConfigServerConfigDataLoader   : Could not locate PropertySource ([ConfigServerConfigDataResource@5273143e uris = array<String>['http://localhost:8888'], optional = true, profiles = 'default']): I/O error on GET request for "http://localhost:8888/order-service/default": Conexão recusada
2026-03-19T20:38:15.311-03:00  INFO 78053 --- [order-service] [           main] o.s.c.c.c.ConfigServerConfigDataLoader   : Fetching config from server at : http://localhost:8888
2026-03-19T20:38:15.312-03:00  INFO 78053 --- [order-service] [           main] o.s.c.c.c.ConfigServerConfigDataLoader   : Exception on Url - http://localhost:8888:org.springframework.web.client.ResourceAccessException: I/O error on GET request for "http://localhost:8888/order-service/default": Conexão recusada. Will be trying the next url if available
2026-03-19T20:38:15.312-03:00  WARN 78053 --- [order-service] [           main] o.s.c.c.c.ConfigServerConfigDataLoader   : Could not locate PropertySource ([ConfigServerConfigDataResource@1ff463bb uris = array<String>['http://localhost:8888'], optional = true, profiles = 'default']): I/O error on GET request for "http://localhost:8888/order-service/default": Conexão recusada
2026-03-19T20:38:15.313-03:00  INFO 78053 --- [order-service] [           main] o.s.c.c.c.ConfigServerConfigDataLoader   : Fetching config from server at : http://localhost:8888
2026-03-19T20:38:15.314-03:00  INFO 78053 --- [order-service] [           main] o.s.c.c.c.ConfigServerConfigDataLoader   : Exception on Url - http://localhost:8888:org.springframework.web.client.ResourceAccessException: I/O error on GET request for "http://localhost:8888/order-service/default": Conexão recusada. Will be trying the next url if available
2026-03-19T20:38:15.314-03:00  WARN 78053 --- [order-service] [           main] o.s.c.c.c.ConfigServerConfigDataLoader   : Could not locate PropertySource ([ConfigServerConfigDataResource@3b9c9b8b uris = array<String>['http://localhost:8888'], optional = true, profiles = 'default']): I/O error on GET request for "http://localhost:8888/order-service/default": Conexão recusada
[INFO] Tests run: 1, Failures: 0, Errors: 0, Skipped: 0, Time elapsed: 24.07 s -- in org.cedro.gatewayserver.GatewayServerApplicationTests
2026-03-19T20:38:15.685-03:00  INFO 77732 --- [api-gateway] [ionShutdownHook] o.s.c.n.e.s.EurekaServiceRegistry        : Unregistering application API-GATEWAY with eureka with status DOWN
2026-03-19T20:38:15.693-03:00  INFO 77732 --- [api-gateway] [ionShutdownHook] com.netflix.discovery.DiscoveryClient    : Saw local status change event StatusChangeEvent [timestamp=1773963495693, current=DOWN, previous=UP]
2026-03-19T20:38:15.694-03:00  INFO 77732 --- [api-gateway] [foReplicator-%d] com.netflix.discovery.DiscoveryClient    : DiscoveryClient_API-GATEWAY/192.168.20.102:api-gateway:8080: registering service...
[INFO] Replacing main artifact /home/pc/Documentos/Pessoal/orderflow/eureka-server/target/eureka-server-0.0.1-SNAPSHOT.jar with repackaged archive, adding nested dependencies in BOOT-INF/.
[INFO] The original artifact has been renamed to /home/pc/Documentos/Pessoal/orderflow/eureka-server/target/eureka-server-0.0.1-SNAPSHOT.jar.original
[INFO] 
[INFO] --- install:3.1.3:install (default-install) @ eureka-server ---
[INFO] Installing /home/pc/Documentos/Pessoal/orderflow/eureka-server/pom.xml to /home/pc/.m2/repository/org/cedro/eureka-server/0.0.1-SNAPSHOT/eureka-server-0.0.1-SNAPSHOT.pom
[INFO] Installing /home/pc/Documentos/Pessoal/orderflow/eureka-server/target/eureka-server-0.0.1-SNAPSHOT.jar to /home/pc/.m2/repository/org/cedro/eureka-server/0.0.1-SNAPSHOT/eureka-server-0.0.1-SNAPSHOT.jar
[INFO] Tests run: 1, Failures: 0, Errors: 0, Skipped: 0, Time elapsed: 25.11 s -- in org.cedro.configserver.ConfigServerApplicationTests
2026-03-19T20:38:16.289-03:00  INFO 77900 --- [order-security-server] [           main] c.n.d.s.t.d.RedirectingEurekaHttpClient  : Request execution error. endpoint=DefaultEndpoint{ serviceUrl='http://localhost:8761/eureka/}, exception=I/O error on GET request for "http://localhost:8761/eureka/apps/": Connect to http://localhost:8761 [localhost/127.0.0.1] failed: Conexão recusada stacktrace=org.springframework.web.client.ResourceAccessException: I/O error on GET request for "http://localhost:8761/eureka/apps/": Connect to http://localhost:8761 [localhost/127.0.0.1] failed: Conexão recusada
	at org.springframework.web.client.RestTemplate.createResourceAccessException(RestTemplate.java:925)
	at org.springframework.web.client.RestTemplate.doExecute(RestTemplate.java:905)
	at org.springframework.web.client.RestTemplate.execute(RestTemplate.java:840)
	at org.springframework.web.client.RestTemplate.exchange(RestTemplate.java:701)
	at org.springframework.cloud.netflix.eureka.http.RestTemplateEurekaHttpClient.getApplicationsInternal(RestTemplateEurekaHttpClient.java:174)
	at org.springframework.cloud.netflix.eureka.http.RestTemplateEurekaHttpClient.getApplications(RestTemplateEurekaHttpClient.java:162)
	at com.netflix.discovery.shared.transport.decorator.EurekaHttpClientDecorator$6.execute(EurekaHttpClientDecorator.java:137)
	at com.netflix.discovery.shared.transport.decorator.RedirectingEurekaHttpClient.executeOnNewServer(RedirectingEurekaHttpClient.java:121)
	at com.netflix.discovery.shared.transport.decorator.RedirectingEurekaHttpClient.execute(RedirectingEurekaHttpClient.java:80)
	at com.netflix.discovery.shared.transport.decorator.EurekaHttpClientDecorator.getApplications(EurekaHttpClientDecorator.java:134)
	at com.netflix.discovery.shared.transport.decorator.EurekaHttpClientDecorator$6.execute(EurekaHttpClientDecorator.java:137)
	at com.netflix.discovery.shared.transport.decorator.RetryableEurekaHttpClient.execute(RetryableEurekaHttpClient.java:120)
	at com.netflix.discovery.shared.transport.decorator.EurekaHttpClientDecorator.getApplications(EurekaHttpClientDecorator.java:134)
	at com.netflix.discovery.shared.transport.decorator.EurekaHttpClientDecorator$6.execute(EurekaHttpClientDecorator.java:137)
	at com.netflix.discovery.shared.transport.decorator.SessionedEurekaHttpClient.execute(SessionedEurekaHttpClient.java:76)
	at com.netflix.discovery.shared.transport.decorator.EurekaHttpClientDecorator.getApplications(EurekaHttpClientDecorator.java:134)
	at com.netflix.discovery.DiscoveryClient.getAndStoreFullRegistry(DiscoveryClient.java:1046)
	at com.netflix.discovery.DiscoveryClient.fetchRegistry(DiscoveryClient.java:961)
	at com.netflix.discovery.DiscoveryClient.<init>(DiscoveryClient.java:410)
	at com.netflix.discovery.DiscoveryClient.<init>(DiscoveryClient.java:245)
	at com.netflix.discovery.DiscoveryClient.<init>(DiscoveryClient.java:240)
	at org.springframework.cloud.netflix.eureka.CloudEurekaClient.<init>(CloudEurekaClient.java:68)
	at org.springframework.cloud.netflix.eureka.EurekaClientAutoConfiguration$RefreshableEurekaClientConfiguration.eurekaClient(EurekaClientAutoConfiguration.java:324)
	at java.base/jdk.internal.reflect.NativeMethodAccessorImpl.invoke0(Native Method)
	at java.base/jdk.internal.reflect.NativeMethodAccessorImpl.invoke(NativeMethodAccessorImpl.java:77)
	at java.base/jdk.internal.reflect.DelegatingMethodAccessorImpl.invoke(DelegatingMethodAccessorImpl.java:43)
	at java.base/java.lang.reflect.Method.invoke(Method.java:569)
	at org.springframework.beans.factory.support.SimpleInstantiationStrategy.lambda$instantiate$0(SimpleInstantiationStrategy.java:171)
	at org.springframework.beans.factory.support.SimpleInstantiationStrategy.instantiateWithFactoryMethod(SimpleInstantiationStrategy.java:88)
	at org.springframework.beans.factory.support.SimpleInstantiationStrategy.instantiate(SimpleInstantiationStrategy.java:168)
	at org.springframework.beans.factory.support.ConstructorResolver.instantiate(ConstructorResolver.java:653)
	at org.springframework.beans.factory.support.ConstructorResolver.instantiateUsingFactoryMethod(ConstructorResolver.java:645)
	at org.springframework.beans.factory.support.AbstractAutowireCapableBeanFactory.instantiateUsingFactoryMethod(AbstractAutowireCapableBeanFactory.java:1361)
	at org.springframework.beans.factory.support.AbstractAutowireCapableBeanFactory.createBeanInstance(AbstractAutowireCapableBeanFactory.java:1191)
	at org.springframework.beans.factory.support.AbstractAutowireCapableBeanFactory.doCreateBean(AbstractAutowireCapableBeanFactory.java:563)
	at org.springframework.beans.factory.support.AbstractAutowireCapableBeanFactory.createBean(AbstractAutowireCapableBeanFactory.java:523)
	at org.springframework.beans.factory.support.AbstractBeanFactory.lambda$doGetBean$1(AbstractBeanFactory.java:378)
	at org.springframework.cloud.context.scope.GenericScope$BeanLifecycleWrapper.getBean(GenericScope.java:375)
	at org.springframework.cloud.context.scope.GenericScope.get(GenericScope.java:179)
	at org.springframework.beans.factory.support.AbstractBeanFactory.doGetBean(AbstractBeanFactory.java:375)
	at org.springframework.beans.factory.support.AbstractBeanFactory.getBean(AbstractBeanFactory.java:202)
	at org.springframework.aop.target.SimpleBeanTargetSource.getTarget(SimpleBeanTargetSource.java:35)
	at org.springframework.cloud.netflix.eureka.serviceregistry.EurekaRegistration.getTargetObject(EurekaRegistration.java:128)
	at org.springframework.cloud.netflix.eureka.serviceregistry.EurekaRegistration.getEurekaClient(EurekaRegistration.java:116)
	at java.base/jdk.internal.reflect.NativeMethodAccessorImpl.invoke0(Native Method)
	at java.base/jdk.internal.reflect.NativeMethodAccessorImpl.invoke(NativeMethodAccessorImpl.java:77)
	at java.base/jdk.internal.reflect.DelegatingMethodAccessorImpl.invoke(DelegatingMethodAccessorImpl.java:43)
	at java.base/java.lang.reflect.Method.invoke(Method.java:569)
	at org.springframework.util.ReflectionUtils.invokeMethod(ReflectionUtils.java:281)
	at org.springframework.cloud.context.scope.GenericScope$LockedScopedProxyFactoryBean.invoke(GenericScope.java:482)
	at org.springframework.aop.framework.ReflectiveMethodInvocation.proceed(ReflectiveMethodInvocation.java:184)
	at org.springframework.aop.framework.CglibAopProxy$DynamicAdvisedInterceptor.intercept(CglibAopProxy.java:727)
	at org.springframework.cloud.netflix.eureka.serviceregistry.EurekaRegistration$$SpringCGLIB$$0.getEurekaClient(<generated>)
	at org.springframework.cloud.netflix.eureka.serviceregistry.EurekaServiceRegistry.maybeInitializeClient(EurekaServiceRegistry.java:83)
	at org.springframework.cloud.netflix.eureka.serviceregistry.EurekaServiceRegistry.register(EurekaServiceRegistry.java:66)
	at org.springframework.cloud.netflix.eureka.serviceregistry.EurekaAutoServiceRegistration.start(EurekaAutoServiceRegistration.java:89)
	at org.springframework.context.support.DefaultLifecycleProcessor.doStart(DefaultLifecycleProcessor.java:323)
	at org.springframework.context.support.DefaultLifecycleProcessor$LifecycleGroup.start(DefaultLifecycleProcessor.java:510)
	at java.base/java.lang.Iterable.forEach(Iterable.java:75)
	at org.springframework.context.support.DefaultLifecycleProcessor.startBeans(DefaultLifecycleProcessor.java:295)
	at org.springframework.context.support.DefaultLifecycleProcessor.onRefresh(DefaultLifecycleProcessor.java:240)
	at org.springframework.context.support.AbstractApplicationContext.finishRefresh(AbstractApplicationContext.java:1006)
	at org.springframework.context.support.AbstractApplicationContext.refresh(AbstractApplicationContext.java:630)
	at org.springframework.boot.SpringApplication.refresh(SpringApplication.java:752)
	at org.springframework.boot.SpringApplication.refreshContext(SpringApplication.java:439)
	at org.springframework.boot.SpringApplication.run(SpringApplication.java:318)
	at org.springframework.boot.test.context.SpringBootContextLoader.lambda$loadContext$3(SpringBootContextLoader.java:137)
	at org.springframework.util.function.ThrowingSupplier.get(ThrowingSupplier.java:58)
	at org.springframework.util.function.ThrowingSupplier.get(ThrowingSupplier.java:46)
	at org.springframework.boot.SpringApplication.withHook(SpringApplication.java:1461)
	at org.springframework.boot.test.context.SpringBootContextLoader$ContextLoaderHook.run(SpringBootContextLoader.java:553)
	at org.springframework.boot.test.context.SpringBootContextLoader.loadContext(SpringBootContextLoader.java:137)
	at org.springframework.boot.test.context.SpringBootContextLoader.loadContext(SpringBootContextLoader.java:108)
	at org.springframework.test.context.cache.DefaultCacheAwareContextLoaderDelegate.loadContextInternal(DefaultCacheAwareContextLoaderDelegate.java:225)
	at org.springframework.test.context.cache.DefaultCacheAwareContextLoaderDelegate.loadContext(DefaultCacheAwareContextLoaderDelegate.java:152)
	at org.springframework.test.context.support.DefaultTestContext.getApplicationContext(DefaultTestContext.java:130)
	at org.springframework.test.context.web.ServletTestExecutionListener.setUpRequestContextIfNecessary(ServletTestExecutionListener.java:200)
	at org.springframework.test.context.web.ServletTestExecutionListener.prepareTestInstance(ServletTestExecutionListener.java:139)
	at org.springframework.test.context.TestContextManager.prepareTestInstance(TestContextManager.java:260)
	at org.springframework.test.context.junit.jupiter.SpringExtension.postProcessTestInstance(SpringExtension.java:160)
	at org.junit.jupiter.engine.descriptor.ClassBasedTestDescriptor.lambda$invokeTestInstancePostProcessors$11(ClassBasedTestDescriptor.java:378)
	at org.junit.jupiter.engine.descriptor.ClassBasedTestDescriptor.executeAndMaskThrowable(ClassBasedTestDescriptor.java:383)
	at org.junit.jupiter.engine.descriptor.ClassBasedTestDescriptor.lambda$invokeTestInstancePostProcessors$12(ClassBasedTestDescriptor.java:378)
	at java.base/java.util.stream.ForEachOps$ForEachOp$OfRef.accept(ForEachOps.java:183)
	at java.base/java.util.stream.ReferencePipeline$3$1.accept(ReferencePipeline.java:197)
	at java.base/java.util.stream.ReferencePipeline$2$1.accept(ReferencePipeline.java:179)
	at java.base/java.util.stream.ReferencePipeline$3$1.accept(ReferencePipeline.java:197)
	at java.base/java.util.ArrayList$ArrayListSpliterator.forEachRemaining(ArrayList.java:1625)
	at java.base/java.util.stream.AbstractPipeline.copyInto(AbstractPipeline.java:509)
	at java.base/java.util.stream.AbstractPipeline.wrapAndCopyInto(AbstractPipeline.java:499)
	at java.base/java.util.stream.ForEachOps$ForEachOp.evaluateSequential(ForEachOps.java:150)
	at java.base/java.util.stream.ForEachOps$ForEachOp$OfRef.evaluateSequential(ForEachOps.java:173)
	at java.base/java.util.stream.AbstractPipeline.evaluate(AbstractPipeline.java:234)
	at java.base/java.util.stream.ReferencePipeline.forEach(ReferencePipeline.java:596)
	at org.junit.jupiter.engine.descriptor.ClassBasedTestDescriptor.invokeTestInstancePostProcessors(ClassBasedTestDescriptor.java:377)
	at org.junit.jupiter.engine.descriptor.ClassBasedTestDescriptor.lambda$instantiateAndPostProcessTestInstance$7(ClassBasedTestDescriptor.java:290)
	at org.junit.platform.engine.support.hierarchical.ThrowableCollector.execute(ThrowableCollector.java:73)
	at org.junit.jupiter.engine.descriptor.ClassBasedTestDescriptor.instantiateAndPostProcessTestInstance(ClassBasedTestDescriptor.java:289)
	at org.junit.jupiter.engine.descriptor.ClassBasedTestDescriptor.lambda$testInstancesProvider$5(ClassBasedTestDescriptor.java:279)
	at java.base/java.util.Optional.orElseGet(Optional.java:364)
	at org.junit.jupiter.engine.descriptor.ClassBasedTestDescriptor.lambda$testInstancesProvider$6(ClassBasedTestDescriptor.java:278)
	at org.junit.jupiter.engine.execution.TestInstancesProvider.getTestInstances(TestInstancesProvider.java:31)
	at org.junit.jupiter.engine.descriptor.TestMethodTestDescriptor.lambda$prepare$1(TestMethodTestDescriptor.java:105)
	at org.junit.platform.engine.support.hierarchical.ThrowableCollector.execute(ThrowableCollector.java:73)
	at org.junit.jupiter.engine.descriptor.TestMethodTestDescriptor.prepare(TestMethodTestDescriptor.java:104)
	at org.junit.jupiter.engine.descriptor.TestMethodTestDescriptor.prepare(TestMethodTestDescriptor.java:68)
	at org.junit.platform.engine.support.hierarchical.NodeTestTask.lambda$prepare$2(NodeTestTask.java:128)
	at org.junit.platform.engine.support.hierarchical.ThrowableCollector.execute(ThrowableCollector.java:73)
	at org.junit.platform.engine.support.hierarchical.NodeTestTask.prepare(NodeTestTask.java:128)
	at org.junit.platform.engine.support.hierarchical.NodeTestTask.execute(NodeTestTask.java:95)
	at java.base/java.util.ArrayList.forEach(ArrayList.java:1511)
	at org.junit.platform.engine.support.hierarchical.SameThreadHierarchicalTestExecutorService.invokeAll(SameThreadHierarchicalTestExecutorService.java:41)
	at org.junit.platform.engine.support.hierarchical.NodeTestTask.lambda$executeRecursively$6(NodeTestTask.java:160)
	at org.junit.platform.engine.support.hierarchical.ThrowableCollector.execute(ThrowableCollector.java:73)
	at org.junit.platform.engine.support.hierarchical.NodeTestTask.lambda$executeRecursively$8(NodeTestTask.java:146)
	at org.junit.platform.engine.support.hierarchical.Node.around(Node.java:137)
	at org.junit.platform.engine.support.hierarchical.NodeTestTask.lambda$executeRecursively$9(NodeTestTask.java:144)
	at org.junit.platform.engine.support.hierarchical.ThrowableCollector.execute(ThrowableCollector.java:73)
	at org.junit.platform.engine.support.hierarchical.NodeTestTask.executeRecursively(NodeTestTask.java:143)
	at org.junit.platform.engine.support.hierarchical.NodeTestTask.execute(NodeTestTask.java:100)
	at java.base/java.util.ArrayList.forEach(ArrayList.java:1511)
	at org.junit.platform.engine.support.hierarchical.SameThreadHierarchicalTestExecutorService.invokeAll(SameThreadHierarchicalTestExecutorService.java:41)
	at org.junit.platform.engine.support.hierarchical.NodeTestTask.lambda$executeRecursively$6(NodeTestTask.java:160)
	at org.junit.platform.engine.support.hierarchical.ThrowableCollector.execute(ThrowableCollector.java:73)
	at org.junit.platform.engine.support.hierarchical.NodeTestTask.lambda$executeRecursively$8(NodeTestTask.java:146)
	at org.junit.platform.engine.support.hierarchical.Node.around(Node.java:137)
	at org.junit.platform.engine.support.hierarchical.NodeTestTask.lambda$executeRecursively$9(NodeTestTask.java:144)
	at org.junit.platform.engine.support.hierarchical.ThrowableCollector.execute(ThrowableCollector.java:73)
	at org.junit.platform.engine.support.hierarchical.NodeTestTask.executeRecursively(NodeTestTask.java:143)
	at org.junit.platform.engine.support.hierarchical.NodeTestTask.execute(NodeTestTask.java:100)
	at org.junit.platform.engine.support.hierarchical.SameThreadHierarchicalTestExecutorService.submit(SameThreadHierarchicalTestExecutorService.java:35)
	at org.junit.platform.engine.support.hierarchical.HierarchicalTestExecutor.execute(HierarchicalTestExecutor.java:57)
	at org.junit.platform.engine.support.hierarchical.HierarchicalTestEngine.execute(HierarchicalTestEngine.java:54)
	at org.junit.platform.launcher.core.EngineExecutionOrchestrator.execute(EngineExecutionOrchestrator.java:198)
	at org.junit.platform.launcher.core.EngineExecutionOrchestrator.execute(EngineExecutionOrchestrator.java:169)
	at org.junit.platform.launcher.core.EngineExecutionOrchestrator.execute(EngineExecutionOrchestrator.java:93)
	at org.junit.platform.launcher.core.EngineExecutionOrchestrator.lambda$execute$0(EngineExecutionOrchestrator.java:58)
	at org.junit.platform.launcher.core.EngineExecutionOrchestrator.withInterceptedStreams(EngineExecutionOrchestrator.java:141)
	at org.junit.platform.launcher.core.EngineExecutionOrchestrator.execute(EngineExecutionOrchestrator.java:57)
	at org.junit.platform.launcher.core.DefaultLauncher.execute(DefaultLauncher.java:103)
	at org.junit.platform.launcher.core.DefaultLauncher.execute(DefaultLauncher.java:85)
	at org.junit.platform.launcher.core.DelegatingLauncher.execute(DelegatingLauncher.java:47)
	at org.apache.maven.surefire.junitplatform.LazyLauncher.execute(LazyLauncher.java:56)
	at org.apache.maven.surefire.junitplatform.JUnitPlatformProvider.execute(JUnitPlatformProvider.java:184)
	at org.apache.maven.surefire.junitplatform.JUnitPlatformProvider.invokeAllTests(JUnitPlatformProvider.java:148)
	at org.apache.maven.surefire.junitplatform.JUnitPlatformProvider.invoke(JUnitPlatformProvider.java:122)
	at org.apache.maven.surefire.booter.ForkedBooter.runSuitesInProcess(ForkedBooter.java:385)
	at org.apache.maven.surefire.booter.ForkedBooter.execute(ForkedBooter.java:162)
	at org.apache.maven.surefire.booter.ForkedBooter.run(ForkedBooter.java:507)
	at org.apache.maven.surefire.booter.ForkedBooter.main(ForkedBooter.java:495)
Caused by: org.apache.hc.client5.http.HttpHostConnectException: Connect to http://localhost:8761 [localhost/127.0.0.1] failed: Conexão recusada
	at java.base/sun.nio.ch.Net.pollConnect(Native Method)
	at java.base/sun.nio.ch.Net.pollConnectNow(Net.java:672)
	at java.base/sun.nio.ch.NioSocketImpl.timedFinishConnect(NioSocketImpl.java:547)
	at java.base/sun.nio.ch.NioSocketImpl.connect(NioSocketImpl.java:602)
	at java.base/java.net.SocksSocketImpl.connect(SocksSocketImpl.java:327)
	at java.base/java.net.Socket.connect(Socket.java:639)
	at org.apache.hc.client5.http.impl.io.DefaultHttpClientConnectionOperator.connect(DefaultHttpClientConnectionOperator.java:216)
	at org.apache.hc.client5.http.impl.io.PoolingHttpClientConnectionManager.connect(PoolingHttpClientConnectionManager.java:490)
	at org.apache.hc.client5.http.impl.classic.InternalExecRuntime.connectEndpoint(InternalExecRuntime.java:164)
	at org.apache.hc.client5.http.impl.classic.InternalExecRuntime.connectEndpoint(InternalExecRuntime.java:174)
	at org.apache.hc.client5.http.impl.classic.ConnectExec.execute(ConnectExec.java:144)
	at org.apache.hc.client5.http.impl.classic.ExecChainElement.execute(ExecChainElement.java:51)
	at org.apache.hc.client5.http.impl.classic.ProtocolExec.execute(ProtocolExec.java:192)
	at org.apache.hc.client5.http.impl.classic.ExecChainElement.execute(ExecChainElement.java:51)
	at org.apache.hc.client5.http.impl.classic.ContentCompressionExec.execute(ContentCompressionExec.java:150)
	at org.apache.hc.client5.http.impl.classic.ExecChainElement.execute(ExecChainElement.java:51)
	at org.apache.hc.client5.http.impl.classic.HttpRequestRetryExec.execute(HttpRequestRetryExec.java:113)
	at org.apache.hc.client5.http.impl.classic.ExecChainElement.execute(ExecChainElement.java:51)
	at org.apache.hc.client5.http.impl.classic.RedirectExec.execute(RedirectExec.java:110)
	at org.apache.hc.client5.http.impl.classic.ExecChainElement.execute(ExecChainElement.java:51)
	at org.apache.hc.client5.http.impl.classic.InternalHttpClient.doExecute(InternalHttpClient.java:174)
	at org.apache.hc.client5.http.impl.classic.CloseableHttpClient.execute(CloseableHttpClient.java:87)
	at org.apache.hc.client5.http.impl.classic.CloseableHttpClient.execute(CloseableHttpClient.java:55)
	at org.apache.hc.client5.http.classic.HttpClient.executeOpen(HttpClient.java:183)
	at org.springframework.http.client.HttpComponentsClientHttpRequest.executeInternal(HttpComponentsClientHttpRequest.java:99)
	at org.springframework.http.client.AbstractStreamingClientHttpRequest.executeInternal(AbstractStreamingClientHttpRequest.java:71)
	at org.springframework.http.client.AbstractClientHttpRequest.execute(AbstractClientHttpRequest.java:81)
	at org.springframework.http.client.InterceptingClientHttpRequest$InterceptingRequestExecution.execute(InterceptingClientHttpRequest.java:117)
	at org.springframework.cloud.netflix.eureka.http.RestTemplateTransportClientFactory.lambda$restTemplate$3(RestTemplateTransportClientFactory.java:141)
	at org.springframework.http.client.InterceptingClientHttpRequest$InterceptingRequestExecution.execute(InterceptingClientHttpRequest.java:88)
	at org.springframework.http.client.InterceptingClientHttpRequest.executeInternal(InterceptingClientHttpRequest.java:72)
	at org.springframework.http.client.AbstractBufferingClientHttpRequest.executeInternal(AbstractBufferingClientHttpRequest.java:48)
	at org.springframework.http.client.AbstractClientHttpRequest.execute(AbstractClientHttpRequest.java:81)
	at org.springframework.web.client.RestTemplate.doExecute(RestTemplate.java:899)
	... 148 more

2026-03-19T20:38:16.295-03:00  WARN 77900 --- [order-security-server] [           main] c.n.d.s.t.d.RetryableEurekaHttpClient    : Request execution failed with message: I/O error on GET request for "http://localhost:8761/eureka/apps/": Connect to http://localhost:8761 [localhost/127.0.0.1] failed: Conexão recusada
2026-03-19T20:38:16.301-03:00  INFO 77900 --- [order-security-server] [           main] com.netflix.discovery.DiscoveryClient    : DiscoveryClient_ORDER-SECURITY-SERVER/192.168.20.102:order-security-server:9999 - was unable to refresh its cache! This periodic background refresh will be retried in 30 seconds. status = Cannot execute request on any known server stacktrace = com.netflix.discovery.shared.transport.TransportException: Cannot execute request on any known server
	at com.netflix.discovery.shared.transport.decorator.RetryableEurekaHttpClient.execute(RetryableEurekaHttpClient.java:112)
	at com.netflix.discovery.shared.transport.decorator.EurekaHttpClientDecorator.getApplications(EurekaHttpClientDecorator.java:134)
	at com.netflix.discovery.shared.transport.decorator.EurekaHttpClientDecorator$6.execute(EurekaHttpClientDecorator.java:137)
	at com.netflix.discovery.shared.transport.decorator.SessionedEurekaHttpClient.execute(SessionedEurekaHttpClient.java:76)
	at com.netflix.discovery.shared.transport.decorator.EurekaHttpClientDecorator.getApplications(EurekaHttpClientDecorator.java:134)
	at com.netflix.discovery.DiscoveryClient.getAndStoreFullRegistry(DiscoveryClient.java:1046)
	at com.netflix.discovery.DiscoveryClient.fetchRegistry(DiscoveryClient.java:961)
	at com.netflix.discovery.DiscoveryClient.<init>(DiscoveryClient.java:410)
	at com.netflix.discovery.DiscoveryClient.<init>(DiscoveryClient.java:245)
	at com.netflix.discovery.DiscoveryClient.<init>(DiscoveryClient.java:240)
	at org.springframework.cloud.netflix.eureka.CloudEurekaClient.<init>(CloudEurekaClient.java:68)
	at org.springframework.cloud.netflix.eureka.EurekaClientAutoConfiguration$RefreshableEurekaClientConfiguration.eurekaClient(EurekaClientAutoConfiguration.java:324)
	at java.base/jdk.internal.reflect.NativeMethodAccessorImpl.invoke0(Native Method)
	at java.base/jdk.internal.reflect.NativeMethodAccessorImpl.invoke(NativeMethodAccessorImpl.java:77)
	at java.base/jdk.internal.reflect.DelegatingMethodAccessorImpl.invoke(DelegatingMethodAccessorImpl.java:43)
	at java.base/java.lang.reflect.Method.invoke(Method.java:569)
	at org.springframework.beans.factory.support.SimpleInstantiationStrategy.lambda$instantiate$0(SimpleInstantiationStrategy.java:171)
	at org.springframework.beans.factory.support.SimpleInstantiationStrategy.instantiateWithFactoryMethod(SimpleInstantiationStrategy.java:88)
	at org.springframework.beans.factory.support.SimpleInstantiationStrategy.instantiate(SimpleInstantiationStrategy.java:168)
	at org.springframework.beans.factory.support.ConstructorResolver.instantiate(ConstructorResolver.java:653)
	at org.springframework.beans.factory.support.ConstructorResolver.instantiateUsingFactoryMethod(ConstructorResolver.java:645)
	at org.springframework.beans.factory.support.AbstractAutowireCapableBeanFactory.instantiateUsingFactoryMethod(AbstractAutowireCapableBeanFactory.java:1361)
	at org.springframework.beans.factory.support.AbstractAutowireCapableBeanFactory.createBeanInstance(AbstractAutowireCapableBeanFactory.java:1191)
	at org.springframework.beans.factory.support.AbstractAutowireCapableBeanFactory.doCreateBean(AbstractAutowireCapableBeanFactory.java:563)
	at org.springframework.beans.factory.support.AbstractAutowireCapableBeanFactory.createBean(AbstractAutowireCapableBeanFactory.java:523)
	at org.springframework.beans.factory.support.AbstractBeanFactory.lambda$doGetBean$1(AbstractBeanFactory.java:378)
	at org.springframework.cloud.context.scope.GenericScope$BeanLifecycleWrapper.getBean(GenericScope.java:375)
	at org.springframework.cloud.context.scope.GenericScope.get(GenericScope.java:179)
	at org.springframework.beans.factory.support.AbstractBeanFactory.doGetBean(AbstractBeanFactory.java:375)
	at org.springframework.beans.factory.support.AbstractBeanFactory.getBean(AbstractBeanFactory.java:202)
	at org.springframework.aop.target.SimpleBeanTargetSource.getTarget(SimpleBeanTargetSource.java:35)
	at org.springframework.cloud.netflix.eureka.serviceregistry.EurekaRegistration.getTargetObject(EurekaRegistration.java:128)
	at org.springframework.cloud.netflix.eureka.serviceregistry.EurekaRegistration.getEurekaClient(EurekaRegistration.java:116)
	at java.base/jdk.internal.reflect.NativeMethodAccessorImpl.invoke0(Native Method)
	at java.base/jdk.internal.reflect.NativeMethodAccessorImpl.invoke(NativeMethodAccessorImpl.java:77)
	at java.base/jdk.internal.reflect.DelegatingMethodAccessorImpl.invoke(DelegatingMethodAccessorImpl.java:43)
	at java.base/java.lang.reflect.Method.invoke(Method.java:569)
	at org.springframework.util.ReflectionUtils.invokeMethod(ReflectionUtils.java:281)
	at org.springframework.cloud.context.scope.GenericScope$LockedScopedProxyFactoryBean.invoke(GenericScope.java:482)
	at org.springframework.aop.framework.ReflectiveMethodInvocation.proceed(ReflectiveMethodInvocation.java:184)
	at org.springframework.aop.framework.CglibAopProxy$DynamicAdvisedInterceptor.intercept(CglibAopProxy.java:727)
	at org.springframework.cloud.netflix.eureka.serviceregistry.EurekaRegistration$$SpringCGLIB$$0.getEurekaClient(<generated>)
	at org.springframework.cloud.netflix.eureka.serviceregistry.EurekaServiceRegistry.maybeInitializeClient(EurekaServiceRegistry.java:83)
	at org.springframework.cloud.netflix.eureka.serviceregistry.EurekaServiceRegistry.register(EurekaServiceRegistry.java:66)
	at org.springframework.cloud.netflix.eureka.serviceregistry.EurekaAutoServiceRegistration.start(EurekaAutoServiceRegistration.java:89)
	at org.springframework.context.support.DefaultLifecycleProcessor.doStart(DefaultLifecycleProcessor.java:323)
	at org.springframework.context.support.DefaultLifecycleProcessor$LifecycleGroup.start(DefaultLifecycleProcessor.java:510)
	at java.base/java.lang.Iterable.forEach(Iterable.java:75)
	at org.springframework.context.support.DefaultLifecycleProcessor.startBeans(DefaultLifecycleProcessor.java:295)
	at org.springframework.context.support.DefaultLifecycleProcessor.onRefresh(DefaultLifecycleProcessor.java:240)
	at org.springframework.context.support.AbstractApplicationContext.finishRefresh(AbstractApplicationContext.java:1006)
	at org.springframework.context.support.AbstractApplicationContext.refresh(AbstractApplicationContext.java:630)
	at org.springframework.boot.SpringApplication.refresh(SpringApplication.java:752)
	at org.springframework.boot.SpringApplication.refreshContext(SpringApplication.java:439)
	at org.springframework.boot.SpringApplication.run(SpringApplication.java:318)
	at org.springframework.boot.test.context.SpringBootContextLoader.lambda$loadContext$3(SpringBootContextLoader.java:137)
	at org.springframework.util.function.ThrowingSupplier.get(ThrowingSupplier.java:58)
	at org.springframework.util.function.ThrowingSupplier.get(ThrowingSupplier.java:46)
	at org.springframework.boot.SpringApplication.withHook(SpringApplication.java:1461)
	at org.springframework.boot.test.context.SpringBootContextLoader$ContextLoaderHook.run(SpringBootContextLoader.java:553)
	at org.springframework.boot.test.context.SpringBootContextLoader.loadContext(SpringBootContextLoader.java:137)
	at org.springframework.boot.test.context.SpringBootContextLoader.loadContext(SpringBootContextLoader.java:108)
	at org.springframework.test.context.cache.DefaultCacheAwareContextLoaderDelegate.loadContextInternal(DefaultCacheAwareContextLoaderDelegate.java:225)
	at org.springframework.test.context.cache.DefaultCacheAwareContextLoaderDelegate.loadContext(DefaultCacheAwareContextLoaderDelegate.java:152)
	at org.springframework.test.context.support.DefaultTestContext.getApplicationContext(DefaultTestContext.java:130)
	at org.springframework.test.context.web.ServletTestExecutionListener.setUpRequestContextIfNecessary(ServletTestExecutionListener.java:200)
	at org.springframework.test.context.web.ServletTestExecutionListener.prepareTestInstance(ServletTestExecutionListener.java:139)
	at org.springframework.test.context.TestContextManager.prepareTestInstance(TestContextManager.java:260)
	at org.springframework.test.context.junit.jupiter.SpringExtension.postProcessTestInstance(SpringExtension.java:160)
	at org.junit.jupiter.engine.descriptor.ClassBasedTestDescriptor.lambda$invokeTestInstancePostProcessors$11(ClassBasedTestDescriptor.java:378)
	at org.junit.jupiter.engine.descriptor.ClassBasedTestDescriptor.executeAndMaskThrowable(ClassBasedTestDescriptor.java:383)
	at org.junit.jupiter.engine.descriptor.ClassBasedTestDescriptor.lambda$invokeTestInstancePostProcessors$12(ClassBasedTestDescriptor.java:378)
	at java.base/java.util.stream.ForEachOps$ForEachOp$OfRef.accept(ForEachOps.java:183)
	at java.base/java.util.stream.ReferencePipeline$3$1.accept(ReferencePipeline.java:197)
	at java.base/java.util.stream.ReferencePipeline$2$1.accept(ReferencePipeline.java:179)
	at java.base/java.util.stream.ReferencePipeline$3$1.accept(ReferencePipeline.java:197)
	at java.base/java.util.ArrayList$ArrayListSpliterator.forEachRemaining(ArrayList.java:1625)
	at java.base/java.util.stream.AbstractPipeline.copyInto(AbstractPipeline.java:509)
	at java.base/java.util.stream.AbstractPipeline.wrapAndCopyInto(AbstractPipeline.java:499)
	at java.base/java.util.stream.ForEachOps$ForEachOp.evaluateSequential(ForEachOps.java:150)
	at java.base/java.util.stream.ForEachOps$ForEachOp$OfRef.evaluateSequential(ForEachOps.java:173)
	at java.base/java.util.stream.AbstractPipeline.evaluate(AbstractPipeline.java:234)
	at java.base/java.util.stream.ReferencePipeline.forEach(ReferencePipeline.java:596)
	at org.junit.jupiter.engine.descriptor.ClassBasedTestDescriptor.invokeTestInstancePostProcessors(ClassBasedTestDescriptor.java:377)
	at org.junit.jupiter.engine.descriptor.ClassBasedTestDescriptor.lambda$instantiateAndPostProcessTestInstance$7(ClassBasedTestDescriptor.java:290)
	at org.junit.platform.engine.support.hierarchical.ThrowableCollector.execute(ThrowableCollector.java:73)
	at org.junit.jupiter.engine.descriptor.ClassBasedTestDescriptor.instantiateAndPostProcessTestInstance(ClassBasedTestDescriptor.java:289)
	at org.junit.jupiter.engine.descriptor.ClassBasedTestDescriptor.lambda$testInstancesProvider$5(ClassBasedTestDescriptor.java:279)
	at java.base/java.util.Optional.orElseGet(Optional.java:364)
	at org.junit.jupiter.engine.descriptor.ClassBasedTestDescriptor.lambda$testInstancesProvider$6(ClassBasedTestDescriptor.java:278)
	at org.junit.jupiter.engine.execution.TestInstancesProvider.getTestInstances(TestInstancesProvider.java:31)
	at org.junit.jupiter.engine.descriptor.TestMethodTestDescriptor.lambda$prepare$1(TestMethodTestDescriptor.java:105)
	at org.junit.platform.engine.support.hierarchical.ThrowableCollector.execute(ThrowableCollector.java:73)
	at org.junit.jupiter.engine.descriptor.TestMethodTestDescriptor.prepare(TestMethodTestDescriptor.java:104)
	at org.junit.jupiter.engine.descriptor.TestMethodTestDescriptor.prepare(TestMethodTestDescriptor.java:68)
	at org.junit.platform.engine.support.hierarchical.NodeTestTask.lambda$prepare$2(NodeTestTask.java:128)
	at org.junit.platform.engine.support.hierarchical.ThrowableCollector.execute(ThrowableCollector.java:73)
	at org.junit.platform.engine.support.hierarchical.NodeTestTask.prepare(NodeTestTask.java:128)
	at org.junit.platform.engine.support.hierarchical.NodeTestTask.execute(NodeTestTask.java:95)
	at java.base/java.util.ArrayList.forEach(ArrayList.java:1511)
	at org.junit.platform.engine.support.hierarchical.SameThreadHierarchicalTestExecutorService.invokeAll(SameThreadHierarchicalTestExecutorService.java:41)
	at org.junit.platform.engine.support.hierarchical.NodeTestTask.lambda$executeRecursively$6(NodeTestTask.java:160)
	at org.junit.platform.engine.support.hierarchical.ThrowableCollector.execute(ThrowableCollector.java:73)
	at org.junit.platform.engine.support.hierarchical.NodeTestTask.lambda$executeRecursively$8(NodeTestTask.java:146)
	at org.junit.platform.engine.support.hierarchical.Node.around(Node.java:137)
	at org.junit.platform.engine.support.hierarchical.NodeTestTask.lambda$executeRecursively$9(NodeTestTask.java:144)
	at org.junit.platform.engine.support.hierarchical.ThrowableCollector.execute(ThrowableCollector.java:73)
	at org.junit.platform.engine.support.hierarchical.NodeTestTask.executeRecursively(NodeTestTask.java:143)
	at org.junit.platform.engine.support.hierarchical.NodeTestTask.execute(NodeTestTask.java:100)
	at java.base/java.util.ArrayList.forEach(ArrayList.java:1511)
	at org.junit.platform.engine.support.hierarchical.SameThreadHierarchicalTestExecutorService.invokeAll(SameThreadHierarchicalTestExecutorService.java:41)
	at org.junit.platform.engine.support.hierarchical.NodeTestTask.lambda$executeRecursively$6(NodeTestTask.java:160)
	at org.junit.platform.engine.support.hierarchical.ThrowableCollector.execute(ThrowableCollector.java:73)
	at org.junit.platform.engine.support.hierarchical.NodeTestTask.lambda$executeRecursively$8(NodeTestTask.java:146)
	at org.junit.platform.engine.support.hierarchical.Node.around(Node.java:137)
	at org.junit.platform.engine.support.hierarchical.NodeTestTask.lambda$executeRecursively$9(NodeTestTask.java:144)
	at org.junit.platform.engine.support.hierarchical.ThrowableCollector.execute(ThrowableCollector.java:73)
	at org.junit.platform.engine.support.hierarchical.NodeTestTask.executeRecursively(NodeTestTask.java:143)
	at org.junit.platform.engine.support.hierarchical.NodeTestTask.execute(NodeTestTask.java:100)
	at org.junit.platform.engine.support.hierarchical.SameThreadHierarchicalTestExecutorService.submit(SameThreadHierarchicalTestExecutorService.java:35)
	at org.junit.platform.engine.support.hierarchical.HierarchicalTestExecutor.execute(HierarchicalTestExecutor.java:57)
	at org.junit.platform.engine.support.hierarchical.HierarchicalTestEngine.execute(HierarchicalTestEngine.java:54)
	at org.junit.platform.launcher.core.EngineExecutionOrchestrator.execute(EngineExecutionOrchestrator.java:198)
	at org.junit.platform.launcher.core.EngineExecutionOrchestrator.execute(EngineExecutionOrchestrator.java:169)
	at org.junit.platform.launcher.core.EngineExecutionOrchestrator.execute(EngineExecutionOrchestrator.java:93)
	at org.junit.platform.launcher.core.EngineExecutionOrchestrator.lambda$execute$0(EngineExecutionOrchestrator.java:58)
	at org.junit.platform.launcher.core.EngineExecutionOrchestrator.withInterceptedStreams(EngineExecutionOrchestrator.java:141)
	at org.junit.platform.launcher.core.EngineExecutionOrchestrator.execute(EngineExecutionOrchestrator.java:57)
	at org.junit.platform.launcher.core.DefaultLauncher.execute(DefaultLauncher.java:103)
	at org.junit.platform.launcher.core.DefaultLauncher.execute(DefaultLauncher.java:85)
	at org.junit.platform.launcher.core.DelegatingLauncher.execute(DelegatingLauncher.java:47)
	at org.apache.maven.surefire.junitplatform.LazyLauncher.execute(LazyLauncher.java:56)
	at org.apache.maven.surefire.junitplatform.JUnitPlatformProvider.execute(JUnitPlatformProvider.java:184)
	at org.apache.maven.surefire.junitplatform.JUnitPlatformProvider.invokeAllTests(JUnitPlatformProvider.java:148)
	at org.apache.maven.surefire.junitplatform.JUnitPlatformProvider.invoke(JUnitPlatformProvider.java:122)
	at org.apache.maven.surefire.booter.ForkedBooter.runSuitesInProcess(ForkedBooter.java:385)
	at org.apache.maven.surefire.booter.ForkedBooter.execute(ForkedBooter.java:162)
	at org.apache.maven.surefire.booter.ForkedBooter.run(ForkedBooter.java:507)
	at org.apache.maven.surefire.booter.ForkedBooter.main(ForkedBooter.java:495)

2026-03-19T20:38:16.305-03:00  INFO 77900 --- [order-security-server] [           main] com.netflix.discovery.DiscoveryClient    : Initial registry fetch from primary servers failed
2026-03-19T20:38:16.307-03:00  WARN 77900 --- [order-security-server] [           main] com.netflix.discovery.DiscoveryClient    : Using default backup registry implementation which does not do anything.
2026-03-19T20:38:16.308-03:00  INFO 77900 --- [order-security-server] [           main] com.netflix.discovery.DiscoveryClient    : Initial registry fetch from backup servers failed
2026-03-19T20:38:16.309-03:00  INFO 77900 --- [order-security-server] [           main] com.netflix.discovery.DiscoveryClient    : Starting heartbeat executor: renew interval is: 30
2026-03-19T20:38:16.315-03:00  INFO 77900 --- [order-security-server] [           main] c.n.discovery.InstanceInfoReplicator     : InstanceInfoReplicator onDemand update allowed rate per min is 4
2026-03-19T20:38:16.329-03:00  INFO 77900 --- [order-security-server] [           main] com.netflix.discovery.DiscoveryClient    : Discovery Client initialized at timestamp 1773963496328 with initial instances count: 0
2026-03-19T20:38:16.335-03:00  INFO 77900 --- [order-security-server] [           main] o.s.c.n.e.s.EurekaServiceRegistry        : Registering application ORDER-SECURITY-SERVER with eureka with status UP
2026-03-19T20:38:16.337-03:00  INFO 77900 --- [order-security-server] [           main] com.netflix.discovery.DiscoveryClient    : Saw local status change event StatusChangeEvent [timestamp=1773963496337, current=UP, previous=STARTING]
2026-03-19T20:38:16.341-03:00  INFO 77900 --- [order-security-server] [foReplicator-%d] com.netflix.discovery.DiscoveryClient    : DiscoveryClient_ORDER-SECURITY-SERVER/192.168.20.102:order-security-server:9999: registering service...
2026-03-19T20:38:16.383-03:00  INFO 77900 --- [order-security-server] [           main] .c.o.OrderSecurityServerApplicationTests : Started OrderSecurityServerApplicationTests in 21.892 seconds (process running for 26.428)
2026-03-19T20:38:16.457-03:00  INFO 77900 --- [order-security-server] [foReplicator-%d] c.n.d.s.t.d.RedirectingEurekaHttpClient  : Request execution error. endpoint=DefaultEndpoint{ serviceUrl='http://localhost:8761/eureka/}, exception=I/O error on POST request for "http://localhost:8761/eureka/apps/ORDER-SECURITY-SERVER": Connect to http://localhost:8761 [localhost/127.0.0.1] failed: Conexão recusada stacktrace=org.springframework.web.client.ResourceAccessException: I/O error on POST request for "http://localhost:8761/eureka/apps/ORDER-SECURITY-SERVER": Connect to http://localhost:8761 [localhost/127.0.0.1] failed: Conexão recusada
	at org.springframework.web.client.RestTemplate.createResourceAccessException(RestTemplate.java:925)
	at org.springframework.web.client.RestTemplate.doExecute(RestTemplate.java:905)
	at org.springframework.web.client.RestTemplate.execute(RestTemplate.java:840)
	at org.springframework.web.client.RestTemplate.exchange(RestTemplate.java:701)
	at org.springframework.cloud.netflix.eureka.http.RestTemplateEurekaHttpClient.register(RestTemplateEurekaHttpClient.java:87)
	at com.netflix.discovery.shared.transport.decorator.EurekaHttpClientDecorator$1.execute(EurekaHttpClientDecorator.java:59)
	at com.netflix.discovery.shared.transport.decorator.RedirectingEurekaHttpClient.executeOnNewServer(RedirectingEurekaHttpClient.java:121)
	at com.netflix.discovery.shared.transport.decorator.RedirectingEurekaHttpClient.execute(RedirectingEurekaHttpClient.java:80)
	at com.netflix.discovery.shared.transport.decorator.EurekaHttpClientDecorator.register(EurekaHttpClientDecorator.java:56)
	at com.netflix.discovery.shared.transport.decorator.EurekaHttpClientDecorator$1.execute(EurekaHttpClientDecorator.java:59)
	at com.netflix.discovery.shared.transport.decorator.RetryableEurekaHttpClient.execute(RetryableEurekaHttpClient.java:120)
	at com.netflix.discovery.shared.transport.decorator.EurekaHttpClientDecorator.register(EurekaHttpClientDecorator.java:56)
	at com.netflix.discovery.shared.transport.decorator.EurekaHttpClientDecorator$1.execute(EurekaHttpClientDecorator.java:59)
	at com.netflix.discovery.shared.transport.decorator.SessionedEurekaHttpClient.execute(SessionedEurekaHttpClient.java:76)
	at com.netflix.discovery.shared.transport.decorator.EurekaHttpClientDecorator.register(EurekaHttpClientDecorator.java:56)
	at com.netflix.discovery.DiscoveryClient.register(DiscoveryClient.java:828)
	at com.netflix.discovery.InstanceInfoReplicator.run(InstanceInfoReplicator.java:125)
	at com.netflix.discovery.InstanceInfoReplicator$2.run(InstanceInfoReplicator.java:105)
	at java.base/java.util.concurrent.Executors$RunnableAdapter.call(Executors.java:539)
	at java.base/java.util.concurrent.FutureTask.run(FutureTask.java:264)
	at java.base/java.util.concurrent.ScheduledThreadPoolExecutor$ScheduledFutureTask.run(ScheduledThreadPoolExecutor.java:304)
	at java.base/java.util.concurrent.ThreadPoolExecutor.runWorker(ThreadPoolExecutor.java:1136)
	at java.base/java.util.concurrent.ThreadPoolExecutor$Worker.run(ThreadPoolExecutor.java:635)
	at java.base/java.lang.Thread.run(Thread.java:840)
Caused by: org.apache.hc.client5.http.HttpHostConnectException: Connect to http://localhost:8761 [localhost/127.0.0.1] failed: Conexão recusada
	at java.base/sun.nio.ch.Net.pollConnect(Native Method)
	at java.base/sun.nio.ch.Net.pollConnectNow(Net.java:672)
	at java.base/sun.nio.ch.NioSocketImpl.timedFinishConnect(NioSocketImpl.java:547)
	at java.base/sun.nio.ch.NioSocketImpl.connect(NioSocketImpl.java:602)
	at java.base/java.net.SocksSocketImpl.connect(SocksSocketImpl.java:327)
	at java.base/java.net.Socket.connect(Socket.java:639)
	at org.apache.hc.client5.http.impl.io.DefaultHttpClientConnectionOperator.connect(DefaultHttpClientConnectionOperator.java:216)
	at org.apache.hc.client5.http.impl.io.PoolingHttpClientConnectionManager.connect(PoolingHttpClientConnectionManager.java:490)
	at org.apache.hc.client5.http.impl.classic.InternalExecRuntime.connectEndpoint(InternalExecRuntime.java:164)
	at org.apache.hc.client5.http.impl.classic.InternalExecRuntime.connectEndpoint(InternalExecRuntime.java:174)
	at org.apache.hc.client5.http.impl.classic.ConnectExec.execute(ConnectExec.java:144)
	at org.apache.hc.client5.http.impl.classic.ExecChainElement.execute(ExecChainElement.java:51)
	at org.apache.hc.client5.http.impl.classic.ProtocolExec.execute(ProtocolExec.java:192)
	at org.apache.hc.client5.http.impl.classic.ExecChainElement.execute(ExecChainElement.java:51)
	at org.apache.hc.client5.http.impl.classic.ContentCompressionExec.execute(ContentCompressionExec.java:150)
	at org.apache.hc.client5.http.impl.classic.ExecChainElement.execute(ExecChainElement.java:51)
	at org.apache.hc.client5.http.impl.classic.HttpRequestRetryExec.execute(HttpRequestRetryExec.java:113)
	at org.apache.hc.client5.http.impl.classic.ExecChainElement.execute(ExecChainElement.java:51)
	at org.apache.hc.client5.http.impl.classic.RedirectExec.execute(RedirectExec.java:110)
	at org.apache.hc.client5.http.impl.classic.ExecChainElement.execute(ExecChainElement.java:51)
	at org.apache.hc.client5.http.impl.classic.InternalHttpClient.doExecute(InternalHttpClient.java:174)
	at org.apache.hc.client5.http.impl.classic.CloseableHttpClient.execute(CloseableHttpClient.java:87)
	at org.apache.hc.client5.http.impl.classic.CloseableHttpClient.execute(CloseableHttpClient.java:55)
	at org.apache.hc.client5.http.classic.HttpClient.executeOpen(HttpClient.java:183)
	at org.springframework.http.client.HttpComponentsClientHttpRequest.executeInternal(HttpComponentsClientHttpRequest.java:99)
	at org.springframework.http.client.AbstractStreamingClientHttpRequest.executeInternal(AbstractStreamingClientHttpRequest.java:71)
	at org.springframework.http.client.AbstractClientHttpRequest.execute(AbstractClientHttpRequest.java:81)
	at org.springframework.http.client.InterceptingClientHttpRequest$InterceptingRequestExecution.execute(InterceptingClientHttpRequest.java:117)
	at org.springframework.cloud.netflix.eureka.http.RestTemplateTransportClientFactory.lambda$restTemplate$3(RestTemplateTransportClientFactory.java:141)
	at org.springframework.http.client.InterceptingClientHttpRequest$InterceptingRequestExecution.execute(InterceptingClientHttpRequest.java:88)
	at org.springframework.http.client.InterceptingClientHttpRequest.executeInternal(InterceptingClientHttpRequest.java:72)
	at org.springframework.http.client.AbstractBufferingClientHttpRequest.executeInternal(AbstractBufferingClientHttpRequest.java:48)
	at org.springframework.http.client.AbstractClientHttpRequest.execute(AbstractClientHttpRequest.java:81)
	at org.springframework.web.client.RestTemplate.doExecute(RestTemplate.java:899)
	... 22 more

2026-03-19T20:38:16.459-03:00  WARN 77900 --- [order-security-server] [foReplicator-%d] c.n.d.s.t.d.RetryableEurekaHttpClient    : Request execution failed with message: I/O error on POST request for "http://localhost:8761/eureka/apps/ORDER-SECURITY-SERVER": Connect to http://localhost:8761 [localhost/127.0.0.1] failed: Conexão recusada
2026-03-19T20:38:16.469-03:00  WARN 77900 --- [order-security-server] [foReplicator-%d] com.netflix.discovery.DiscoveryClient    : DiscoveryClient_ORDER-SECURITY-SERVER/192.168.20.102:order-security-server:9999 - registration failed Cannot execute request on any known server

com.netflix.discovery.shared.transport.TransportException: Cannot execute request on any known server
	at com.netflix.discovery.shared.transport.decorator.RetryableEurekaHttpClient.execute(RetryableEurekaHttpClient.java:112) ~[eureka-client-2.0.4.jar:2.0.4]
	at com.netflix.discovery.shared.transport.decorator.EurekaHttpClientDecorator.register(EurekaHttpClientDecorator.java:56) ~[eureka-client-2.0.4.jar:2.0.4]
	at com.netflix.discovery.shared.transport.decorator.EurekaHttpClientDecorator$1.execute(EurekaHttpClientDecorator.java:59) ~[eureka-client-2.0.4.jar:2.0.4]
	at com.netflix.discovery.shared.transport.decorator.SessionedEurekaHttpClient.execute(SessionedEurekaHttpClient.java:76) ~[eureka-client-2.0.4.jar:2.0.4]
	at com.netflix.discovery.shared.transport.decorator.EurekaHttpClientDecorator.register(EurekaHttpClientDecorator.java:56) ~[eureka-client-2.0.4.jar:2.0.4]
	at com.netflix.discovery.DiscoveryClient.register(DiscoveryClient.java:828) ~[eureka-client-2.0.4.jar:2.0.4]
	at com.netflix.discovery.InstanceInfoReplicator.run(InstanceInfoReplicator.java:125) ~[eureka-client-2.0.4.jar:2.0.4]
	at com.netflix.discovery.InstanceInfoReplicator$2.run(InstanceInfoReplicator.java:105) ~[eureka-client-2.0.4.jar:2.0.4]
	at java.base/java.util.concurrent.Executors$RunnableAdapter.call(Executors.java:539) ~[na:na]
	at java.base/java.util.concurrent.FutureTask.run(FutureTask.java:264) ~[na:na]
	at java.base/java.util.concurrent.ScheduledThreadPoolExecutor$ScheduledFutureTask.run(ScheduledThreadPoolExecutor.java:304) ~[na:na]
	at java.base/java.util.concurrent.ThreadPoolExecutor.runWorker(ThreadPoolExecutor.java:1136) ~[na:na]
	at java.base/java.util.concurrent.ThreadPoolExecutor$Worker.run(ThreadPoolExecutor.java:635) ~[na:na]
	at java.base/java.lang.Thread.run(Thread.java:840) ~[na:na]

2026-03-19T20:38:16.475-03:00  WARN 77900 --- [order-security-server] [foReplicator-%d] c.n.discovery.InstanceInfoReplicator     : There was a problem with the instance info replicator

com.netflix.discovery.shared.transport.TransportException: Cannot execute request on any known server
	at com.netflix.discovery.shared.transport.decorator.RetryableEurekaHttpClient.execute(RetryableEurekaHttpClient.java:112) ~[eureka-client-2.0.4.jar:2.0.4]
	at com.netflix.discovery.shared.transport.decorator.EurekaHttpClientDecorator.register(EurekaHttpClientDecorator.java:56) ~[eureka-client-2.0.4.jar:2.0.4]
	at com.netflix.discovery.shared.transport.decorator.EurekaHttpClientDecorator$1.execute(EurekaHttpClientDecorator.java:59) ~[eureka-client-2.0.4.jar:2.0.4]
	at com.netflix.discovery.shared.transport.decorator.SessionedEurekaHttpClient.execute(SessionedEurekaHttpClient.java:76) ~[eureka-client-2.0.4.jar:2.0.4]
	at com.netflix.discovery.shared.transport.decorator.EurekaHttpClientDecorator.register(EurekaHttpClientDecorator.java:56) ~[eureka-client-2.0.4.jar:2.0.4]
	at com.netflix.discovery.DiscoveryClient.register(DiscoveryClient.java:828) ~[eureka-client-2.0.4.jar:2.0.4]
	at com.netflix.discovery.InstanceInfoReplicator.run(InstanceInfoReplicator.java:125) ~[eureka-client-2.0.4.jar:2.0.4]
	at com.netflix.discovery.InstanceInfoReplicator$2.run(InstanceInfoReplicator.java:105) ~[eureka-client-2.0.4.jar:2.0.4]
	at java.base/java.util.concurrent.Executors$RunnableAdapter.call(Executors.java:539) ~[na:na]
	at java.base/java.util.concurrent.FutureTask.run(FutureTask.java:264) ~[na:na]
	at java.base/java.util.concurrent.ScheduledThreadPoolExecutor$ScheduledFutureTask.run(ScheduledThreadPoolExecutor.java:304) ~[na:na]
	at java.base/java.util.concurrent.ThreadPoolExecutor.runWorker(ThreadPoolExecutor.java:1136) ~[na:na]
	at java.base/java.util.concurrent.ThreadPoolExecutor$Worker.run(ThreadPoolExecutor.java:635) ~[na:na]
	at java.base/java.lang.Thread.run(Thread.java:840) ~[na:na]

[INFO] 
[INFO] Results:
[INFO] 
[INFO] Tests run: 1, Failures: 0, Errors: 0, Skipped: 0
[INFO] 
[INFO] 
[INFO] --- jar:3.4.2:jar (default-jar) @ config-server ---
[INFO] 
[INFO] --- spring-boot:3.4.3:repackage (repackage) @ config-server ---
[INFO] Replacing main artifact /home/pc/Documentos/Pessoal/orderflow/config-server/target/config-server-0.0.1-SNAPSHOT.jar with repackaged archive, adding nested dependencies in BOOT-INF/.
[INFO] The original artifact has been renamed to /home/pc/Documentos/Pessoal/orderflow/config-server/target/config-server-0.0.1-SNAPSHOT.jar.original
[INFO] 
[INFO] --- install:3.1.3:install (default-install) @ config-server ---
[INFO] Installing /home/pc/Documentos/Pessoal/orderflow/config-server/pom.xml to /home/pc/.m2/repository/org/cedro/config-server/0.0.1-SNAPSHOT/config-server-0.0.1-SNAPSHOT.pom
[INFO] Installing /home/pc/Documentos/Pessoal/orderflow/config-server/target/config-server-0.0.1-SNAPSHOT.jar to /home/pc/.m2/repository/org/cedro/config-server/0.0.1-SNAPSHOT/config-server-0.0.1-SNAPSHOT.jar
2026-03-19T20:38:17.997-03:00  INFO 78044 --- [inventory-service] [           main] DiscoveryClientOptionalArgsConfiguration : Eureka HTTP Client uses RestTemplate.
2026-03-19T20:38:18.114-03:00  WARN 78044 --- [inventory-service] [           main] iguration$LoadBalancerCaffeineWarnLogger : Spring Cloud LoadBalancer is currently working with the default cache. While this cache implementation is useful for development and tests, it's recommended to use Caffeine cache in production.You can switch to using Caffeine cache, by adding it and org.springframework.cache.caffeine.CaffeineCacheManager to the classpath.
2026-03-19T20:38:18.229-03:00  INFO 78044 --- [inventory-service] [           main] o.s.c.n.eureka.InstanceInfoFactory       : Setting initial instance status as: STARTING
2026-03-19T20:38:18.273-03:00  INFO 78044 --- [inventory-service] [           main] com.netflix.discovery.DiscoveryClient    : Initializing Eureka in region us-east-1
2026-03-19T20:38:18.302-03:00  INFO 78044 --- [inventory-service] [           main] c.n.d.s.r.aws.ConfigClusterResolver      : Resolving eureka endpoints via configuration
[INFO] Tests run: 1, Failures: 0, Errors: 0, Skipped: 0, Time elapsed: 26.53 s -- in org.cedro.ordersecurityserver.OrderSecurityServerApplicationTests
2026-03-19T20:38:18.317-03:00  INFO 78044 --- [inventory-service] [           main] com.netflix.discovery.DiscoveryClient    : Disable delta property : false
2026-03-19T20:38:18.318-03:00  INFO 78044 --- [inventory-service] [           main] com.netflix.discovery.DiscoveryClient    : Single vip registry refresh property : null
2026-03-19T20:38:18.318-03:00  INFO 78044 --- [inventory-service] [           main] com.netflix.discovery.DiscoveryClient    : Force full registry fetch : false
2026-03-19T20:38:18.319-03:00  INFO 78044 --- [inventory-service] [           main] com.netflix.discovery.DiscoveryClient    : Application is null : false
2026-03-19T20:38:18.319-03:00  INFO 78044 --- [inventory-service] [           main] com.netflix.discovery.DiscoveryClient    : Registered Applications size is zero : true
2026-03-19T20:38:18.320-03:00  INFO 78044 --- [inventory-service] [           main] com.netflix.discovery.DiscoveryClient    : Application version is -1: true
2026-03-19T20:38:18.321-03:00  INFO 78044 --- [inventory-service] [           main] com.netflix.discovery.DiscoveryClient    : Getting all instance registry info from the eureka server
2026-03-19T20:38:18.534-03:00  INFO 78053 --- [order-service] [           main] .s.d.r.c.RepositoryConfigurationDelegate : Bootstrapping Spring Data MongoDB repositories in DEFAULT mode.
[INFO] 
[INFO] Results:
[INFO] 
[INFO] Tests run: 1, Failures: 0, Errors: 0, Skipped: 0
[INFO] 
[INFO] 
[INFO] Results:
[INFO] 
[INFO] Tests run: 1, Failures: 0, Errors: 0, Skipped: 0
[INFO] 
[INFO] 
[INFO] --- jar:3.4.2:jar (default-jar) @ order-security-server ---
[INFO] 
[INFO] --- jar:3.4.2:jar (default-jar) @ notification-service ---
[INFO] 
[INFO] --- spring-boot:3.4.3:repackage (repackage) @ notification-service ---
[INFO] 
[INFO] --- spring-boot:3.4.3:repackage (repackage) @ order-security-server ---
[INFO] Replacing main artifact /home/pc/Documentos/Pessoal/orderflow/notification-service/target/notification-service-0.0.1-SNAPSHOT.jar with repackaged archive, adding nested dependencies in BOOT-INF/.
[INFO] The original artifact has been renamed to /home/pc/Documentos/Pessoal/orderflow/notification-service/target/notification-service-0.0.1-SNAPSHOT.jar.original
[INFO] 
[INFO] --- install:3.1.3:install (default-install) @ notification-service ---
[INFO] Installing /home/pc/Documentos/Pessoal/orderflow/notification-service/pom.xml to /home/pc/.m2/repository/org/cedro/notification-service/0.0.1-SNAPSHOT/notification-service-0.0.1-SNAPSHOT.pom
[INFO] Replacing main artifact /home/pc/Documentos/Pessoal/orderflow/order-security-server/target/order-security-server-0.0.1-SNAPSHOT.jar with repackaged archive, adding nested dependencies in BOOT-INF/.
[INFO] The original artifact has been renamed to /home/pc/Documentos/Pessoal/orderflow/order-security-server/target/order-security-server-0.0.1-SNAPSHOT.jar.original
[INFO] 
[INFO] --- install:3.1.3:install (default-install) @ order-security-server ---
[INFO] Installing /home/pc/Documentos/Pessoal/orderflow/order-security-server/pom.xml to /home/pc/.m2/repository/org/cedro/order-security-server/0.0.1-SNAPSHOT/order-security-server-0.0.1-SNAPSHOT.pom
[INFO] Installing /home/pc/Documentos/Pessoal/orderflow/order-security-server/target/order-security-server-0.0.1-SNAPSHOT.jar to /home/pc/.m2/repository/org/cedro/order-security-server/0.0.1-SNAPSHOT/order-security-server-0.0.1-SNAPSHOT.jar
[INFO] Installing /home/pc/Documentos/Pessoal/orderflow/notification-service/target/notification-service-0.0.1-SNAPSHOT.jar to /home/pc/.m2/repository/org/cedro/notification-service/0.0.1-SNAPSHOT/notification-service-0.0.1-SNAPSHOT.jar
[INFO] 
[INFO] Results:
[INFO] 
[INFO] Tests run: 1, Failures: 0, Errors: 0, Skipped: 0
[INFO] 
[INFO] 
[INFO] --- jar:3.4.2:jar (default-jar) @ payment-service ---
[INFO] 
[INFO] --- spring-boot:3.4.3:repackage (repackage) @ payment-service ---
2026-03-19T20:38:18.829-03:00  INFO 78053 --- [order-service] [           main] .s.d.r.c.RepositoryConfigurationDelegate : Finished Spring Data repository scanning in 282 ms. Found 1 MongoDB repository interface.
[INFO] 
[INFO] Results:
[INFO] 
[INFO] Tests run: 1, Failures: 0, Errors: 0, Skipped: 0
[INFO] 
[INFO] 
[INFO] --- jar:3.4.2:jar (default-jar) @ gateway-server ---
[INFO] 
[INFO] --- spring-boot:3.4.3:repackage (repackage) @ gateway-server ---
[INFO] Replacing main artifact /home/pc/Documentos/Pessoal/orderflow/payment-service/target/payment-service-0.0.1-SNAPSHOT.jar with repackaged archive, adding nested dependencies in BOOT-INF/.
[INFO] The original artifact has been renamed to /home/pc/Documentos/Pessoal/orderflow/payment-service/target/payment-service-0.0.1-SNAPSHOT.jar.original
[INFO] 
[INFO] --- install:3.1.3:install (default-install) @ payment-service ---
[INFO] Installing /home/pc/Documentos/Pessoal/orderflow/payment-service/pom.xml to /home/pc/.m2/repository/org/cedro/payment-service/0.0.1-SNAPSHOT/payment-service-0.0.1-SNAPSHOT.pom
[INFO] Installing /home/pc/Documentos/Pessoal/orderflow/payment-service/target/payment-service-0.0.1-SNAPSHOT.jar to /home/pc/.m2/repository/org/cedro/payment-service/0.0.1-SNAPSHOT/payment-service-0.0.1-SNAPSHOT.jar
[INFO] Replacing main artifact /home/pc/Documentos/Pessoal/orderflow/gateway-server/target/gateway-server-0.0.1-SNAPSHOT.jar with repackaged archive, adding nested dependencies in BOOT-INF/.
[INFO] The original artifact has been renamed to /home/pc/Documentos/Pessoal/orderflow/gateway-server/target/gateway-server-0.0.1-SNAPSHOT.jar.original
[INFO] 
[INFO] --- install:3.1.3:install (default-install) @ gateway-server ---
[INFO] Installing /home/pc/Documentos/Pessoal/orderflow/gateway-server/pom.xml to /home/pc/.m2/repository/org/cedro/gateway-server/0.0.1-SNAPSHOT/gateway-server-0.0.1-SNAPSHOT.pom
[INFO] Installing /home/pc/Documentos/Pessoal/orderflow/gateway-server/target/gateway-server-0.0.1-SNAPSHOT.jar to /home/pc/.m2/repository/org/cedro/gateway-server/0.0.1-SNAPSHOT/gateway-server-0.0.1-SNAPSHOT.jar
2026-03-19T20:38:19.069-03:00  INFO 78044 --- [inventory-service] [           main] c.n.d.s.t.d.RedirectingEurekaHttpClient  : Request execution error. endpoint=DefaultEndpoint{ serviceUrl='http://localhost:8761/eureka/}, exception=I/O error on GET request for "http://localhost:8761/eureka/apps/": Connect to http://localhost:8761 [localhost/127.0.0.1] failed: Conexão recusada stacktrace=org.springframework.web.client.ResourceAccessException: I/O error on GET request for "http://localhost:8761/eureka/apps/": Connect to http://localhost:8761 [localhost/127.0.0.1] failed: Conexão recusada
	at org.springframework.web.client.RestTemplate.createResourceAccessException(RestTemplate.java:925)
	at org.springframework.web.client.RestTemplate.doExecute(RestTemplate.java:905)
	at org.springframework.web.client.RestTemplate.execute(RestTemplate.java:840)
	at org.springframework.web.client.RestTemplate.exchange(RestTemplate.java:701)
	at org.springframework.cloud.netflix.eureka.http.RestTemplateEurekaHttpClient.getApplicationsInternal(RestTemplateEurekaHttpClient.java:174)
	at org.springframework.cloud.netflix.eureka.http.RestTemplateEurekaHttpClient.getApplications(RestTemplateEurekaHttpClient.java:162)
	at com.netflix.discovery.shared.transport.decorator.EurekaHttpClientDecorator$6.execute(EurekaHttpClientDecorator.java:137)
	at com.netflix.discovery.shared.transport.decorator.RedirectingEurekaHttpClient.executeOnNewServer(RedirectingEurekaHttpClient.java:121)
	at com.netflix.discovery.shared.transport.decorator.RedirectingEurekaHttpClient.execute(RedirectingEurekaHttpClient.java:80)
	at com.netflix.discovery.shared.transport.decorator.EurekaHttpClientDecorator.getApplications(EurekaHttpClientDecorator.java:134)
	at com.netflix.discovery.shared.transport.decorator.EurekaHttpClientDecorator$6.execute(EurekaHttpClientDecorator.java:137)
	at com.netflix.discovery.shared.transport.decorator.RetryableEurekaHttpClient.execute(RetryableEurekaHttpClient.java:120)
	at com.netflix.discovery.shared.transport.decorator.EurekaHttpClientDecorator.getApplications(EurekaHttpClientDecorator.java:134)
	at com.netflix.discovery.shared.transport.decorator.EurekaHttpClientDecorator$6.execute(EurekaHttpClientDecorator.java:137)
	at com.netflix.discovery.shared.transport.decorator.SessionedEurekaHttpClient.execute(SessionedEurekaHttpClient.java:76)
	at com.netflix.discovery.shared.transport.decorator.EurekaHttpClientDecorator.getApplications(EurekaHttpClientDecorator.java:134)
	at com.netflix.discovery.DiscoveryClient.getAndStoreFullRegistry(DiscoveryClient.java:1046)
	at com.netflix.discovery.DiscoveryClient.fetchRegistry(DiscoveryClient.java:961)
	at com.netflix.discovery.DiscoveryClient.<init>(DiscoveryClient.java:410)
	at com.netflix.discovery.DiscoveryClient.<init>(DiscoveryClient.java:245)
	at com.netflix.discovery.DiscoveryClient.<init>(DiscoveryClient.java:240)
	at org.springframework.cloud.netflix.eureka.CloudEurekaClient.<init>(CloudEurekaClient.java:68)
	at org.springframework.cloud.netflix.eureka.EurekaClientAutoConfiguration$RefreshableEurekaClientConfiguration.eurekaClient(EurekaClientAutoConfiguration.java:324)
	at java.base/jdk.internal.reflect.NativeMethodAccessorImpl.invoke0(Native Method)
	at java.base/jdk.internal.reflect.NativeMethodAccessorImpl.invoke(NativeMethodAccessorImpl.java:77)
	at java.base/jdk.internal.reflect.DelegatingMethodAccessorImpl.invoke(DelegatingMethodAccessorImpl.java:43)
	at java.base/java.lang.reflect.Method.invoke(Method.java:569)
	at org.springframework.beans.factory.support.SimpleInstantiationStrategy.lambda$instantiate$0(SimpleInstantiationStrategy.java:171)
	at org.springframework.beans.factory.support.SimpleInstantiationStrategy.instantiateWithFactoryMethod(SimpleInstantiationStrategy.java:88)
	at org.springframework.beans.factory.support.SimpleInstantiationStrategy.instantiate(SimpleInstantiationStrategy.java:168)
	at org.springframework.beans.factory.support.ConstructorResolver.instantiate(ConstructorResolver.java:653)
	at org.springframework.beans.factory.support.ConstructorResolver.instantiateUsingFactoryMethod(ConstructorResolver.java:645)
	at org.springframework.beans.factory.support.AbstractAutowireCapableBeanFactory.instantiateUsingFactoryMethod(AbstractAutowireCapableBeanFactory.java:1361)
	at org.springframework.beans.factory.support.AbstractAutowireCapableBeanFactory.createBeanInstance(AbstractAutowireCapableBeanFactory.java:1191)
	at org.springframework.beans.factory.support.AbstractAutowireCapableBeanFactory.doCreateBean(AbstractAutowireCapableBeanFactory.java:563)
	at org.springframework.beans.factory.support.AbstractAutowireCapableBeanFactory.createBean(AbstractAutowireCapableBeanFactory.java:523)
	at org.springframework.beans.factory.support.AbstractBeanFactory.lambda$doGetBean$1(AbstractBeanFactory.java:378)
	at org.springframework.cloud.context.scope.GenericScope$BeanLifecycleWrapper.getBean(GenericScope.java:375)
	at org.springframework.cloud.context.scope.GenericScope.get(GenericScope.java:179)
	at org.springframework.beans.factory.support.AbstractBeanFactory.doGetBean(AbstractBeanFactory.java:375)
	at org.springframework.beans.factory.support.AbstractBeanFactory.getBean(AbstractBeanFactory.java:202)
	at org.springframework.aop.target.SimpleBeanTargetSource.getTarget(SimpleBeanTargetSource.java:35)
	at org.springframework.cloud.netflix.eureka.serviceregistry.EurekaRegistration.getTargetObject(EurekaRegistration.java:128)
	at org.springframework.cloud.netflix.eureka.serviceregistry.EurekaRegistration.getEurekaClient(EurekaRegistration.java:116)
	at java.base/jdk.internal.reflect.NativeMethodAccessorImpl.invoke0(Native Method)
	at java.base/jdk.internal.reflect.NativeMethodAccessorImpl.invoke(NativeMethodAccessorImpl.java:77)
	at java.base/jdk.internal.reflect.DelegatingMethodAccessorImpl.invoke(DelegatingMethodAccessorImpl.java:43)
	at java.base/java.lang.reflect.Method.invoke(Method.java:569)
	at org.springframework.util.ReflectionUtils.invokeMethod(ReflectionUtils.java:281)
	at org.springframework.cloud.context.scope.GenericScope$LockedScopedProxyFactoryBean.invoke(GenericScope.java:482)
	at org.springframework.aop.framework.ReflectiveMethodInvocation.proceed(ReflectiveMethodInvocation.java:184)
	at org.springframework.aop.framework.CglibAopProxy$DynamicAdvisedInterceptor.intercept(CglibAopProxy.java:727)
	at org.springframework.cloud.netflix.eureka.serviceregistry.EurekaRegistration$$SpringCGLIB$$0.getEurekaClient(<generated>)
	at org.springframework.cloud.netflix.eureka.serviceregistry.EurekaServiceRegistry.maybeInitializeClient(EurekaServiceRegistry.java:83)
	at org.springframework.cloud.netflix.eureka.serviceregistry.EurekaServiceRegistry.register(EurekaServiceRegistry.java:66)
	at org.springframework.cloud.netflix.eureka.serviceregistry.EurekaAutoServiceRegistration.start(EurekaAutoServiceRegistration.java:89)
	at org.springframework.context.support.DefaultLifecycleProcessor.doStart(DefaultLifecycleProcessor.java:323)
	at org.springframework.context.support.DefaultLifecycleProcessor$LifecycleGroup.start(DefaultLifecycleProcessor.java:510)
	at java.base/java.lang.Iterable.forEach(Iterable.java:75)
	at org.springframework.context.support.DefaultLifecycleProcessor.startBeans(DefaultLifecycleProcessor.java:295)
	at org.springframework.context.support.DefaultLifecycleProcessor.onRefresh(DefaultLifecycleProcessor.java:240)
	at org.springframework.context.support.AbstractApplicationContext.finishRefresh(AbstractApplicationContext.java:1006)
	at org.springframework.context.support.AbstractApplicationContext.refresh(AbstractApplicationContext.java:630)
	at org.springframework.boot.SpringApplication.refresh(SpringApplication.java:752)
	at org.springframework.boot.SpringApplication.refreshContext(SpringApplication.java:439)
	at org.springframework.boot.SpringApplication.run(SpringApplication.java:318)
	at org.springframework.boot.test.context.SpringBootContextLoader.lambda$loadContext$3(SpringBootContextLoader.java:137)
	at org.springframework.util.function.ThrowingSupplier.get(ThrowingSupplier.java:58)
	at org.springframework.util.function.ThrowingSupplier.get(ThrowingSupplier.java:46)
	at org.springframework.boot.SpringApplication.withHook(SpringApplication.java:1461)
	at org.springframework.boot.test.context.SpringBootContextLoader$ContextLoaderHook.run(SpringBootContextLoader.java:553)
	at org.springframework.boot.test.context.SpringBootContextLoader.loadContext(SpringBootContextLoader.java:137)
	at org.springframework.boot.test.context.SpringBootContextLoader.loadContext(SpringBootContextLoader.java:108)
	at org.springframework.test.context.cache.DefaultCacheAwareContextLoaderDelegate.loadContextInternal(DefaultCacheAwareContextLoaderDelegate.java:225)
	at org.springframework.test.context.cache.DefaultCacheAwareContextLoaderDelegate.loadContext(DefaultCacheAwareContextLoaderDelegate.java:152)
	at org.springframework.test.context.support.DefaultTestContext.getApplicationContext(DefaultTestContext.java:130)
	at org.springframework.test.context.web.ServletTestExecutionListener.setUpRequestContextIfNecessary(ServletTestExecutionListener.java:200)
	at org.springframework.test.context.web.ServletTestExecutionListener.prepareTestInstance(ServletTestExecutionListener.java:139)
	at org.springframework.test.context.TestContextManager.prepareTestInstance(TestContextManager.java:260)
	at org.springframework.test.context.junit.jupiter.SpringExtension.postProcessTestInstance(SpringExtension.java:160)
	at org.junit.jupiter.engine.descriptor.ClassBasedTestDescriptor.lambda$invokeTestInstancePostProcessors$11(ClassBasedTestDescriptor.java:378)
	at org.junit.jupiter.engine.descriptor.ClassBasedTestDescriptor.executeAndMaskThrowable(ClassBasedTestDescriptor.java:383)
	at org.junit.jupiter.engine.descriptor.ClassBasedTestDescriptor.lambda$invokeTestInstancePostProcessors$12(ClassBasedTestDescriptor.java:378)
	at java.base/java.util.stream.ForEachOps$ForEachOp$OfRef.accept(ForEachOps.java:183)
	at java.base/java.util.stream.ReferencePipeline$3$1.accept(ReferencePipeline.java:197)
	at java.base/java.util.stream.ReferencePipeline$2$1.accept(ReferencePipeline.java:179)
	at java.base/java.util.stream.ReferencePipeline$3$1.accept(ReferencePipeline.java:197)
	at java.base/java.util.ArrayList$ArrayListSpliterator.forEachRemaining(ArrayList.java:1625)
	at java.base/java.util.stream.AbstractPipeline.copyInto(AbstractPipeline.java:509)
	at java.base/java.util.stream.AbstractPipeline.wrapAndCopyInto(AbstractPipeline.java:499)
	at java.base/java.util.stream.ForEachOps$ForEachOp.evaluateSequential(ForEachOps.java:150)
	at java.base/java.util.stream.ForEachOps$ForEachOp$OfRef.evaluateSequential(ForEachOps.java:173)
	at java.base/java.util.stream.AbstractPipeline.evaluate(AbstractPipeline.java:234)
	at java.base/java.util.stream.ReferencePipeline.forEach(ReferencePipeline.java:596)
	at org.junit.jupiter.engine.descriptor.ClassBasedTestDescriptor.invokeTestInstancePostProcessors(ClassBasedTestDescriptor.java:377)
	at org.junit.jupiter.engine.descriptor.ClassBasedTestDescriptor.lambda$instantiateAndPostProcessTestInstance$7(ClassBasedTestDescriptor.java:290)
	at org.junit.platform.engine.support.hierarchical.ThrowableCollector.execute(ThrowableCollector.java:73)
	at org.junit.jupiter.engine.descriptor.ClassBasedTestDescriptor.instantiateAndPostProcessTestInstance(ClassBasedTestDescriptor.java:289)
	at org.junit.jupiter.engine.descriptor.ClassBasedTestDescriptor.lambda$testInstancesProvider$5(ClassBasedTestDescriptor.java:279)
	at java.base/java.util.Optional.orElseGet(Optional.java:364)
	at org.junit.jupiter.engine.descriptor.ClassBasedTestDescriptor.lambda$testInstancesProvider$6(ClassBasedTestDescriptor.java:278)
	at org.junit.jupiter.engine.execution.TestInstancesProvider.getTestInstances(TestInstancesProvider.java:31)
	at org.junit.jupiter.engine.descriptor.TestMethodTestDescriptor.lambda$prepare$1(TestMethodTestDescriptor.java:105)
	at org.junit.platform.engine.support.hierarchical.ThrowableCollector.execute(ThrowableCollector.java:73)
	at org.junit.jupiter.engine.descriptor.TestMethodTestDescriptor.prepare(TestMethodTestDescriptor.java:104)
	at org.junit.jupiter.engine.descriptor.TestMethodTestDescriptor.prepare(TestMethodTestDescriptor.java:68)
	at org.junit.platform.engine.support.hierarchical.NodeTestTask.lambda$prepare$2(NodeTestTask.java:128)
	at org.junit.platform.engine.support.hierarchical.ThrowableCollector.execute(ThrowableCollector.java:73)
	at org.junit.platform.engine.support.hierarchical.NodeTestTask.prepare(NodeTestTask.java:128)
	at org.junit.platform.engine.support.hierarchical.NodeTestTask.execute(NodeTestTask.java:95)
	at java.base/java.util.ArrayList.forEach(ArrayList.java:1511)
	at org.junit.platform.engine.support.hierarchical.SameThreadHierarchicalTestExecutorService.invokeAll(SameThreadHierarchicalTestExecutorService.java:41)
	at org.junit.platform.engine.support.hierarchical.NodeTestTask.lambda$executeRecursively$6(NodeTestTask.java:160)
	at org.junit.platform.engine.support.hierarchical.ThrowableCollector.execute(ThrowableCollector.java:73)
	at org.junit.platform.engine.support.hierarchical.NodeTestTask.lambda$executeRecursively$8(NodeTestTask.java:146)
	at org.junit.platform.engine.support.hierarchical.Node.around(Node.java:137)
	at org.junit.platform.engine.support.hierarchical.NodeTestTask.lambda$executeRecursively$9(NodeTestTask.java:144)
	at org.junit.platform.engine.support.hierarchical.ThrowableCollector.execute(ThrowableCollector.java:73)
	at org.junit.platform.engine.support.hierarchical.NodeTestTask.executeRecursively(NodeTestTask.java:143)
	at org.junit.platform.engine.support.hierarchical.NodeTestTask.execute(NodeTestTask.java:100)
	at java.base/java.util.ArrayList.forEach(ArrayList.java:1511)
	at org.junit.platform.engine.support.hierarchical.SameThreadHierarchicalTestExecutorService.invokeAll(SameThreadHierarchicalTestExecutorService.java:41)
	at org.junit.platform.engine.support.hierarchical.NodeTestTask.lambda$executeRecursively$6(NodeTestTask.java:160)
	at org.junit.platform.engine.support.hierarchical.ThrowableCollector.execute(ThrowableCollector.java:73)
	at org.junit.platform.engine.support.hierarchical.NodeTestTask.lambda$executeRecursively$8(NodeTestTask.java:146)
	at org.junit.platform.engine.support.hierarchical.Node.around(Node.java:137)
	at org.junit.platform.engine.support.hierarchical.NodeTestTask.lambda$executeRecursively$9(NodeTestTask.java:144)
	at org.junit.platform.engine.support.hierarchical.ThrowableCollector.execute(ThrowableCollector.java:73)
	at org.junit.platform.engine.support.hierarchical.NodeTestTask.executeRecursively(NodeTestTask.java:143)
	at org.junit.platform.engine.support.hierarchical.NodeTestTask.execute(NodeTestTask.java:100)
	at org.junit.platform.engine.support.hierarchical.SameThreadHierarchicalTestExecutorService.submit(SameThreadHierarchicalTestExecutorService.java:35)
	at org.junit.platform.engine.support.hierarchical.HierarchicalTestExecutor.execute(HierarchicalTestExecutor.java:57)
	at org.junit.platform.engine.support.hierarchical.HierarchicalTestEngine.execute(HierarchicalTestEngine.java:54)
	at org.junit.platform.launcher.core.EngineExecutionOrchestrator.execute(EngineExecutionOrchestrator.java:198)
	at org.junit.platform.launcher.core.EngineExecutionOrchestrator.execute(EngineExecutionOrchestrator.java:169)
	at org.junit.platform.launcher.core.EngineExecutionOrchestrator.execute(EngineExecutionOrchestrator.java:93)
	at org.junit.platform.launcher.core.EngineExecutionOrchestrator.lambda$execute$0(EngineExecutionOrchestrator.java:58)
	at org.junit.platform.launcher.core.EngineExecutionOrchestrator.withInterceptedStreams(EngineExecutionOrchestrator.java:141)
	at org.junit.platform.launcher.core.EngineExecutionOrchestrator.execute(EngineExecutionOrchestrator.java:57)
	at org.junit.platform.launcher.core.DefaultLauncher.execute(DefaultLauncher.java:103)
	at org.junit.platform.launcher.core.DefaultLauncher.execute(DefaultLauncher.java:85)
	at org.junit.platform.launcher.core.DelegatingLauncher.execute(DelegatingLauncher.java:47)
	at org.apache.maven.surefire.junitplatform.LazyLauncher.execute(LazyLauncher.java:56)
	at org.apache.maven.surefire.junitplatform.JUnitPlatformProvider.execute(JUnitPlatformProvider.java:184)
	at org.apache.maven.surefire.junitplatform.JUnitPlatformProvider.invokeAllTests(JUnitPlatformProvider.java:148)
	at org.apache.maven.surefire.junitplatform.JUnitPlatformProvider.invoke(JUnitPlatformProvider.java:122)
	at org.apache.maven.surefire.booter.ForkedBooter.runSuitesInProcess(ForkedBooter.java:385)
	at org.apache.maven.surefire.booter.ForkedBooter.execute(ForkedBooter.java:162)
	at org.apache.maven.surefire.booter.ForkedBooter.run(ForkedBooter.java:507)
	at org.apache.maven.surefire.booter.ForkedBooter.main(ForkedBooter.java:495)
Caused by: org.apache.hc.client5.http.HttpHostConnectException: Connect to http://localhost:8761 [localhost/127.0.0.1] failed: Conexão recusada
	at java.base/sun.nio.ch.Net.pollConnect(Native Method)
	at java.base/sun.nio.ch.Net.pollConnectNow(Net.java:672)
	at java.base/sun.nio.ch.NioSocketImpl.timedFinishConnect(NioSocketImpl.java:547)
	at java.base/sun.nio.ch.NioSocketImpl.connect(NioSocketImpl.java:602)
	at java.base/java.net.SocksSocketImpl.connect(SocksSocketImpl.java:327)
	at java.base/java.net.Socket.connect(Socket.java:639)
	at org.apache.hc.client5.http.impl.io.DefaultHttpClientConnectionOperator.connect(DefaultHttpClientConnectionOperator.java:216)
	at org.apache.hc.client5.http.impl.io.PoolingHttpClientConnectionManager.connect(PoolingHttpClientConnectionManager.java:490)
	at org.apache.hc.client5.http.impl.classic.InternalExecRuntime.connectEndpoint(InternalExecRuntime.java:164)
	at org.apache.hc.client5.http.impl.classic.InternalExecRuntime.connectEndpoint(InternalExecRuntime.java:174)
	at org.apache.hc.client5.http.impl.classic.ConnectExec.execute(ConnectExec.java:144)
	at org.apache.hc.client5.http.impl.classic.ExecChainElement.execute(ExecChainElement.java:51)
	at org.apache.hc.client5.http.impl.classic.ProtocolExec.execute(ProtocolExec.java:192)
	at org.apache.hc.client5.http.impl.classic.ExecChainElement.execute(ExecChainElement.java:51)
	at org.apache.hc.client5.http.impl.classic.ContentCompressionExec.execute(ContentCompressionExec.java:150)
	at org.apache.hc.client5.http.impl.classic.ExecChainElement.execute(ExecChainElement.java:51)
	at org.apache.hc.client5.http.impl.classic.HttpRequestRetryExec.execute(HttpRequestRetryExec.java:113)
	at org.apache.hc.client5.http.impl.classic.ExecChainElement.execute(ExecChainElement.java:51)
	at org.apache.hc.client5.http.impl.classic.RedirectExec.execute(RedirectExec.java:110)
	at org.apache.hc.client5.http.impl.classic.ExecChainElement.execute(ExecChainElement.java:51)
	at org.apache.hc.client5.http.impl.classic.InternalHttpClient.doExecute(InternalHttpClient.java:174)
	at org.apache.hc.client5.http.impl.classic.CloseableHttpClient.execute(CloseableHttpClient.java:87)
	at org.apache.hc.client5.http.impl.classic.CloseableHttpClient.execute(CloseableHttpClient.java:55)
	at org.apache.hc.client5.http.classic.HttpClient.executeOpen(HttpClient.java:183)
	at org.springframework.http.client.HttpComponentsClientHttpRequest.executeInternal(HttpComponentsClientHttpRequest.java:99)
	at org.springframework.http.client.AbstractStreamingClientHttpRequest.executeInternal(AbstractStreamingClientHttpRequest.java:71)
	at org.springframework.http.client.AbstractClientHttpRequest.execute(AbstractClientHttpRequest.java:81)
	at org.springframework.http.client.InterceptingClientHttpRequest$InterceptingRequestExecution.execute(InterceptingClientHttpRequest.java:117)
	at org.springframework.cloud.netflix.eureka.http.RestTemplateTransportClientFactory.lambda$restTemplate$2(RestTemplateTransportClientFactory.java:145)
	at org.springframework.http.client.InterceptingClientHttpRequest$InterceptingRequestExecution.execute(InterceptingClientHttpRequest.java:88)
	at org.springframework.http.client.InterceptingClientHttpRequest.executeInternal(InterceptingClientHttpRequest.java:72)
	at org.springframework.http.client.AbstractBufferingClientHttpRequest.executeInternal(AbstractBufferingClientHttpRequest.java:48)
	at org.springframework.http.client.AbstractClientHttpRequest.execute(AbstractClientHttpRequest.java:81)
	at org.springframework.web.client.RestTemplate.doExecute(RestTemplate.java:899)
	... 148 more

2026-03-19T20:38:19.074-03:00  WARN 78044 --- [inventory-service] [           main] c.n.d.s.t.d.RetryableEurekaHttpClient    : Request execution failed with message: I/O error on GET request for "http://localhost:8761/eureka/apps/": Connect to http://localhost:8761 [localhost/127.0.0.1] failed: Conexão recusada
2026-03-19T20:38:19.076-03:00  INFO 78044 --- [inventory-service] [           main] com.netflix.discovery.DiscoveryClient    : DiscoveryClient_INVENTORY-SERVICE/192.168.20.102:inventory-service:8089 - was unable to refresh its cache! This periodic background refresh will be retried in 30 seconds. status = Cannot execute request on any known server stacktrace = com.netflix.discovery.shared.transport.TransportException: Cannot execute request on any known server
	at com.netflix.discovery.shared.transport.decorator.RetryableEurekaHttpClient.execute(RetryableEurekaHttpClient.java:112)
	at com.netflix.discovery.shared.transport.decorator.EurekaHttpClientDecorator.getApplications(EurekaHttpClientDecorator.java:134)
	at com.netflix.discovery.shared.transport.decorator.EurekaHttpClientDecorator$6.execute(EurekaHttpClientDecorator.java:137)
	at com.netflix.discovery.shared.transport.decorator.SessionedEurekaHttpClient.execute(SessionedEurekaHttpClient.java:76)
	at com.netflix.discovery.shared.transport.decorator.EurekaHttpClientDecorator.getApplications(EurekaHttpClientDecorator.java:134)
	at com.netflix.discovery.DiscoveryClient.getAndStoreFullRegistry(DiscoveryClient.java:1046)
	at com.netflix.discovery.DiscoveryClient.fetchRegistry(DiscoveryClient.java:961)
	at com.netflix.discovery.DiscoveryClient.<init>(DiscoveryClient.java:410)
	at com.netflix.discovery.DiscoveryClient.<init>(DiscoveryClient.java:245)
	at com.netflix.discovery.DiscoveryClient.<init>(DiscoveryClient.java:240)
	at org.springframework.cloud.netflix.eureka.CloudEurekaClient.<init>(CloudEurekaClient.java:68)
	at org.springframework.cloud.netflix.eureka.EurekaClientAutoConfiguration$RefreshableEurekaClientConfiguration.eurekaClient(EurekaClientAutoConfiguration.java:324)
	at java.base/jdk.internal.reflect.NativeMethodAccessorImpl.invoke0(Native Method)
	at java.base/jdk.internal.reflect.NativeMethodAccessorImpl.invoke(NativeMethodAccessorImpl.java:77)
	at java.base/jdk.internal.reflect.DelegatingMethodAccessorImpl.invoke(DelegatingMethodAccessorImpl.java:43)
	at java.base/java.lang.reflect.Method.invoke(Method.java:569)
	at org.springframework.beans.factory.support.SimpleInstantiationStrategy.lambda$instantiate$0(SimpleInstantiationStrategy.java:171)
	at org.springframework.beans.factory.support.SimpleInstantiationStrategy.instantiateWithFactoryMethod(SimpleInstantiationStrategy.java:88)
	at org.springframework.beans.factory.support.SimpleInstantiationStrategy.instantiate(SimpleInstantiationStrategy.java:168)
	at org.springframework.beans.factory.support.ConstructorResolver.instantiate(ConstructorResolver.java:653)
	at org.springframework.beans.factory.support.ConstructorResolver.instantiateUsingFactoryMethod(ConstructorResolver.java:645)
	at org.springframework.beans.factory.support.AbstractAutowireCapableBeanFactory.instantiateUsingFactoryMethod(AbstractAutowireCapableBeanFactory.java:1361)
	at org.springframework.beans.factory.support.AbstractAutowireCapableBeanFactory.createBeanInstance(AbstractAutowireCapableBeanFactory.java:1191)
	at org.springframework.beans.factory.support.AbstractAutowireCapableBeanFactory.doCreateBean(AbstractAutowireCapableBeanFactory.java:563)
	at org.springframework.beans.factory.support.AbstractAutowireCapableBeanFactory.createBean(AbstractAutowireCapableBeanFactory.java:523)
	at org.springframework.beans.factory.support.AbstractBeanFactory.lambda$doGetBean$1(AbstractBeanFactory.java:378)
	at org.springframework.cloud.context.scope.GenericScope$BeanLifecycleWrapper.getBean(GenericScope.java:375)
	at org.springframework.cloud.context.scope.GenericScope.get(GenericScope.java:179)
	at org.springframework.beans.factory.support.AbstractBeanFactory.doGetBean(AbstractBeanFactory.java:375)
	at org.springframework.beans.factory.support.AbstractBeanFactory.getBean(AbstractBeanFactory.java:202)
	at org.springframework.aop.target.SimpleBeanTargetSource.getTarget(SimpleBeanTargetSource.java:35)
	at org.springframework.cloud.netflix.eureka.serviceregistry.EurekaRegistration.getTargetObject(EurekaRegistration.java:128)
	at org.springframework.cloud.netflix.eureka.serviceregistry.EurekaRegistration.getEurekaClient(EurekaRegistration.java:116)
	at java.base/jdk.internal.reflect.NativeMethodAccessorImpl.invoke0(Native Method)
	at java.base/jdk.internal.reflect.NativeMethodAccessorImpl.invoke(NativeMethodAccessorImpl.java:77)
	at java.base/jdk.internal.reflect.DelegatingMethodAccessorImpl.invoke(DelegatingMethodAccessorImpl.java:43)
	at java.base/java.lang.reflect.Method.invoke(Method.java:569)
	at org.springframework.util.ReflectionUtils.invokeMethod(ReflectionUtils.java:281)
	at org.springframework.cloud.context.scope.GenericScope$LockedScopedProxyFactoryBean.invoke(GenericScope.java:482)
	at org.springframework.aop.framework.ReflectiveMethodInvocation.proceed(ReflectiveMethodInvocation.java:184)
	at org.springframework.aop.framework.CglibAopProxy$DynamicAdvisedInterceptor.intercept(CglibAopProxy.java:727)
	at org.springframework.cloud.netflix.eureka.serviceregistry.EurekaRegistration$$SpringCGLIB$$0.getEurekaClient(<generated>)
	at org.springframework.cloud.netflix.eureka.serviceregistry.EurekaServiceRegistry.maybeInitializeClient(EurekaServiceRegistry.java:83)
	at org.springframework.cloud.netflix.eureka.serviceregistry.EurekaServiceRegistry.register(EurekaServiceRegistry.java:66)
	at org.springframework.cloud.netflix.eureka.serviceregistry.EurekaAutoServiceRegistration.start(EurekaAutoServiceRegistration.java:89)
	at org.springframework.context.support.DefaultLifecycleProcessor.doStart(DefaultLifecycleProcessor.java:323)
	at org.springframework.context.support.DefaultLifecycleProcessor$LifecycleGroup.start(DefaultLifecycleProcessor.java:510)
	at java.base/java.lang.Iterable.forEach(Iterable.java:75)
	at org.springframework.context.support.DefaultLifecycleProcessor.startBeans(DefaultLifecycleProcessor.java:295)
	at org.springframework.context.support.DefaultLifecycleProcessor.onRefresh(DefaultLifecycleProcessor.java:240)
	at org.springframework.context.support.AbstractApplicationContext.finishRefresh(AbstractApplicationContext.java:1006)
	at org.springframework.context.support.AbstractApplicationContext.refresh(AbstractApplicationContext.java:630)
	at org.springframework.boot.SpringApplication.refresh(SpringApplication.java:752)
	at org.springframework.boot.SpringApplication.refreshContext(SpringApplication.java:439)
	at org.springframework.boot.SpringApplication.run(SpringApplication.java:318)
	at org.springframework.boot.test.context.SpringBootContextLoader.lambda$loadContext$3(SpringBootContextLoader.java:137)
	at org.springframework.util.function.ThrowingSupplier.get(ThrowingSupplier.java:58)
	at org.springframework.util.function.ThrowingSupplier.get(ThrowingSupplier.java:46)
	at org.springframework.boot.SpringApplication.withHook(SpringApplication.java:1461)
	at org.springframework.boot.test.context.SpringBootContextLoader$ContextLoaderHook.run(SpringBootContextLoader.java:553)
	at org.springframework.boot.test.context.SpringBootContextLoader.loadContext(SpringBootContextLoader.java:137)
	at org.springframework.boot.test.context.SpringBootContextLoader.loadContext(SpringBootContextLoader.java:108)
	at org.springframework.test.context.cache.DefaultCacheAwareContextLoaderDelegate.loadContextInternal(DefaultCacheAwareContextLoaderDelegate.java:225)
	at org.springframework.test.context.cache.DefaultCacheAwareContextLoaderDelegate.loadContext(DefaultCacheAwareContextLoaderDelegate.java:152)
	at org.springframework.test.context.support.DefaultTestContext.getApplicationContext(DefaultTestContext.java:130)
	at org.springframework.test.context.web.ServletTestExecutionListener.setUpRequestContextIfNecessary(ServletTestExecutionListener.java:200)
	at org.springframework.test.context.web.ServletTestExecutionListener.prepareTestInstance(ServletTestExecutionListener.java:139)
	at org.springframework.test.context.TestContextManager.prepareTestInstance(TestContextManager.java:260)
	at org.springframework.test.context.junit.jupiter.SpringExtension.postProcessTestInstance(SpringExtension.java:160)
	at org.junit.jupiter.engine.descriptor.ClassBasedTestDescriptor.lambda$invokeTestInstancePostProcessors$11(ClassBasedTestDescriptor.java:378)
	at org.junit.jupiter.engine.descriptor.ClassBasedTestDescriptor.executeAndMaskThrowable(ClassBasedTestDescriptor.java:383)
	at org.junit.jupiter.engine.descriptor.ClassBasedTestDescriptor.lambda$invokeTestInstancePostProcessors$12(ClassBasedTestDescriptor.java:378)
	at java.base/java.util.stream.ForEachOps$ForEachOp$OfRef.accept(ForEachOps.java:183)
	at java.base/java.util.stream.ReferencePipeline$3$1.accept(ReferencePipeline.java:197)
	at java.base/java.util.stream.ReferencePipeline$2$1.accept(ReferencePipeline.java:179)
	at java.base/java.util.stream.ReferencePipeline$3$1.accept(ReferencePipeline.java:197)
	at java.base/java.util.ArrayList$ArrayListSpliterator.forEachRemaining(ArrayList.java:1625)
	at java.base/java.util.stream.AbstractPipeline.copyInto(AbstractPipeline.java:509)
	at java.base/java.util.stream.AbstractPipeline.wrapAndCopyInto(AbstractPipeline.java:499)
	at java.base/java.util.stream.ForEachOps$ForEachOp.evaluateSequential(ForEachOps.java:150)
	at java.base/java.util.stream.ForEachOps$ForEachOp$OfRef.evaluateSequential(ForEachOps.java:173)
	at java.base/java.util.stream.AbstractPipeline.evaluate(AbstractPipeline.java:234)
	at java.base/java.util.stream.ReferencePipeline.forEach(ReferencePipeline.java:596)
	at org.junit.jupiter.engine.descriptor.ClassBasedTestDescriptor.invokeTestInstancePostProcessors(ClassBasedTestDescriptor.java:377)
	at org.junit.jupiter.engine.descriptor.ClassBasedTestDescriptor.lambda$instantiateAndPostProcessTestInstance$7(ClassBasedTestDescriptor.java:290)
	at org.junit.platform.engine.support.hierarchical.ThrowableCollector.execute(ThrowableCollector.java:73)
	at org.junit.jupiter.engine.descriptor.ClassBasedTestDescriptor.instantiateAndPostProcessTestInstance(ClassBasedTestDescriptor.java:289)
	at org.junit.jupiter.engine.descriptor.ClassBasedTestDescriptor.lambda$testInstancesProvider$5(ClassBasedTestDescriptor.java:279)
	at java.base/java.util.Optional.orElseGet(Optional.java:364)
	at org.junit.jupiter.engine.descriptor.ClassBasedTestDescriptor.lambda$testInstancesProvider$6(ClassBasedTestDescriptor.java:278)
	at org.junit.jupiter.engine.execution.TestInstancesProvider.getTestInstances(TestInstancesProvider.java:31)
	at org.junit.jupiter.engine.descriptor.TestMethodTestDescriptor.lambda$prepare$1(TestMethodTestDescriptor.java:105)
	at org.junit.platform.engine.support.hierarchical.ThrowableCollector.execute(ThrowableCollector.java:73)
	at org.junit.jupiter.engine.descriptor.TestMethodTestDescriptor.prepare(TestMethodTestDescriptor.java:104)
	at org.junit.jupiter.engine.descriptor.TestMethodTestDescriptor.prepare(TestMethodTestDescriptor.java:68)
	at org.junit.platform.engine.support.hierarchical.NodeTestTask.lambda$prepare$2(NodeTestTask.java:128)
	at org.junit.platform.engine.support.hierarchical.ThrowableCollector.execute(ThrowableCollector.java:73)
	at org.junit.platform.engine.support.hierarchical.NodeTestTask.prepare(NodeTestTask.java:128)
	at org.junit.platform.engine.support.hierarchical.NodeTestTask.execute(NodeTestTask.java:95)
	at java.base/java.util.ArrayList.forEach(ArrayList.java:1511)
	at org.junit.platform.engine.support.hierarchical.SameThreadHierarchicalTestExecutorService.invokeAll(SameThreadHierarchicalTestExecutorService.java:41)
	at org.junit.platform.engine.support.hierarchical.NodeTestTask.lambda$executeRecursively$6(NodeTestTask.java:160)
	at org.junit.platform.engine.support.hierarchical.ThrowableCollector.execute(ThrowableCollector.java:73)
	at org.junit.platform.engine.support.hierarchical.NodeTestTask.lambda$executeRecursively$8(NodeTestTask.java:146)
	at org.junit.platform.engine.support.hierarchical.Node.around(Node.java:137)
	at org.junit.platform.engine.support.hierarchical.NodeTestTask.lambda$executeRecursively$9(NodeTestTask.java:144)
	at org.junit.platform.engine.support.hierarchical.ThrowableCollector.execute(ThrowableCollector.java:73)
	at org.junit.platform.engine.support.hierarchical.NodeTestTask.executeRecursively(NodeTestTask.java:143)
	at org.junit.platform.engine.support.hierarchical.NodeTestTask.execute(NodeTestTask.java:100)
	at java.base/java.util.ArrayList.forEach(ArrayList.java:1511)
	at org.junit.platform.engine.support.hierarchical.SameThreadHierarchicalTestExecutorService.invokeAll(SameThreadHierarchicalTestExecutorService.java:41)
	at org.junit.platform.engine.support.hierarchical.NodeTestTask.lambda$executeRecursively$6(NodeTestTask.java:160)
	at org.junit.platform.engine.support.hierarchical.ThrowableCollector.execute(ThrowableCollector.java:73)
	at org.junit.platform.engine.support.hierarchical.NodeTestTask.lambda$executeRecursively$8(NodeTestTask.java:146)
	at org.junit.platform.engine.support.hierarchical.Node.around(Node.java:137)
	at org.junit.platform.engine.support.hierarchical.NodeTestTask.lambda$executeRecursively$9(NodeTestTask.java:144)
	at org.junit.platform.engine.support.hierarchical.ThrowableCollector.execute(ThrowableCollector.java:73)
	at org.junit.platform.engine.support.hierarchical.NodeTestTask.executeRecursively(NodeTestTask.java:143)
	at org.junit.platform.engine.support.hierarchical.NodeTestTask.execute(NodeTestTask.java:100)
	at org.junit.platform.engine.support.hierarchical.SameThreadHierarchicalTestExecutorService.submit(SameThreadHierarchicalTestExecutorService.java:35)
	at org.junit.platform.engine.support.hierarchical.HierarchicalTestExecutor.execute(HierarchicalTestExecutor.java:57)
	at org.junit.platform.engine.support.hierarchical.HierarchicalTestEngine.execute(HierarchicalTestEngine.java:54)
	at org.junit.platform.launcher.core.EngineExecutionOrchestrator.execute(EngineExecutionOrchestrator.java:198)
	at org.junit.platform.launcher.core.EngineExecutionOrchestrator.execute(EngineExecutionOrchestrator.java:169)
	at org.junit.platform.launcher.core.EngineExecutionOrchestrator.execute(EngineExecutionOrchestrator.java:93)
	at org.junit.platform.launcher.core.EngineExecutionOrchestrator.lambda$execute$0(EngineExecutionOrchestrator.java:58)
	at org.junit.platform.launcher.core.EngineExecutionOrchestrator.withInterceptedStreams(EngineExecutionOrchestrator.java:141)
	at org.junit.platform.launcher.core.EngineExecutionOrchestrator.execute(EngineExecutionOrchestrator.java:57)
	at org.junit.platform.launcher.core.DefaultLauncher.execute(DefaultLauncher.java:103)
	at org.junit.platform.launcher.core.DefaultLauncher.execute(DefaultLauncher.java:85)
	at org.junit.platform.launcher.core.DelegatingLauncher.execute(DelegatingLauncher.java:47)
	at org.apache.maven.surefire.junitplatform.LazyLauncher.execute(LazyLauncher.java:56)
	at org.apache.maven.surefire.junitplatform.JUnitPlatformProvider.execute(JUnitPlatformProvider.java:184)
	at org.apache.maven.surefire.junitplatform.JUnitPlatformProvider.invokeAllTests(JUnitPlatformProvider.java:148)
	at org.apache.maven.surefire.junitplatform.JUnitPlatformProvider.invoke(JUnitPlatformProvider.java:122)
	at org.apache.maven.surefire.booter.ForkedBooter.runSuitesInProcess(ForkedBooter.java:385)
	at org.apache.maven.surefire.booter.ForkedBooter.execute(ForkedBooter.java:162)
	at org.apache.maven.surefire.booter.ForkedBooter.run(ForkedBooter.java:507)
	at org.apache.maven.surefire.booter.ForkedBooter.main(ForkedBooter.java:495)

2026-03-19T20:38:19.079-03:00  INFO 78044 --- [inventory-service] [           main] com.netflix.discovery.DiscoveryClient    : Initial registry fetch from primary servers failed
2026-03-19T20:38:19.080-03:00  WARN 78044 --- [inventory-service] [           main] com.netflix.discovery.DiscoveryClient    : Using default backup registry implementation which does not do anything.
2026-03-19T20:38:19.080-03:00  INFO 78044 --- [inventory-service] [           main] com.netflix.discovery.DiscoveryClient    : Initial registry fetch from backup servers failed
2026-03-19T20:38:19.082-03:00  INFO 78044 --- [inventory-service] [           main] com.netflix.discovery.DiscoveryClient    : Starting heartbeat executor: renew interval is: 30
2026-03-19T20:38:19.086-03:00  INFO 78044 --- [inventory-service] [           main] c.n.discovery.InstanceInfoReplicator     : InstanceInfoReplicator onDemand update allowed rate per min is 4
2026-03-19T20:38:19.089-03:00  INFO 78044 --- [inventory-service] [           main] com.netflix.discovery.DiscoveryClient    : Discovery Client initialized at timestamp 1773963499087 with initial instances count: 0
2026-03-19T20:38:19.100-03:00  INFO 78044 --- [inventory-service] [           main] o.s.c.n.e.s.EurekaServiceRegistry        : Registering application INVENTORY-SERVICE with eureka with status UP
2026-03-19T20:38:19.102-03:00  INFO 78044 --- [inventory-service] [           main] com.netflix.discovery.DiscoveryClient    : Saw local status change event StatusChangeEvent [timestamp=1773963499102, current=UP, previous=STARTING]
2026-03-19T20:38:19.105-03:00  INFO 78044 --- [inventory-service] [foReplicator-%d] com.netflix.discovery.DiscoveryClient    : DiscoveryClient_INVENTORY-SERVICE/192.168.20.102:inventory-service:8089: registering service...
2026-03-19T20:38:19.149-03:00  INFO 78044 --- [inventory-service] [           main] o.c.i.InventoryServiceApplicationTests   : Started InventoryServiceApplicationTests in 20.129 seconds (process running for 26.669)
2026-03-19T20:38:19.175-03:00  INFO 78044 --- [inventory-service] [foReplicator-%d] c.n.d.s.t.d.RedirectingEurekaHttpClient  : Request execution error. endpoint=DefaultEndpoint{ serviceUrl='http://localhost:8761/eureka/}, exception=I/O error on POST request for "http://localhost:8761/eureka/apps/INVENTORY-SERVICE": Connect to http://localhost:8761 [localhost/127.0.0.1] failed: Conexão recusada stacktrace=org.springframework.web.client.ResourceAccessException: I/O error on POST request for "http://localhost:8761/eureka/apps/INVENTORY-SERVICE": Connect to http://localhost:8761 [localhost/127.0.0.1] failed: Conexão recusada
	at org.springframework.web.client.RestTemplate.createResourceAccessException(RestTemplate.java:925)
	at org.springframework.web.client.RestTemplate.doExecute(RestTemplate.java:905)
	at org.springframework.web.client.RestTemplate.execute(RestTemplate.java:840)
	at org.springframework.web.client.RestTemplate.exchange(RestTemplate.java:701)
	at org.springframework.cloud.netflix.eureka.http.RestTemplateEurekaHttpClient.register(RestTemplateEurekaHttpClient.java:87)
	at com.netflix.discovery.shared.transport.decorator.EurekaHttpClientDecorator$1.execute(EurekaHttpClientDecorator.java:59)
	at com.netflix.discovery.shared.transport.decorator.RedirectingEurekaHttpClient.executeOnNewServer(RedirectingEurekaHttpClient.java:121)
	at com.netflix.discovery.shared.transport.decorator.RedirectingEurekaHttpClient.execute(RedirectingEurekaHttpClient.java:80)
	at com.netflix.discovery.shared.transport.decorator.EurekaHttpClientDecorator.register(EurekaHttpClientDecorator.java:56)
	at com.netflix.discovery.shared.transport.decorator.EurekaHttpClientDecorator$1.execute(EurekaHttpClientDecorator.java:59)
	at com.netflix.discovery.shared.transport.decorator.RetryableEurekaHttpClient.execute(RetryableEurekaHttpClient.java:120)
	at com.netflix.discovery.shared.transport.decorator.EurekaHttpClientDecorator.register(EurekaHttpClientDecorator.java:56)
	at com.netflix.discovery.shared.transport.decorator.EurekaHttpClientDecorator$1.execute(EurekaHttpClientDecorator.java:59)
	at com.netflix.discovery.shared.transport.decorator.SessionedEurekaHttpClient.execute(SessionedEurekaHttpClient.java:76)
	at com.netflix.discovery.shared.transport.decorator.EurekaHttpClientDecorator.register(EurekaHttpClientDecorator.java:56)
	at com.netflix.discovery.DiscoveryClient.register(DiscoveryClient.java:828)
	at com.netflix.discovery.InstanceInfoReplicator.run(InstanceInfoReplicator.java:125)
	at com.netflix.discovery.InstanceInfoReplicator$2.run(InstanceInfoReplicator.java:105)
	at java.base/java.util.concurrent.Executors$RunnableAdapter.call(Executors.java:539)
	at java.base/java.util.concurrent.FutureTask.run(FutureTask.java:264)
	at java.base/java.util.concurrent.ScheduledThreadPoolExecutor$ScheduledFutureTask.run(ScheduledThreadPoolExecutor.java:304)
	at java.base/java.util.concurrent.ThreadPoolExecutor.runWorker(ThreadPoolExecutor.java:1136)
	at java.base/java.util.concurrent.ThreadPoolExecutor$Worker.run(ThreadPoolExecutor.java:635)
	at java.base/java.lang.Thread.run(Thread.java:840)
Caused by: org.apache.hc.client5.http.HttpHostConnectException: Connect to http://localhost:8761 [localhost/127.0.0.1] failed: Conexão recusada
	at java.base/sun.nio.ch.Net.pollConnect(Native Method)
	at java.base/sun.nio.ch.Net.pollConnectNow(Net.java:672)
	at java.base/sun.nio.ch.NioSocketImpl.timedFinishConnect(NioSocketImpl.java:547)
	at java.base/sun.nio.ch.NioSocketImpl.connect(NioSocketImpl.java:602)
	at java.base/java.net.SocksSocketImpl.connect(SocksSocketImpl.java:327)
	at java.base/java.net.Socket.connect(Socket.java:639)
	at org.apache.hc.client5.http.impl.io.DefaultHttpClientConnectionOperator.connect(DefaultHttpClientConnectionOperator.java:216)
	at org.apache.hc.client5.http.impl.io.PoolingHttpClientConnectionManager.connect(PoolingHttpClientConnectionManager.java:490)
	at org.apache.hc.client5.http.impl.classic.InternalExecRuntime.connectEndpoint(InternalExecRuntime.java:164)
	at org.apache.hc.client5.http.impl.classic.InternalExecRuntime.connectEndpoint(InternalExecRuntime.java:174)
	at org.apache.hc.client5.http.impl.classic.ConnectExec.execute(ConnectExec.java:144)
	at org.apache.hc.client5.http.impl.classic.ExecChainElement.execute(ExecChainElement.java:51)
	at org.apache.hc.client5.http.impl.classic.ProtocolExec.execute(ProtocolExec.java:192)
	at org.apache.hc.client5.http.impl.classic.ExecChainElement.execute(ExecChainElement.java:51)
	at org.apache.hc.client5.http.impl.classic.ContentCompressionExec.execute(ContentCompressionExec.java:150)
	at org.apache.hc.client5.http.impl.classic.ExecChainElement.execute(ExecChainElement.java:51)
	at org.apache.hc.client5.http.impl.classic.HttpRequestRetryExec.execute(HttpRequestRetryExec.java:113)
	at org.apache.hc.client5.http.impl.classic.ExecChainElement.execute(ExecChainElement.java:51)
	at org.apache.hc.client5.http.impl.classic.RedirectExec.execute(RedirectExec.java:110)
	at org.apache.hc.client5.http.impl.classic.ExecChainElement.execute(ExecChainElement.java:51)
	at org.apache.hc.client5.http.impl.classic.InternalHttpClient.doExecute(InternalHttpClient.java:174)
	at org.apache.hc.client5.http.impl.classic.CloseableHttpClient.execute(CloseableHttpClient.java:87)
	at org.apache.hc.client5.http.impl.classic.CloseableHttpClient.execute(CloseableHttpClient.java:55)
	at org.apache.hc.client5.http.classic.HttpClient.executeOpen(HttpClient.java:183)
	at org.springframework.http.client.HttpComponentsClientHttpRequest.executeInternal(HttpComponentsClientHttpRequest.java:99)
	at org.springframework.http.client.AbstractStreamingClientHttpRequest.executeInternal(AbstractStreamingClientHttpRequest.java:71)
	at org.springframework.http.client.AbstractClientHttpRequest.execute(AbstractClientHttpRequest.java:81)
	at org.springframework.http.client.InterceptingClientHttpRequest$InterceptingRequestExecution.execute(InterceptingClientHttpRequest.java:117)
	at org.springframework.cloud.netflix.eureka.http.RestTemplateTransportClientFactory.lambda$restTemplate$2(RestTemplateTransportClientFactory.java:145)
	at org.springframework.http.client.InterceptingClientHttpRequest$InterceptingRequestExecution.execute(InterceptingClientHttpRequest.java:88)
	at org.springframework.http.client.InterceptingClientHttpRequest.executeInternal(InterceptingClientHttpRequest.java:72)
	at org.springframework.http.client.AbstractBufferingClientHttpRequest.executeInternal(AbstractBufferingClientHttpRequest.java:48)
	at org.springframework.http.client.AbstractClientHttpRequest.execute(AbstractClientHttpRequest.java:81)
	at org.springframework.web.client.RestTemplate.doExecute(RestTemplate.java:899)
	... 22 more

2026-03-19T20:38:19.177-03:00  WARN 78044 --- [inventory-service] [foReplicator-%d] c.n.d.s.t.d.RetryableEurekaHttpClient    : Request execution failed with message: I/O error on POST request for "http://localhost:8761/eureka/apps/INVENTORY-SERVICE": Connect to http://localhost:8761 [localhost/127.0.0.1] failed: Conexão recusada
2026-03-19T20:38:19.177-03:00  WARN 78044 --- [inventory-service] [foReplicator-%d] com.netflix.discovery.DiscoveryClient    : DiscoveryClient_INVENTORY-SERVICE/192.168.20.102:inventory-service:8089 - registration failed Cannot execute request on any known server

com.netflix.discovery.shared.transport.TransportException: Cannot execute request on any known server
	at com.netflix.discovery.shared.transport.decorator.RetryableEurekaHttpClient.execute(RetryableEurekaHttpClient.java:112) ~[eureka-client-2.0.4.jar:2.0.4]
	at com.netflix.discovery.shared.transport.decorator.EurekaHttpClientDecorator.register(EurekaHttpClientDecorator.java:56) ~[eureka-client-2.0.4.jar:2.0.4]
	at com.netflix.discovery.shared.transport.decorator.EurekaHttpClientDecorator$1.execute(EurekaHttpClientDecorator.java:59) ~[eureka-client-2.0.4.jar:2.0.4]
	at com.netflix.discovery.shared.transport.decorator.SessionedEurekaHttpClient.execute(SessionedEurekaHttpClient.java:76) ~[eureka-client-2.0.4.jar:2.0.4]
	at com.netflix.discovery.shared.transport.decorator.EurekaHttpClientDecorator.register(EurekaHttpClientDecorator.java:56) ~[eureka-client-2.0.4.jar:2.0.4]
	at com.netflix.discovery.DiscoveryClient.register(DiscoveryClient.java:828) ~[eureka-client-2.0.4.jar:2.0.4]
	at com.netflix.discovery.InstanceInfoReplicator.run(InstanceInfoReplicator.java:125) ~[eureka-client-2.0.4.jar:2.0.4]
	at com.netflix.discovery.InstanceInfoReplicator$2.run(InstanceInfoReplicator.java:105) ~[eureka-client-2.0.4.jar:2.0.4]
	at java.base/java.util.concurrent.Executors$RunnableAdapter.call(Executors.java:539) ~[na:na]
	at java.base/java.util.concurrent.FutureTask.run(FutureTask.java:264) ~[na:na]
	at java.base/java.util.concurrent.ScheduledThreadPoolExecutor$ScheduledFutureTask.run(ScheduledThreadPoolExecutor.java:304) ~[na:na]
	at java.base/java.util.concurrent.ThreadPoolExecutor.runWorker(ThreadPoolExecutor.java:1136) ~[na:na]
	at java.base/java.util.concurrent.ThreadPoolExecutor$Worker.run(ThreadPoolExecutor.java:635) ~[na:na]
	at java.base/java.lang.Thread.run(Thread.java:840) ~[na:na]

2026-03-19T20:38:19.183-03:00  WARN 78044 --- [inventory-service] [foReplicator-%d] c.n.discovery.InstanceInfoReplicator     : There was a problem with the instance info replicator

com.netflix.discovery.shared.transport.TransportException: Cannot execute request on any known server
	at com.netflix.discovery.shared.transport.decorator.RetryableEurekaHttpClient.execute(RetryableEurekaHttpClient.java:112) ~[eureka-client-2.0.4.jar:2.0.4]
	at com.netflix.discovery.shared.transport.decorator.EurekaHttpClientDecorator.register(EurekaHttpClientDecorator.java:56) ~[eureka-client-2.0.4.jar:2.0.4]
	at com.netflix.discovery.shared.transport.decorator.EurekaHttpClientDecorator$1.execute(EurekaHttpClientDecorator.java:59) ~[eureka-client-2.0.4.jar:2.0.4]
	at com.netflix.discovery.shared.transport.decorator.SessionedEurekaHttpClient.execute(SessionedEurekaHttpClient.java:76) ~[eureka-client-2.0.4.jar:2.0.4]
	at com.netflix.discovery.shared.transport.decorator.EurekaHttpClientDecorator.register(EurekaHttpClientDecorator.java:56) ~[eureka-client-2.0.4.jar:2.0.4]
	at com.netflix.discovery.DiscoveryClient.register(DiscoveryClient.java:828) ~[eureka-client-2.0.4.jar:2.0.4]
	at com.netflix.discovery.InstanceInfoReplicator.run(InstanceInfoReplicator.java:125) ~[eureka-client-2.0.4.jar:2.0.4]
	at com.netflix.discovery.InstanceInfoReplicator$2.run(InstanceInfoReplicator.java:105) ~[eureka-client-2.0.4.jar:2.0.4]
	at java.base/java.util.concurrent.Executors$RunnableAdapter.call(Executors.java:539) ~[na:na]
	at java.base/java.util.concurrent.FutureTask.run(FutureTask.java:264) ~[na:na]
	at java.base/java.util.concurrent.ScheduledThreadPoolExecutor$ScheduledFutureTask.run(ScheduledThreadPoolExecutor.java:304) ~[na:na]
	at java.base/java.util.concurrent.ThreadPoolExecutor.runWorker(ThreadPoolExecutor.java:1136) ~[na:na]
	at java.base/java.util.concurrent.ThreadPoolExecutor$Worker.run(ThreadPoolExecutor.java:635) ~[na:na]
	at java.base/java.lang.Thread.run(Thread.java:840) ~[na:na]

2026-03-19T20:38:19.515-03:00  INFO 78053 --- [order-service] [           main] o.s.cloud.context.scope.GenericScope     : BeanFactory id=8b2ba844-c585-32aa-9085-0e23cd9a86c5
[INFO] Tests run: 1, Failures: 0, Errors: 0, Skipped: 0, Time elapsed: 24.64 s -- in org.cedro.inventoryservice.InventoryServiceApplicationTests
[INFO] Running org.cedro.inventoryservice.service.ProductServiceImplTest
2026-03-19T20:38:20.312-03:00  INFO 78053 --- [order-service] [           main] org.mongodb.driver.client                : MongoClient with metadata {"driver": {"name": "mongo-java-driver|sync|spring-boot", "version": "5.2.1"}, "os": {"type": "Linux", "name": "Linux", "architecture": "amd64", "version": "6.5.0-35-generic"}, "platform": "Java/Azul Systems, Inc./17.0.13+11-LTS"} created with settings MongoClientSettings{readPreference=primary, writeConcern=WriteConcern{w=null, wTimeout=null ms, journal=null}, retryWrites=true, retryReads=true, readConcern=ReadConcern{level=null}, credential=MongoCredential{mechanism=null, userName='root', source='admin', password=<hidden>, mechanismProperties=<hidden>}, transportSettings=null, commandListeners=[io.micrometer.core.instrument.binder.mongodb.MongoMetricsCommandListener@fee1e32], codecRegistry=ProvidersCodecRegistry{codecProviders=[ValueCodecProvider{}, BsonValueCodecProvider{}, DBRefCodecProvider{}, DBObjectCodecProvider{}, DocumentCodecProvider{}, CollectionCodecProvider{}, IterableCodecProvider{}, MapCodecProvider{}, GeoJsonCodecProvider{}, GridFSFileCodecProvider{}, Jsr310CodecProvider{}, JsonObjectCodecProvider{}, BsonCodecProvider{}, EnumCodecProvider{}, com.mongodb.client.model.mql.ExpressionCodecProvider@2d2710a8, com.mongodb.Jep395RecordCodecProvider@50b1dfab, com.mongodb.KotlinCodecProvider@5c85ed05]}, loggerSettings=LoggerSettings{maxDocumentLength=1000}, clusterSettings={hosts=[localhost:27018], srvServiceName=mongodb, mode=SINGLE, requiredClusterType=UNKNOWN, requiredReplicaSetName='null', serverSelector='null', clusterListeners='[]', serverSelectionTimeout='30000 ms', localThreshold='15 ms'}, socketSettings=SocketSettings{connectTimeoutMS=10000, readTimeoutMS=0, receiveBufferSize=0, proxySettings=ProxySettings{host=null, port=null, username=null, password=null}}, heartbeatSocketSettings=SocketSettings{connectTimeoutMS=10000, readTimeoutMS=10000, receiveBufferSize=0, proxySettings=ProxySettings{host=null, port=null, username=null, password=null}}, connectionPoolSettings=ConnectionPoolSettings{maxSize=100, minSize=0, maxWaitTimeMS=120000, maxConnectionLifeTimeMS=0, maxConnectionIdleTimeMS=0, maintenanceInitialDelayMS=0, maintenanceFrequencyMS=60000, connectionPoolListeners=[io.micrometer.core.instrument.binder.mongodb.MongoMetricsConnectionPoolListener@23657729], maxConnecting=2}, serverSettings=ServerSettings{heartbeatFrequencyMS=10000, minHeartbeatFrequencyMS=500, serverMonitoringMode=AUTO, serverListeners='[]', serverMonitorListeners='[]'}, sslSettings=SslSettings{enabled=false, invalidHostNameAllowed=false, context=null}, applicationName='null', compressorList=[], uuidRepresentation=JAVA_LEGACY, serverApi=null, autoEncryptionSettings=null, dnsClient=null, inetAddressResolver=null, contextProvider=null, timeoutMS=null}
2026-03-19T20:38:20.334-03:00  INFO 78053 --- [order-service] [localhost:27018] org.mongodb.driver.cluster               : Monitor thread successfully connected to server with description ServerDescription{address=localhost:27018, type=STANDALONE, cryptd=false, state=CONNECTED, ok=true, minWireVersion=0, maxWireVersion=25, maxDocumentSize=16777216, logicalSessionTimeoutMinutes=30, roundTripTimeNanos=50506121, minRoundTripTimeNanos=0}
[INFO] Tests run: 5, Failures: 0, Errors: 0, Skipped: 0, Time elapsed: 1.570 s -- in org.cedro.inventoryservice.service.ProductServiceImplTest
[INFO] 
[INFO] Results:
[INFO] 
[INFO] Tests run: 6, Failures: 0, Errors: 0, Skipped: 0
[INFO] 
[INFO] 
[INFO] --- jar:3.4.2:jar (default-jar) @ inventory-service ---
[INFO] 
[INFO] --- spring-boot:3.4.3:repackage (repackage) @ inventory-service ---
[INFO] Replacing main artifact /home/pc/Documentos/Pessoal/orderflow/inventory-service/target/inventory-service-0.0.1-SNAPSHOT.jar with repackaged archive, adding nested dependencies in BOOT-INF/.
[INFO] The original artifact has been renamed to /home/pc/Documentos/Pessoal/orderflow/inventory-service/target/inventory-service-0.0.1-SNAPSHOT.jar.original
[INFO] 
[INFO] --- install:3.1.3:install (default-install) @ inventory-service ---
[INFO] Installing /home/pc/Documentos/Pessoal/orderflow/inventory-service/pom.xml to /home/pc/.m2/repository/org/cedro/inventory-service/0.0.1-SNAPSHOT/inventory-service-0.0.1-SNAPSHOT.pom
[INFO] Installing /home/pc/Documentos/Pessoal/orderflow/inventory-service/target/inventory-service-0.0.1-SNAPSHOT.jar to /home/pc/.m2/repository/org/cedro/inventory-service/0.0.1-SNAPSHOT/inventory-service-0.0.1-SNAPSHOT.jar
2026-03-19T20:38:22.474-03:00  INFO 78053 --- [order-service] [           main] o.s.b.a.e.web.EndpointLinksResolver      : Exposing 1 endpoint beneath base path '/actuator'
2026-03-19T20:38:23.136-03:00  INFO 78053 --- [order-service] [           main] DiscoveryClientOptionalArgsConfiguration : Eureka HTTP Client uses RestTemplate.
2026-03-19T20:38:23.202-03:00  WARN 78053 --- [order-service] [           main] iguration$LoadBalancerCaffeineWarnLogger : Spring Cloud LoadBalancer is currently working with the default cache. While this cache implementation is useful for development and tests, it's recommended to use Caffeine cache in production.You can switch to using Caffeine cache, by adding it and org.springframework.cache.caffeine.CaffeineCacheManager to the classpath.
2026-03-19T20:38:23.337-03:00  INFO 78053 --- [order-service] [           main] o.s.c.n.eureka.InstanceInfoFactory       : Setting initial instance status as: STARTING
2026-03-19T20:38:23.366-03:00  INFO 78053 --- [order-service] [           main] com.netflix.discovery.DiscoveryClient    : Initializing Eureka in region us-east-1
2026-03-19T20:38:23.371-03:00  INFO 78053 --- [order-service] [           main] c.n.d.s.r.aws.ConfigClusterResolver      : Resolving eureka endpoints via configuration
2026-03-19T20:38:23.385-03:00  INFO 78053 --- [order-service] [           main] com.netflix.discovery.DiscoveryClient    : Disable delta property : false
2026-03-19T20:38:23.386-03:00  INFO 78053 --- [order-service] [           main] com.netflix.discovery.DiscoveryClient    : Single vip registry refresh property : null
2026-03-19T20:38:23.386-03:00  INFO 78053 --- [order-service] [           main] com.netflix.discovery.DiscoveryClient    : Force full registry fetch : false
2026-03-19T20:38:23.386-03:00  INFO 78053 --- [order-service] [           main] com.netflix.discovery.DiscoveryClient    : Application is null : false
2026-03-19T20:38:23.386-03:00  INFO 78053 --- [order-service] [           main] com.netflix.discovery.DiscoveryClient    : Registered Applications size is zero : true
2026-03-19T20:38:23.386-03:00  INFO 78053 --- [order-service] [           main] com.netflix.discovery.DiscoveryClient    : Application version is -1: true
2026-03-19T20:38:23.387-03:00  INFO 78053 --- [order-service] [           main] com.netflix.discovery.DiscoveryClient    : Getting all instance registry info from the eureka server
2026-03-19T20:38:23.760-03:00  INFO 78053 --- [order-service] [           main] c.n.d.s.t.d.RedirectingEurekaHttpClient  : Request execution error. endpoint=DefaultEndpoint{ serviceUrl='http://localhost:8761/eureka/}, exception=I/O error on GET request for "http://localhost:8761/eureka/apps/": Connect to http://localhost:8761 [localhost/127.0.0.1] failed: Conexão recusada stacktrace=org.springframework.web.client.ResourceAccessException: I/O error on GET request for "http://localhost:8761/eureka/apps/": Connect to http://localhost:8761 [localhost/127.0.0.1] failed: Conexão recusada
	at org.springframework.web.client.RestTemplate.createResourceAccessException(RestTemplate.java:925)
	at org.springframework.web.client.RestTemplate.doExecute(RestTemplate.java:905)
	at org.springframework.web.client.RestTemplate.execute(RestTemplate.java:840)
	at org.springframework.web.client.RestTemplate.exchange(RestTemplate.java:701)
	at org.springframework.cloud.netflix.eureka.http.RestTemplateEurekaHttpClient.getApplicationsInternal(RestTemplateEurekaHttpClient.java:174)
	at org.springframework.cloud.netflix.eureka.http.RestTemplateEurekaHttpClient.getApplications(RestTemplateEurekaHttpClient.java:162)
	at com.netflix.discovery.shared.transport.decorator.EurekaHttpClientDecorator$6.execute(EurekaHttpClientDecorator.java:137)
	at com.netflix.discovery.shared.transport.decorator.RedirectingEurekaHttpClient.executeOnNewServer(RedirectingEurekaHttpClient.java:121)
	at com.netflix.discovery.shared.transport.decorator.RedirectingEurekaHttpClient.execute(RedirectingEurekaHttpClient.java:80)
	at com.netflix.discovery.shared.transport.decorator.EurekaHttpClientDecorator.getApplications(EurekaHttpClientDecorator.java:134)
	at com.netflix.discovery.shared.transport.decorator.EurekaHttpClientDecorator$6.execute(EurekaHttpClientDecorator.java:137)
	at com.netflix.discovery.shared.transport.decorator.RetryableEurekaHttpClient.execute(RetryableEurekaHttpClient.java:120)
	at com.netflix.discovery.shared.transport.decorator.EurekaHttpClientDecorator.getApplications(EurekaHttpClientDecorator.java:134)
	at com.netflix.discovery.shared.transport.decorator.EurekaHttpClientDecorator$6.execute(EurekaHttpClientDecorator.java:137)
	at com.netflix.discovery.shared.transport.decorator.SessionedEurekaHttpClient.execute(SessionedEurekaHttpClient.java:76)
	at com.netflix.discovery.shared.transport.decorator.EurekaHttpClientDecorator.getApplications(EurekaHttpClientDecorator.java:134)
	at com.netflix.discovery.DiscoveryClient.getAndStoreFullRegistry(DiscoveryClient.java:1046)
	at com.netflix.discovery.DiscoveryClient.fetchRegistry(DiscoveryClient.java:961)
	at com.netflix.discovery.DiscoveryClient.<init>(DiscoveryClient.java:410)
	at com.netflix.discovery.DiscoveryClient.<init>(DiscoveryClient.java:245)
	at com.netflix.discovery.DiscoveryClient.<init>(DiscoveryClient.java:240)
	at org.springframework.cloud.netflix.eureka.CloudEurekaClient.<init>(CloudEurekaClient.java:68)
	at org.springframework.cloud.netflix.eureka.EurekaClientAutoConfiguration$RefreshableEurekaClientConfiguration.eurekaClient(EurekaClientAutoConfiguration.java:324)
	at java.base/jdk.internal.reflect.NativeMethodAccessorImpl.invoke0(Native Method)
	at java.base/jdk.internal.reflect.NativeMethodAccessorImpl.invoke(NativeMethodAccessorImpl.java:77)
	at java.base/jdk.internal.reflect.DelegatingMethodAccessorImpl.invoke(DelegatingMethodAccessorImpl.java:43)
	at java.base/java.lang.reflect.Method.invoke(Method.java:569)
	at org.springframework.beans.factory.support.SimpleInstantiationStrategy.lambda$instantiate$0(SimpleInstantiationStrategy.java:171)
	at org.springframework.beans.factory.support.SimpleInstantiationStrategy.instantiateWithFactoryMethod(SimpleInstantiationStrategy.java:88)
	at org.springframework.beans.factory.support.SimpleInstantiationStrategy.instantiate(SimpleInstantiationStrategy.java:168)
	at org.springframework.beans.factory.support.ConstructorResolver.instantiate(ConstructorResolver.java:653)
	at org.springframework.beans.factory.support.ConstructorResolver.instantiateUsingFactoryMethod(ConstructorResolver.java:645)
	at org.springframework.beans.factory.support.AbstractAutowireCapableBeanFactory.instantiateUsingFactoryMethod(AbstractAutowireCapableBeanFactory.java:1361)
	at org.springframework.beans.factory.support.AbstractAutowireCapableBeanFactory.createBeanInstance(AbstractAutowireCapableBeanFactory.java:1191)
	at org.springframework.beans.factory.support.AbstractAutowireCapableBeanFactory.doCreateBean(AbstractAutowireCapableBeanFactory.java:563)
	at org.springframework.beans.factory.support.AbstractAutowireCapableBeanFactory.createBean(AbstractAutowireCapableBeanFactory.java:523)
	at org.springframework.beans.factory.support.AbstractBeanFactory.lambda$doGetBean$1(AbstractBeanFactory.java:378)
	at org.springframework.cloud.context.scope.GenericScope$BeanLifecycleWrapper.getBean(GenericScope.java:375)
	at org.springframework.cloud.context.scope.GenericScope.get(GenericScope.java:179)
	at org.springframework.beans.factory.support.AbstractBeanFactory.doGetBean(AbstractBeanFactory.java:375)
	at org.springframework.beans.factory.support.AbstractBeanFactory.getBean(AbstractBeanFactory.java:202)
	at org.springframework.aop.target.SimpleBeanTargetSource.getTarget(SimpleBeanTargetSource.java:35)
	at org.springframework.cloud.netflix.eureka.serviceregistry.EurekaRegistration.getTargetObject(EurekaRegistration.java:128)
	at org.springframework.cloud.netflix.eureka.serviceregistry.EurekaRegistration.getEurekaClient(EurekaRegistration.java:116)
	at java.base/jdk.internal.reflect.NativeMethodAccessorImpl.invoke0(Native Method)
	at java.base/jdk.internal.reflect.NativeMethodAccessorImpl.invoke(NativeMethodAccessorImpl.java:77)
	at java.base/jdk.internal.reflect.DelegatingMethodAccessorImpl.invoke(DelegatingMethodAccessorImpl.java:43)
	at java.base/java.lang.reflect.Method.invoke(Method.java:569)
	at org.springframework.util.ReflectionUtils.invokeMethod(ReflectionUtils.java:281)
	at org.springframework.cloud.context.scope.GenericScope$LockedScopedProxyFactoryBean.invoke(GenericScope.java:482)
	at org.springframework.aop.framework.ReflectiveMethodInvocation.proceed(ReflectiveMethodInvocation.java:184)
	at org.springframework.aop.framework.CglibAopProxy$DynamicAdvisedInterceptor.intercept(CglibAopProxy.java:727)
	at org.springframework.cloud.netflix.eureka.serviceregistry.EurekaRegistration$$SpringCGLIB$$0.getEurekaClient(<generated>)
	at org.springframework.cloud.netflix.eureka.serviceregistry.EurekaServiceRegistry.maybeInitializeClient(EurekaServiceRegistry.java:83)
	at org.springframework.cloud.netflix.eureka.serviceregistry.EurekaServiceRegistry.register(EurekaServiceRegistry.java:66)
	at org.springframework.cloud.netflix.eureka.serviceregistry.EurekaAutoServiceRegistration.start(EurekaAutoServiceRegistration.java:89)
	at org.springframework.context.support.DefaultLifecycleProcessor.doStart(DefaultLifecycleProcessor.java:323)
	at org.springframework.context.support.DefaultLifecycleProcessor$LifecycleGroup.start(DefaultLifecycleProcessor.java:510)
	at java.base/java.lang.Iterable.forEach(Iterable.java:75)
	at org.springframework.context.support.DefaultLifecycleProcessor.startBeans(DefaultLifecycleProcessor.java:295)
	at org.springframework.context.support.DefaultLifecycleProcessor.onRefresh(DefaultLifecycleProcessor.java:240)
	at org.springframework.context.support.AbstractApplicationContext.finishRefresh(AbstractApplicationContext.java:1006)
	at org.springframework.context.support.AbstractApplicationContext.refresh(AbstractApplicationContext.java:630)
	at org.springframework.boot.SpringApplication.refresh(SpringApplication.java:752)
	at org.springframework.boot.SpringApplication.refreshContext(SpringApplication.java:439)
	at org.springframework.boot.SpringApplication.run(SpringApplication.java:318)
	at org.springframework.boot.test.context.SpringBootContextLoader.lambda$loadContext$3(SpringBootContextLoader.java:137)
	at org.springframework.util.function.ThrowingSupplier.get(ThrowingSupplier.java:58)
	at org.springframework.util.function.ThrowingSupplier.get(ThrowingSupplier.java:46)
	at org.springframework.boot.SpringApplication.withHook(SpringApplication.java:1461)
	at org.springframework.boot.test.context.SpringBootContextLoader$ContextLoaderHook.run(SpringBootContextLoader.java:553)
	at org.springframework.boot.test.context.SpringBootContextLoader.loadContext(SpringBootContextLoader.java:137)
	at org.springframework.boot.test.context.SpringBootContextLoader.loadContext(SpringBootContextLoader.java:108)
	at org.springframework.test.context.cache.DefaultCacheAwareContextLoaderDelegate.loadContextInternal(DefaultCacheAwareContextLoaderDelegate.java:225)
	at org.springframework.test.context.cache.DefaultCacheAwareContextLoaderDelegate.loadContext(DefaultCacheAwareContextLoaderDelegate.java:152)
	at org.springframework.test.context.support.DefaultTestContext.getApplicationContext(DefaultTestContext.java:130)
	at org.springframework.test.context.web.ServletTestExecutionListener.setUpRequestContextIfNecessary(ServletTestExecutionListener.java:200)
	at org.springframework.test.context.web.ServletTestExecutionListener.prepareTestInstance(ServletTestExecutionListener.java:139)
	at org.springframework.test.context.TestContextManager.prepareTestInstance(TestContextManager.java:260)
	at org.springframework.test.context.junit.jupiter.SpringExtension.postProcessTestInstance(SpringExtension.java:160)
	at org.junit.jupiter.engine.descriptor.ClassBasedTestDescriptor.lambda$invokeTestInstancePostProcessors$11(ClassBasedTestDescriptor.java:378)
	at org.junit.jupiter.engine.descriptor.ClassBasedTestDescriptor.executeAndMaskThrowable(ClassBasedTestDescriptor.java:383)
	at org.junit.jupiter.engine.descriptor.ClassBasedTestDescriptor.lambda$invokeTestInstancePostProcessors$12(ClassBasedTestDescriptor.java:378)
	at java.base/java.util.stream.ForEachOps$ForEachOp$OfRef.accept(ForEachOps.java:183)
	at java.base/java.util.stream.ReferencePipeline$3$1.accept(ReferencePipeline.java:197)
	at java.base/java.util.stream.ReferencePipeline$2$1.accept(ReferencePipeline.java:179)
	at java.base/java.util.stream.ReferencePipeline$3$1.accept(ReferencePipeline.java:197)
	at java.base/java.util.ArrayList$ArrayListSpliterator.forEachRemaining(ArrayList.java:1625)
	at java.base/java.util.stream.AbstractPipeline.copyInto(AbstractPipeline.java:509)
	at java.base/java.util.stream.AbstractPipeline.wrapAndCopyInto(AbstractPipeline.java:499)
	at java.base/java.util.stream.ForEachOps$ForEachOp.evaluateSequential(ForEachOps.java:150)
	at java.base/java.util.stream.ForEachOps$ForEachOp$OfRef.evaluateSequential(ForEachOps.java:173)
	at java.base/java.util.stream.AbstractPipeline.evaluate(AbstractPipeline.java:234)
	at java.base/java.util.stream.ReferencePipeline.forEach(ReferencePipeline.java:596)
	at org.junit.jupiter.engine.descriptor.ClassBasedTestDescriptor.invokeTestInstancePostProcessors(ClassBasedTestDescriptor.java:377)
	at org.junit.jupiter.engine.descriptor.ClassBasedTestDescriptor.lambda$instantiateAndPostProcessTestInstance$7(ClassBasedTestDescriptor.java:290)
	at org.junit.platform.engine.support.hierarchical.ThrowableCollector.execute(ThrowableCollector.java:73)
	at org.junit.jupiter.engine.descriptor.ClassBasedTestDescriptor.instantiateAndPostProcessTestInstance(ClassBasedTestDescriptor.java:289)
	at org.junit.jupiter.engine.descriptor.ClassBasedTestDescriptor.lambda$testInstancesProvider$5(ClassBasedTestDescriptor.java:279)
	at java.base/java.util.Optional.orElseGet(Optional.java:364)
	at org.junit.jupiter.engine.descriptor.ClassBasedTestDescriptor.lambda$testInstancesProvider$6(ClassBasedTestDescriptor.java:278)
	at org.junit.jupiter.engine.execution.TestInstancesProvider.getTestInstances(TestInstancesProvider.java:31)
	at org.junit.jupiter.engine.descriptor.TestMethodTestDescriptor.lambda$prepare$1(TestMethodTestDescriptor.java:105)
	at org.junit.platform.engine.support.hierarchical.ThrowableCollector.execute(ThrowableCollector.java:73)
	at org.junit.jupiter.engine.descriptor.TestMethodTestDescriptor.prepare(TestMethodTestDescriptor.java:104)
	at org.junit.jupiter.engine.descriptor.TestMethodTestDescriptor.prepare(TestMethodTestDescriptor.java:68)
	at org.junit.platform.engine.support.hierarchical.NodeTestTask.lambda$prepare$2(NodeTestTask.java:128)
	at org.junit.platform.engine.support.hierarchical.ThrowableCollector.execute(ThrowableCollector.java:73)
	at org.junit.platform.engine.support.hierarchical.NodeTestTask.prepare(NodeTestTask.java:128)
	at org.junit.platform.engine.support.hierarchical.NodeTestTask.execute(NodeTestTask.java:95)
	at java.base/java.util.ArrayList.forEach(ArrayList.java:1511)
	at org.junit.platform.engine.support.hierarchical.SameThreadHierarchicalTestExecutorService.invokeAll(SameThreadHierarchicalTestExecutorService.java:41)
	at org.junit.platform.engine.support.hierarchical.NodeTestTask.lambda$executeRecursively$6(NodeTestTask.java:160)
	at org.junit.platform.engine.support.hierarchical.ThrowableCollector.execute(ThrowableCollector.java:73)
	at org.junit.platform.engine.support.hierarchical.NodeTestTask.lambda$executeRecursively$8(NodeTestTask.java:146)
	at org.junit.platform.engine.support.hierarchical.Node.around(Node.java:137)
	at org.junit.platform.engine.support.hierarchical.NodeTestTask.lambda$executeRecursively$9(NodeTestTask.java:144)
	at org.junit.platform.engine.support.hierarchical.ThrowableCollector.execute(ThrowableCollector.java:73)
	at org.junit.platform.engine.support.hierarchical.NodeTestTask.executeRecursively(NodeTestTask.java:143)
	at org.junit.platform.engine.support.hierarchical.NodeTestTask.execute(NodeTestTask.java:100)
	at java.base/java.util.ArrayList.forEach(ArrayList.java:1511)
	at org.junit.platform.engine.support.hierarchical.SameThreadHierarchicalTestExecutorService.invokeAll(SameThreadHierarchicalTestExecutorService.java:41)
	at org.junit.platform.engine.support.hierarchical.NodeTestTask.lambda$executeRecursively$6(NodeTestTask.java:160)
	at org.junit.platform.engine.support.hierarchical.ThrowableCollector.execute(ThrowableCollector.java:73)
	at org.junit.platform.engine.support.hierarchical.NodeTestTask.lambda$executeRecursively$8(NodeTestTask.java:146)
	at org.junit.platform.engine.support.hierarchical.Node.around(Node.java:137)
	at org.junit.platform.engine.support.hierarchical.NodeTestTask.lambda$executeRecursively$9(NodeTestTask.java:144)
	at org.junit.platform.engine.support.hierarchical.ThrowableCollector.execute(ThrowableCollector.java:73)
	at org.junit.platform.engine.support.hierarchical.NodeTestTask.executeRecursively(NodeTestTask.java:143)
	at org.junit.platform.engine.support.hierarchical.NodeTestTask.execute(NodeTestTask.java:100)
	at org.junit.platform.engine.support.hierarchical.SameThreadHierarchicalTestExecutorService.submit(SameThreadHierarchicalTestExecutorService.java:35)
	at org.junit.platform.engine.support.hierarchical.HierarchicalTestExecutor.execute(HierarchicalTestExecutor.java:57)
	at org.junit.platform.engine.support.hierarchical.HierarchicalTestEngine.execute(HierarchicalTestEngine.java:54)
	at org.junit.platform.launcher.core.EngineExecutionOrchestrator.execute(EngineExecutionOrchestrator.java:198)
	at org.junit.platform.launcher.core.EngineExecutionOrchestrator.execute(EngineExecutionOrchestrator.java:169)
	at org.junit.platform.launcher.core.EngineExecutionOrchestrator.execute(EngineExecutionOrchestrator.java:93)
	at org.junit.platform.launcher.core.EngineExecutionOrchestrator.lambda$execute$0(EngineExecutionOrchestrator.java:58)
	at org.junit.platform.launcher.core.EngineExecutionOrchestrator.withInterceptedStreams(EngineExecutionOrchestrator.java:141)
	at org.junit.platform.launcher.core.EngineExecutionOrchestrator.execute(EngineExecutionOrchestrator.java:57)
	at org.junit.platform.launcher.core.DefaultLauncher.execute(DefaultLauncher.java:103)
	at org.junit.platform.launcher.core.DefaultLauncher.execute(DefaultLauncher.java:85)
	at org.junit.platform.launcher.core.DelegatingLauncher.execute(DelegatingLauncher.java:47)
	at org.apache.maven.surefire.junitplatform.LazyLauncher.execute(LazyLauncher.java:56)
	at org.apache.maven.surefire.junitplatform.JUnitPlatformProvider.execute(JUnitPlatformProvider.java:184)
	at org.apache.maven.surefire.junitplatform.JUnitPlatformProvider.invokeAllTests(JUnitPlatformProvider.java:148)
	at org.apache.maven.surefire.junitplatform.JUnitPlatformProvider.invoke(JUnitPlatformProvider.java:122)
	at org.apache.maven.surefire.booter.ForkedBooter.runSuitesInProcess(ForkedBooter.java:385)
	at org.apache.maven.surefire.booter.ForkedBooter.execute(ForkedBooter.java:162)
	at org.apache.maven.surefire.booter.ForkedBooter.run(ForkedBooter.java:507)
	at org.apache.maven.surefire.booter.ForkedBooter.main(ForkedBooter.java:495)
Caused by: org.apache.hc.client5.http.HttpHostConnectException: Connect to http://localhost:8761 [localhost/127.0.0.1] failed: Conexão recusada
	at java.base/sun.nio.ch.Net.pollConnect(Native Method)
	at java.base/sun.nio.ch.Net.pollConnectNow(Net.java:672)
	at java.base/sun.nio.ch.NioSocketImpl.timedFinishConnect(NioSocketImpl.java:547)
	at java.base/sun.nio.ch.NioSocketImpl.connect(NioSocketImpl.java:602)
	at java.base/java.net.SocksSocketImpl.connect(SocksSocketImpl.java:327)
	at java.base/java.net.Socket.connect(Socket.java:639)
	at org.apache.hc.client5.http.impl.io.DefaultHttpClientConnectionOperator.connect(DefaultHttpClientConnectionOperator.java:216)
	at org.apache.hc.client5.http.impl.io.PoolingHttpClientConnectionManager.connect(PoolingHttpClientConnectionManager.java:490)
	at org.apache.hc.client5.http.impl.classic.InternalExecRuntime.connectEndpoint(InternalExecRuntime.java:164)
	at org.apache.hc.client5.http.impl.classic.InternalExecRuntime.connectEndpoint(InternalExecRuntime.java:174)
	at org.apache.hc.client5.http.impl.classic.ConnectExec.execute(ConnectExec.java:144)
	at org.apache.hc.client5.http.impl.classic.ExecChainElement.execute(ExecChainElement.java:51)
	at org.apache.hc.client5.http.impl.classic.ProtocolExec.execute(ProtocolExec.java:192)
	at org.apache.hc.client5.http.impl.classic.ExecChainElement.execute(ExecChainElement.java:51)
	at org.apache.hc.client5.http.impl.classic.ContentCompressionExec.execute(ContentCompressionExec.java:150)
	at org.apache.hc.client5.http.impl.classic.ExecChainElement.execute(ExecChainElement.java:51)
	at org.apache.hc.client5.http.impl.classic.HttpRequestRetryExec.execute(HttpRequestRetryExec.java:113)
	at org.apache.hc.client5.http.impl.classic.ExecChainElement.execute(ExecChainElement.java:51)
	at org.apache.hc.client5.http.impl.classic.RedirectExec.execute(RedirectExec.java:110)
	at org.apache.hc.client5.http.impl.classic.ExecChainElement.execute(ExecChainElement.java:51)
	at org.apache.hc.client5.http.impl.classic.InternalHttpClient.doExecute(InternalHttpClient.java:174)
	at org.apache.hc.client5.http.impl.classic.CloseableHttpClient.execute(CloseableHttpClient.java:87)
	at org.apache.hc.client5.http.impl.classic.CloseableHttpClient.execute(CloseableHttpClient.java:55)
	at org.apache.hc.client5.http.classic.HttpClient.executeOpen(HttpClient.java:183)
	at org.springframework.http.client.HttpComponentsClientHttpRequest.executeInternal(HttpComponentsClientHttpRequest.java:99)
	at org.springframework.http.client.AbstractStreamingClientHttpRequest.executeInternal(AbstractStreamingClientHttpRequest.java:71)
	at org.springframework.http.client.AbstractClientHttpRequest.execute(AbstractClientHttpRequest.java:81)
	at org.springframework.http.client.InterceptingClientHttpRequest$InterceptingRequestExecution.execute(InterceptingClientHttpRequest.java:117)
	at org.springframework.cloud.netflix.eureka.http.RestTemplateTransportClientFactory.lambda$restTemplate$2(RestTemplateTransportClientFactory.java:145)
	at org.springframework.http.client.InterceptingClientHttpRequest$InterceptingRequestExecution.execute(InterceptingClientHttpRequest.java:88)
	at org.springframework.http.client.InterceptingClientHttpRequest.executeInternal(InterceptingClientHttpRequest.java:72)
	at org.springframework.http.client.AbstractBufferingClientHttpRequest.executeInternal(AbstractBufferingClientHttpRequest.java:48)
	at org.springframework.http.client.AbstractClientHttpRequest.execute(AbstractClientHttpRequest.java:81)
	at org.springframework.web.client.RestTemplate.doExecute(RestTemplate.java:899)
	... 148 more

2026-03-19T20:38:23.761-03:00  WARN 78053 --- [order-service] [           main] c.n.d.s.t.d.RetryableEurekaHttpClient    : Request execution failed with message: I/O error on GET request for "http://localhost:8761/eureka/apps/": Connect to http://localhost:8761 [localhost/127.0.0.1] failed: Conexão recusada
2026-03-19T20:38:23.762-03:00  INFO 78053 --- [order-service] [           main] com.netflix.discovery.DiscoveryClient    : DiscoveryClient_ORDER-SERVICE/192.168.20.102:order-service:8081 - was unable to refresh its cache! This periodic background refresh will be retried in 30 seconds. status = Cannot execute request on any known server stacktrace = com.netflix.discovery.shared.transport.TransportException: Cannot execute request on any known server
	at com.netflix.discovery.shared.transport.decorator.RetryableEurekaHttpClient.execute(RetryableEurekaHttpClient.java:112)
	at com.netflix.discovery.shared.transport.decorator.EurekaHttpClientDecorator.getApplications(EurekaHttpClientDecorator.java:134)
	at com.netflix.discovery.shared.transport.decorator.EurekaHttpClientDecorator$6.execute(EurekaHttpClientDecorator.java:137)
	at com.netflix.discovery.shared.transport.decorator.SessionedEurekaHttpClient.execute(SessionedEurekaHttpClient.java:76)
	at com.netflix.discovery.shared.transport.decorator.EurekaHttpClientDecorator.getApplications(EurekaHttpClientDecorator.java:134)
	at com.netflix.discovery.DiscoveryClient.getAndStoreFullRegistry(DiscoveryClient.java:1046)
	at com.netflix.discovery.DiscoveryClient.fetchRegistry(DiscoveryClient.java:961)
	at com.netflix.discovery.DiscoveryClient.<init>(DiscoveryClient.java:410)
	at com.netflix.discovery.DiscoveryClient.<init>(DiscoveryClient.java:245)
	at com.netflix.discovery.DiscoveryClient.<init>(DiscoveryClient.java:240)
	at org.springframework.cloud.netflix.eureka.CloudEurekaClient.<init>(CloudEurekaClient.java:68)
	at org.springframework.cloud.netflix.eureka.EurekaClientAutoConfiguration$RefreshableEurekaClientConfiguration.eurekaClient(EurekaClientAutoConfiguration.java:324)
	at java.base/jdk.internal.reflect.NativeMethodAccessorImpl.invoke0(Native Method)
	at java.base/jdk.internal.reflect.NativeMethodAccessorImpl.invoke(NativeMethodAccessorImpl.java:77)
	at java.base/jdk.internal.reflect.DelegatingMethodAccessorImpl.invoke(DelegatingMethodAccessorImpl.java:43)
	at java.base/java.lang.reflect.Method.invoke(Method.java:569)
	at org.springframework.beans.factory.support.SimpleInstantiationStrategy.lambda$instantiate$0(SimpleInstantiationStrategy.java:171)
	at org.springframework.beans.factory.support.SimpleInstantiationStrategy.instantiateWithFactoryMethod(SimpleInstantiationStrategy.java:88)
	at org.springframework.beans.factory.support.SimpleInstantiationStrategy.instantiate(SimpleInstantiationStrategy.java:168)
	at org.springframework.beans.factory.support.ConstructorResolver.instantiate(ConstructorResolver.java:653)
	at org.springframework.beans.factory.support.ConstructorResolver.instantiateUsingFactoryMethod(ConstructorResolver.java:645)
	at org.springframework.beans.factory.support.AbstractAutowireCapableBeanFactory.instantiateUsingFactoryMethod(AbstractAutowireCapableBeanFactory.java:1361)
	at org.springframework.beans.factory.support.AbstractAutowireCapableBeanFactory.createBeanInstance(AbstractAutowireCapableBeanFactory.java:1191)
	at org.springframework.beans.factory.support.AbstractAutowireCapableBeanFactory.doCreateBean(AbstractAutowireCapableBeanFactory.java:563)
	at org.springframework.beans.factory.support.AbstractAutowireCapableBeanFactory.createBean(AbstractAutowireCapableBeanFactory.java:523)
	at org.springframework.beans.factory.support.AbstractBeanFactory.lambda$doGetBean$1(AbstractBeanFactory.java:378)
	at org.springframework.cloud.context.scope.GenericScope$BeanLifecycleWrapper.getBean(GenericScope.java:375)
	at org.springframework.cloud.context.scope.GenericScope.get(GenericScope.java:179)
	at org.springframework.beans.factory.support.AbstractBeanFactory.doGetBean(AbstractBeanFactory.java:375)
	at org.springframework.beans.factory.support.AbstractBeanFactory.getBean(AbstractBeanFactory.java:202)
	at org.springframework.aop.target.SimpleBeanTargetSource.getTarget(SimpleBeanTargetSource.java:35)
	at org.springframework.cloud.netflix.eureka.serviceregistry.EurekaRegistration.getTargetObject(EurekaRegistration.java:128)
	at org.springframework.cloud.netflix.eureka.serviceregistry.EurekaRegistration.getEurekaClient(EurekaRegistration.java:116)
	at java.base/jdk.internal.reflect.NativeMethodAccessorImpl.invoke0(Native Method)
	at java.base/jdk.internal.reflect.NativeMethodAccessorImpl.invoke(NativeMethodAccessorImpl.java:77)
	at java.base/jdk.internal.reflect.DelegatingMethodAccessorImpl.invoke(DelegatingMethodAccessorImpl.java:43)
	at java.base/java.lang.reflect.Method.invoke(Method.java:569)
	at org.springframework.util.ReflectionUtils.invokeMethod(ReflectionUtils.java:281)
	at org.springframework.cloud.context.scope.GenericScope$LockedScopedProxyFactoryBean.invoke(GenericScope.java:482)
	at org.springframework.aop.framework.ReflectiveMethodInvocation.proceed(ReflectiveMethodInvocation.java:184)
	at org.springframework.aop.framework.CglibAopProxy$DynamicAdvisedInterceptor.intercept(CglibAopProxy.java:727)
	at org.springframework.cloud.netflix.eureka.serviceregistry.EurekaRegistration$$SpringCGLIB$$0.getEurekaClient(<generated>)
	at org.springframework.cloud.netflix.eureka.serviceregistry.EurekaServiceRegistry.maybeInitializeClient(EurekaServiceRegistry.java:83)
	at org.springframework.cloud.netflix.eureka.serviceregistry.EurekaServiceRegistry.register(EurekaServiceRegistry.java:66)
	at org.springframework.cloud.netflix.eureka.serviceregistry.EurekaAutoServiceRegistration.start(EurekaAutoServiceRegistration.java:89)
	at org.springframework.context.support.DefaultLifecycleProcessor.doStart(DefaultLifecycleProcessor.java:323)
	at org.springframework.context.support.DefaultLifecycleProcessor$LifecycleGroup.start(DefaultLifecycleProcessor.java:510)
	at java.base/java.lang.Iterable.forEach(Iterable.java:75)
	at org.springframework.context.support.DefaultLifecycleProcessor.startBeans(DefaultLifecycleProcessor.java:295)
	at org.springframework.context.support.DefaultLifecycleProcessor.onRefresh(DefaultLifecycleProcessor.java:240)
	at org.springframework.context.support.AbstractApplicationContext.finishRefresh(AbstractApplicationContext.java:1006)
	at org.springframework.context.support.AbstractApplicationContext.refresh(AbstractApplicationContext.java:630)
	at org.springframework.boot.SpringApplication.refresh(SpringApplication.java:752)
	at org.springframework.boot.SpringApplication.refreshContext(SpringApplication.java:439)
	at org.springframework.boot.SpringApplication.run(SpringApplication.java:318)
	at org.springframework.boot.test.context.SpringBootContextLoader.lambda$loadContext$3(SpringBootContextLoader.java:137)
	at org.springframework.util.function.ThrowingSupplier.get(ThrowingSupplier.java:58)
	at org.springframework.util.function.ThrowingSupplier.get(ThrowingSupplier.java:46)
	at org.springframework.boot.SpringApplication.withHook(SpringApplication.java:1461)
	at org.springframework.boot.test.context.SpringBootContextLoader$ContextLoaderHook.run(SpringBootContextLoader.java:553)
	at org.springframework.boot.test.context.SpringBootContextLoader.loadContext(SpringBootContextLoader.java:137)
	at org.springframework.boot.test.context.SpringBootContextLoader.loadContext(SpringBootContextLoader.java:108)
	at org.springframework.test.context.cache.DefaultCacheAwareContextLoaderDelegate.loadContextInternal(DefaultCacheAwareContextLoaderDelegate.java:225)
	at org.springframework.test.context.cache.DefaultCacheAwareContextLoaderDelegate.loadContext(DefaultCacheAwareContextLoaderDelegate.java:152)
	at org.springframework.test.context.support.DefaultTestContext.getApplicationContext(DefaultTestContext.java:130)
	at org.springframework.test.context.web.ServletTestExecutionListener.setUpRequestContextIfNecessary(ServletTestExecutionListener.java:200)
	at org.springframework.test.context.web.ServletTestExecutionListener.prepareTestInstance(ServletTestExecutionListener.java:139)
	at org.springframework.test.context.TestContextManager.prepareTestInstance(TestContextManager.java:260)
	at org.springframework.test.context.junit.jupiter.SpringExtension.postProcessTestInstance(SpringExtension.java:160)
	at org.junit.jupiter.engine.descriptor.ClassBasedTestDescriptor.lambda$invokeTestInstancePostProcessors$11(ClassBasedTestDescriptor.java:378)
	at org.junit.jupiter.engine.descriptor.ClassBasedTestDescriptor.executeAndMaskThrowable(ClassBasedTestDescriptor.java:383)
	at org.junit.jupiter.engine.descriptor.ClassBasedTestDescriptor.lambda$invokeTestInstancePostProcessors$12(ClassBasedTestDescriptor.java:378)
	at java.base/java.util.stream.ForEachOps$ForEachOp$OfRef.accept(ForEachOps.java:183)
	at java.base/java.util.stream.ReferencePipeline$3$1.accept(ReferencePipeline.java:197)
	at java.base/java.util.stream.ReferencePipeline$2$1.accept(ReferencePipeline.java:179)
	at java.base/java.util.stream.ReferencePipeline$3$1.accept(ReferencePipeline.java:197)
	at java.base/java.util.ArrayList$ArrayListSpliterator.forEachRemaining(ArrayList.java:1625)
	at java.base/java.util.stream.AbstractPipeline.copyInto(AbstractPipeline.java:509)
	at java.base/java.util.stream.AbstractPipeline.wrapAndCopyInto(AbstractPipeline.java:499)
	at java.base/java.util.stream.ForEachOps$ForEachOp.evaluateSequential(ForEachOps.java:150)
	at java.base/java.util.stream.ForEachOps$ForEachOp$OfRef.evaluateSequential(ForEachOps.java:173)
	at java.base/java.util.stream.AbstractPipeline.evaluate(AbstractPipeline.java:234)
	at java.base/java.util.stream.ReferencePipeline.forEach(ReferencePipeline.java:596)
	at org.junit.jupiter.engine.descriptor.ClassBasedTestDescriptor.invokeTestInstancePostProcessors(ClassBasedTestDescriptor.java:377)
	at org.junit.jupiter.engine.descriptor.ClassBasedTestDescriptor.lambda$instantiateAndPostProcessTestInstance$7(ClassBasedTestDescriptor.java:290)
	at org.junit.platform.engine.support.hierarchical.ThrowableCollector.execute(ThrowableCollector.java:73)
	at org.junit.jupiter.engine.descriptor.ClassBasedTestDescriptor.instantiateAndPostProcessTestInstance(ClassBasedTestDescriptor.java:289)
	at org.junit.jupiter.engine.descriptor.ClassBasedTestDescriptor.lambda$testInstancesProvider$5(ClassBasedTestDescriptor.java:279)
	at java.base/java.util.Optional.orElseGet(Optional.java:364)
	at org.junit.jupiter.engine.descriptor.ClassBasedTestDescriptor.lambda$testInstancesProvider$6(ClassBasedTestDescriptor.java:278)
	at org.junit.jupiter.engine.execution.TestInstancesProvider.getTestInstances(TestInstancesProvider.java:31)
	at org.junit.jupiter.engine.descriptor.TestMethodTestDescriptor.lambda$prepare$1(TestMethodTestDescriptor.java:105)
	at org.junit.platform.engine.support.hierarchical.ThrowableCollector.execute(ThrowableCollector.java:73)
	at org.junit.jupiter.engine.descriptor.TestMethodTestDescriptor.prepare(TestMethodTestDescriptor.java:104)
	at org.junit.jupiter.engine.descriptor.TestMethodTestDescriptor.prepare(TestMethodTestDescriptor.java:68)
	at org.junit.platform.engine.support.hierarchical.NodeTestTask.lambda$prepare$2(NodeTestTask.java:128)
	at org.junit.platform.engine.support.hierarchical.ThrowableCollector.execute(ThrowableCollector.java:73)
	at org.junit.platform.engine.support.hierarchical.NodeTestTask.prepare(NodeTestTask.java:128)
	at org.junit.platform.engine.support.hierarchical.NodeTestTask.execute(NodeTestTask.java:95)
	at java.base/java.util.ArrayList.forEach(ArrayList.java:1511)
	at org.junit.platform.engine.support.hierarchical.SameThreadHierarchicalTestExecutorService.invokeAll(SameThreadHierarchicalTestExecutorService.java:41)
	at org.junit.platform.engine.support.hierarchical.NodeTestTask.lambda$executeRecursively$6(NodeTestTask.java:160)
	at org.junit.platform.engine.support.hierarchical.ThrowableCollector.execute(ThrowableCollector.java:73)
	at org.junit.platform.engine.support.hierarchical.NodeTestTask.lambda$executeRecursively$8(NodeTestTask.java:146)
	at org.junit.platform.engine.support.hierarchical.Node.around(Node.java:137)
	at org.junit.platform.engine.support.hierarchical.NodeTestTask.lambda$executeRecursively$9(NodeTestTask.java:144)
	at org.junit.platform.engine.support.hierarchical.ThrowableCollector.execute(ThrowableCollector.java:73)
	at org.junit.platform.engine.support.hierarchical.NodeTestTask.executeRecursively(NodeTestTask.java:143)
	at org.junit.platform.engine.support.hierarchical.NodeTestTask.execute(NodeTestTask.java:100)
	at java.base/java.util.ArrayList.forEach(ArrayList.java:1511)
	at org.junit.platform.engine.support.hierarchical.SameThreadHierarchicalTestExecutorService.invokeAll(SameThreadHierarchicalTestExecutorService.java:41)
	at org.junit.platform.engine.support.hierarchical.NodeTestTask.lambda$executeRecursively$6(NodeTestTask.java:160)
	at org.junit.platform.engine.support.hierarchical.ThrowableCollector.execute(ThrowableCollector.java:73)
	at org.junit.platform.engine.support.hierarchical.NodeTestTask.lambda$executeRecursively$8(NodeTestTask.java:146)
	at org.junit.platform.engine.support.hierarchical.Node.around(Node.java:137)
	at org.junit.platform.engine.support.hierarchical.NodeTestTask.lambda$executeRecursively$9(NodeTestTask.java:144)
	at org.junit.platform.engine.support.hierarchical.ThrowableCollector.execute(ThrowableCollector.java:73)
	at org.junit.platform.engine.support.hierarchical.NodeTestTask.executeRecursively(NodeTestTask.java:143)
	at org.junit.platform.engine.support.hierarchical.NodeTestTask.execute(NodeTestTask.java:100)
	at org.junit.platform.engine.support.hierarchical.SameThreadHierarchicalTestExecutorService.submit(SameThreadHierarchicalTestExecutorService.java:35)
	at org.junit.platform.engine.support.hierarchical.HierarchicalTestExecutor.execute(HierarchicalTestExecutor.java:57)
	at org.junit.platform.engine.support.hierarchical.HierarchicalTestEngine.execute(HierarchicalTestEngine.java:54)
	at org.junit.platform.launcher.core.EngineExecutionOrchestrator.execute(EngineExecutionOrchestrator.java:198)
	at org.junit.platform.launcher.core.EngineExecutionOrchestrator.execute(EngineExecutionOrchestrator.java:169)
	at org.junit.platform.launcher.core.EngineExecutionOrchestrator.execute(EngineExecutionOrchestrator.java:93)
	at org.junit.platform.launcher.core.EngineExecutionOrchestrator.lambda$execute$0(EngineExecutionOrchestrator.java:58)
	at org.junit.platform.launcher.core.EngineExecutionOrchestrator.withInterceptedStreams(EngineExecutionOrchestrator.java:141)
	at org.junit.platform.launcher.core.EngineExecutionOrchestrator.execute(EngineExecutionOrchestrator.java:57)
	at org.junit.platform.launcher.core.DefaultLauncher.execute(DefaultLauncher.java:103)
	at org.junit.platform.launcher.core.DefaultLauncher.execute(DefaultLauncher.java:85)
	at org.junit.platform.launcher.core.DelegatingLauncher.execute(DelegatingLauncher.java:47)
	at org.apache.maven.surefire.junitplatform.LazyLauncher.execute(LazyLauncher.java:56)
	at org.apache.maven.surefire.junitplatform.JUnitPlatformProvider.execute(JUnitPlatformProvider.java:184)
	at org.apache.maven.surefire.junitplatform.JUnitPlatformProvider.invokeAllTests(JUnitPlatformProvider.java:148)
	at org.apache.maven.surefire.junitplatform.JUnitPlatformProvider.invoke(JUnitPlatformProvider.java:122)
	at org.apache.maven.surefire.booter.ForkedBooter.runSuitesInProcess(ForkedBooter.java:385)
	at org.apache.maven.surefire.booter.ForkedBooter.execute(ForkedBooter.java:162)
	at org.apache.maven.surefire.booter.ForkedBooter.run(ForkedBooter.java:507)
	at org.apache.maven.surefire.booter.ForkedBooter.main(ForkedBooter.java:495)

2026-03-19T20:38:23.763-03:00  INFO 78053 --- [order-service] [           main] com.netflix.discovery.DiscoveryClient    : Initial registry fetch from primary servers failed
2026-03-19T20:38:23.763-03:00  WARN 78053 --- [order-service] [           main] com.netflix.discovery.DiscoveryClient    : Using default backup registry implementation which does not do anything.
2026-03-19T20:38:23.764-03:00  INFO 78053 --- [order-service] [           main] com.netflix.discovery.DiscoveryClient    : Initial registry fetch from backup servers failed
2026-03-19T20:38:23.765-03:00  INFO 78053 --- [order-service] [           main] com.netflix.discovery.DiscoveryClient    : Starting heartbeat executor: renew interval is: 30
2026-03-19T20:38:23.767-03:00  INFO 78053 --- [order-service] [           main] c.n.discovery.InstanceInfoReplicator     : InstanceInfoReplicator onDemand update allowed rate per min is 4
2026-03-19T20:38:23.769-03:00  INFO 78053 --- [order-service] [           main] com.netflix.discovery.DiscoveryClient    : Discovery Client initialized at timestamp 1773963503768 with initial instances count: 0
2026-03-19T20:38:23.774-03:00  INFO 78053 --- [order-service] [           main] o.s.c.n.e.s.EurekaServiceRegistry        : Registering application ORDER-SERVICE with eureka with status UP
2026-03-19T20:38:23.775-03:00  INFO 78053 --- [order-service] [           main] com.netflix.discovery.DiscoveryClient    : Saw local status change event StatusChangeEvent [timestamp=1773963503775, current=UP, previous=STARTING]
2026-03-19T20:38:23.778-03:00  INFO 78053 --- [order-service] [foReplicator-%d] com.netflix.discovery.DiscoveryClient    : DiscoveryClient_ORDER-SERVICE/192.168.20.102:order-service:8081: registering service...
2026-03-19T20:38:23.839-03:00  INFO 78053 --- [order-service] [foReplicator-%d] c.n.d.s.t.d.RedirectingEurekaHttpClient  : Request execution error. endpoint=DefaultEndpoint{ serviceUrl='http://localhost:8761/eureka/}, exception=I/O error on POST request for "http://localhost:8761/eureka/apps/ORDER-SERVICE": Connect to http://localhost:8761 [localhost/127.0.0.1] failed: Conexão recusada stacktrace=org.springframework.web.client.ResourceAccessException: I/O error on POST request for "http://localhost:8761/eureka/apps/ORDER-SERVICE": Connect to http://localhost:8761 [localhost/127.0.0.1] failed: Conexão recusada
	at org.springframework.web.client.RestTemplate.createResourceAccessException(RestTemplate.java:925)
	at org.springframework.web.client.RestTemplate.doExecute(RestTemplate.java:905)
	at org.springframework.web.client.RestTemplate.execute(RestTemplate.java:840)
	at org.springframework.web.client.RestTemplate.exchange(RestTemplate.java:701)
	at org.springframework.cloud.netflix.eureka.http.RestTemplateEurekaHttpClient.register(RestTemplateEurekaHttpClient.java:87)
	at com.netflix.discovery.shared.transport.decorator.EurekaHttpClientDecorator$1.execute(EurekaHttpClientDecorator.java:59)
	at com.netflix.discovery.shared.transport.decorator.RedirectingEurekaHttpClient.executeOnNewServer(RedirectingEurekaHttpClient.java:121)
	at com.netflix.discovery.shared.transport.decorator.RedirectingEurekaHttpClient.execute(RedirectingEurekaHttpClient.java:80)
	at com.netflix.discovery.shared.transport.decorator.EurekaHttpClientDecorator.register(EurekaHttpClientDecorator.java:56)
	at com.netflix.discovery.shared.transport.decorator.EurekaHttpClientDecorator$1.execute(EurekaHttpClientDecorator.java:59)
	at com.netflix.discovery.shared.transport.decorator.RetryableEurekaHttpClient.execute(RetryableEurekaHttpClient.java:120)
	at com.netflix.discovery.shared.transport.decorator.EurekaHttpClientDecorator.register(EurekaHttpClientDecorator.java:56)
	at com.netflix.discovery.shared.transport.decorator.EurekaHttpClientDecorator$1.execute(EurekaHttpClientDecorator.java:59)
	at com.netflix.discovery.shared.transport.decorator.SessionedEurekaHttpClient.execute(SessionedEurekaHttpClient.java:76)
	at com.netflix.discovery.shared.transport.decorator.EurekaHttpClientDecorator.register(EurekaHttpClientDecorator.java:56)
	at com.netflix.discovery.DiscoveryClient.register(DiscoveryClient.java:828)
	at com.netflix.discovery.InstanceInfoReplicator.run(InstanceInfoReplicator.java:125)
	at com.netflix.discovery.InstanceInfoReplicator$2.run(InstanceInfoReplicator.java:105)
	at java.base/java.util.concurrent.Executors$RunnableAdapter.call(Executors.java:539)
	at java.base/java.util.concurrent.FutureTask.run(FutureTask.java:264)
	at java.base/java.util.concurrent.ScheduledThreadPoolExecutor$ScheduledFutureTask.run(ScheduledThreadPoolExecutor.java:304)
	at java.base/java.util.concurrent.ThreadPoolExecutor.runWorker(ThreadPoolExecutor.java:1136)
	at java.base/java.util.concurrent.ThreadPoolExecutor$Worker.run(ThreadPoolExecutor.java:635)
	at java.base/java.lang.Thread.run(Thread.java:840)
Caused by: org.apache.hc.client5.http.HttpHostConnectException: Connect to http://localhost:8761 [localhost/127.0.0.1] failed: Conexão recusada
	at java.base/sun.nio.ch.Net.pollConnect(Native Method)
	at java.base/sun.nio.ch.Net.pollConnectNow(Net.java:672)
	at java.base/sun.nio.ch.NioSocketImpl.timedFinishConnect(NioSocketImpl.java:547)
	at java.base/sun.nio.ch.NioSocketImpl.connect(NioSocketImpl.java:602)
	at java.base/java.net.SocksSocketImpl.connect(SocksSocketImpl.java:327)
	at java.base/java.net.Socket.connect(Socket.java:639)
	at org.apache.hc.client5.http.impl.io.DefaultHttpClientConnectionOperator.connect(DefaultHttpClientConnectionOperator.java:216)
	at org.apache.hc.client5.http.impl.io.PoolingHttpClientConnectionManager.connect(PoolingHttpClientConnectionManager.java:490)
	at org.apache.hc.client5.http.impl.classic.InternalExecRuntime.connectEndpoint(InternalExecRuntime.java:164)
	at org.apache.hc.client5.http.impl.classic.InternalExecRuntime.connectEndpoint(InternalExecRuntime.java:174)
	at org.apache.hc.client5.http.impl.classic.ConnectExec.execute(ConnectExec.java:144)
	at org.apache.hc.client5.http.impl.classic.ExecChainElement.execute(ExecChainElement.java:51)
	at org.apache.hc.client5.http.impl.classic.ProtocolExec.execute(ProtocolExec.java:192)
	at org.apache.hc.client5.http.impl.classic.ExecChainElement.execute(ExecChainElement.java:51)
	at org.apache.hc.client5.http.impl.classic.ContentCompressionExec.execute(ContentCompressionExec.java:150)
	at org.apache.hc.client5.http.impl.classic.ExecChainElement.execute(ExecChainElement.java:51)
	at org.apache.hc.client5.http.impl.classic.HttpRequestRetryExec.execute(HttpRequestRetryExec.java:113)
	at org.apache.hc.client5.http.impl.classic.ExecChainElement.execute(ExecChainElement.java:51)
	at org.apache.hc.client5.http.impl.classic.RedirectExec.execute(RedirectExec.java:110)
	at org.apache.hc.client5.http.impl.classic.ExecChainElement.execute(ExecChainElement.java:51)
	at org.apache.hc.client5.http.impl.classic.InternalHttpClient.doExecute(InternalHttpClient.java:174)
	at org.apache.hc.client5.http.impl.classic.CloseableHttpClient.execute(CloseableHttpClient.java:87)
	at org.apache.hc.client5.http.impl.classic.CloseableHttpClient.execute(CloseableHttpClient.java:55)
	at org.apache.hc.client5.http.classic.HttpClient.executeOpen(HttpClient.java:183)
	at org.springframework.http.client.HttpComponentsClientHttpRequest.executeInternal(HttpComponentsClientHttpRequest.java:99)
	at org.springframework.http.client.AbstractStreamingClientHttpRequest.executeInternal(AbstractStreamingClientHttpRequest.java:71)
	at org.springframework.http.client.AbstractClientHttpRequest.execute(AbstractClientHttpRequest.java:81)
	at org.springframework.http.client.InterceptingClientHttpRequest$InterceptingRequestExecution.execute(InterceptingClientHttpRequest.java:117)
	at org.springframework.cloud.netflix.eureka.http.RestTemplateTransportClientFactory.lambda$restTemplate$2(RestTemplateTransportClientFactory.java:145)
	at org.springframework.http.client.InterceptingClientHttpRequest$InterceptingRequestExecution.execute(InterceptingClientHttpRequest.java:88)
	at org.springframework.http.client.InterceptingClientHttpRequest.executeInternal(InterceptingClientHttpRequest.java:72)
	at org.springframework.http.client.AbstractBufferingClientHttpRequest.executeInternal(AbstractBufferingClientHttpRequest.java:48)
	at org.springframework.http.client.AbstractClientHttpRequest.execute(AbstractClientHttpRequest.java:81)
	at org.springframework.web.client.RestTemplate.doExecute(RestTemplate.java:899)
	... 22 more

2026-03-19T20:38:23.839-03:00  WARN 78053 --- [order-service] [foReplicator-%d] c.n.d.s.t.d.RetryableEurekaHttpClient    : Request execution failed with message: I/O error on POST request for "http://localhost:8761/eureka/apps/ORDER-SERVICE": Connect to http://localhost:8761 [localhost/127.0.0.1] failed: Conexão recusada
2026-03-19T20:38:23.839-03:00  INFO 78053 --- [order-service] [           main] o.a.k.clients.consumer.ConsumerConfig    : ConsumerConfig values: 
	allow.auto.create.topics = true
	auto.commit.interval.ms = 5000
	auto.include.jmx.reporter = true
	auto.offset.reset = earliest
	bootstrap.servers = [localhost:9091]
	check.crcs = true
	client.dns.lookup = use_all_dns_ips
	client.id = consumer-order-payment-group-1
	client.rack = 
	connections.max.idle.ms = 540000
	default.api.timeout.ms = 60000
	enable.auto.commit = false
	enable.metrics.push = true
	exclude.internal.topics = true
	fetch.max.bytes = 52428800
	fetch.max.wait.ms = 500
	fetch.min.bytes = 1
	group.id = order-payment-group
	group.instance.id = null
	group.protocol = classic
	group.remote.assignor = null
	heartbeat.interval.ms = 3000
	interceptor.classes = []
	internal.leave.group.on.close = true
	internal.throw.on.fetch.stable.offset.unsupported = false
	isolation.level = read_uncommitted
	key.deserializer = class org.apache.kafka.common.serialization.StringDeserializer
	max.partition.fetch.bytes = 1048576
	max.poll.interval.ms = 300000
	max.poll.records = 500
	metadata.max.age.ms = 300000
	metadata.recovery.strategy = none
	metric.reporters = []
	metrics.num.samples = 2
	metrics.recording.level = INFO
	metrics.sample.window.ms = 30000
	partition.assignment.strategy = [class org.apache.kafka.clients.consumer.RangeAssignor, class org.apache.kafka.clients.consumer.CooperativeStickyAssignor]
	receive.buffer.bytes = 65536
	reconnect.backoff.max.ms = 1000
	reconnect.backoff.ms = 50
	request.timeout.ms = 30000
	retry.backoff.max.ms = 1000
	retry.backoff.ms = 100
	sasl.client.callback.handler.class = null
	sasl.jaas.config = null
	sasl.kerberos.kinit.cmd = /usr/bin/kinit
	sasl.kerberos.min.time.before.relogin = 60000
	sasl.kerberos.service.name = null
	sasl.kerberos.ticket.renew.jitter = 0.05
	sasl.kerberos.ticket.renew.window.factor = 0.8
	sasl.login.callback.handler.class = null
	sasl.login.class = null
	sasl.login.connect.timeout.ms = null
	sasl.login.read.timeout.ms = null
	sasl.login.refresh.buffer.seconds = 300
	sasl.login.refresh.min.period.seconds = 60
	sasl.login.refresh.window.factor = 0.8
	sasl.login.refresh.window.jitter = 0.05
	sasl.login.retry.backoff.max.ms = 10000
	sasl.login.retry.backoff.ms = 100
	sasl.mechanism = GSSAPI
	sasl.oauthbearer.clock.skew.seconds = 30
	sasl.oauthbearer.expected.audience = null
	sasl.oauthbearer.expected.issuer = null
	sasl.oauthbearer.jwks.endpoint.refresh.ms = 3600000
	sasl.oauthbearer.jwks.endpoint.retry.backoff.max.ms = 10000
	sasl.oauthbearer.jwks.endpoint.retry.backoff.ms = 100
	sasl.oauthbearer.jwks.endpoint.url = null
	sasl.oauthbearer.scope.claim.name = scope
	sasl.oauthbearer.sub.claim.name = sub
	sasl.oauthbearer.token.endpoint.url = null
	security.protocol = PLAINTEXT
	security.providers = null
	send.buffer.bytes = 131072
	session.timeout.ms = 45000
	socket.connection.setup.timeout.max.ms = 30000
	socket.connection.setup.timeout.ms = 10000
	ssl.cipher.suites = null
	ssl.enabled.protocols = [TLSv1.2, TLSv1.3]
	ssl.endpoint.identification.algorithm = https
	ssl.engine.factory.class = null
	ssl.key.password = null
	ssl.keymanager.algorithm = SunX509
	ssl.keystore.certificate.chain = null
	ssl.keystore.key = null
	ssl.keystore.location = null
	ssl.keystore.password = null
	ssl.keystore.type = JKS
	ssl.protocol = TLSv1.3
	ssl.provider = null
	ssl.secure.random.implementation = null
	ssl.trustmanager.algorithm = PKIX
	ssl.truststore.certificates = null
	ssl.truststore.location = null
	ssl.truststore.password = null
	ssl.truststore.type = JKS
	value.deserializer = class org.apache.kafka.common.serialization.StringDeserializer

2026-03-19T20:38:23.840-03:00  WARN 78053 --- [order-service] [foReplicator-%d] com.netflix.discovery.DiscoveryClient    : DiscoveryClient_ORDER-SERVICE/192.168.20.102:order-service:8081 - registration failed Cannot execute request on any known server

com.netflix.discovery.shared.transport.TransportException: Cannot execute request on any known server
	at com.netflix.discovery.shared.transport.decorator.RetryableEurekaHttpClient.execute(RetryableEurekaHttpClient.java:112) ~[eureka-client-2.0.4.jar:2.0.4]
	at com.netflix.discovery.shared.transport.decorator.EurekaHttpClientDecorator.register(EurekaHttpClientDecorator.java:56) ~[eureka-client-2.0.4.jar:2.0.4]
	at com.netflix.discovery.shared.transport.decorator.EurekaHttpClientDecorator$1.execute(EurekaHttpClientDecorator.java:59) ~[eureka-client-2.0.4.jar:2.0.4]
	at com.netflix.discovery.shared.transport.decorator.SessionedEurekaHttpClient.execute(SessionedEurekaHttpClient.java:76) ~[eureka-client-2.0.4.jar:2.0.4]
	at com.netflix.discovery.shared.transport.decorator.EurekaHttpClientDecorator.register(EurekaHttpClientDecorator.java:56) ~[eureka-client-2.0.4.jar:2.0.4]
	at com.netflix.discovery.DiscoveryClient.register(DiscoveryClient.java:828) ~[eureka-client-2.0.4.jar:2.0.4]
	at com.netflix.discovery.InstanceInfoReplicator.run(InstanceInfoReplicator.java:125) ~[eureka-client-2.0.4.jar:2.0.4]
	at com.netflix.discovery.InstanceInfoReplicator$2.run(InstanceInfoReplicator.java:105) ~[eureka-client-2.0.4.jar:2.0.4]
	at java.base/java.util.concurrent.Executors$RunnableAdapter.call(Executors.java:539) ~[na:na]
	at java.base/java.util.concurrent.FutureTask.run(FutureTask.java:264) ~[na:na]
	at java.base/java.util.concurrent.ScheduledThreadPoolExecutor$ScheduledFutureTask.run(ScheduledThreadPoolExecutor.java:304) ~[na:na]
	at java.base/java.util.concurrent.ThreadPoolExecutor.runWorker(ThreadPoolExecutor.java:1136) ~[na:na]
	at java.base/java.util.concurrent.ThreadPoolExecutor$Worker.run(ThreadPoolExecutor.java:635) ~[na:na]
	at java.base/java.lang.Thread.run(Thread.java:840) ~[na:na]

2026-03-19T20:38:23.843-03:00  WARN 78053 --- [order-service] [foReplicator-%d] c.n.discovery.InstanceInfoReplicator     : There was a problem with the instance info replicator

com.netflix.discovery.shared.transport.TransportException: Cannot execute request on any known server
	at com.netflix.discovery.shared.transport.decorator.RetryableEurekaHttpClient.execute(RetryableEurekaHttpClient.java:112) ~[eureka-client-2.0.4.jar:2.0.4]
	at com.netflix.discovery.shared.transport.decorator.EurekaHttpClientDecorator.register(EurekaHttpClientDecorator.java:56) ~[eureka-client-2.0.4.jar:2.0.4]
	at com.netflix.discovery.shared.transport.decorator.EurekaHttpClientDecorator$1.execute(EurekaHttpClientDecorator.java:59) ~[eureka-client-2.0.4.jar:2.0.4]
	at com.netflix.discovery.shared.transport.decorator.SessionedEurekaHttpClient.execute(SessionedEurekaHttpClient.java:76) ~[eureka-client-2.0.4.jar:2.0.4]
	at com.netflix.discovery.shared.transport.decorator.EurekaHttpClientDecorator.register(EurekaHttpClientDecorator.java:56) ~[eureka-client-2.0.4.jar:2.0.4]
	at com.netflix.discovery.DiscoveryClient.register(DiscoveryClient.java:828) ~[eureka-client-2.0.4.jar:2.0.4]
	at com.netflix.discovery.InstanceInfoReplicator.run(InstanceInfoReplicator.java:125) ~[eureka-client-2.0.4.jar:2.0.4]
	at com.netflix.discovery.InstanceInfoReplicator$2.run(InstanceInfoReplicator.java:105) ~[eureka-client-2.0.4.jar:2.0.4]
	at java.base/java.util.concurrent.Executors$RunnableAdapter.call(Executors.java:539) ~[na:na]
	at java.base/java.util.concurrent.FutureTask.run(FutureTask.java:264) ~[na:na]
	at java.base/java.util.concurrent.ScheduledThreadPoolExecutor$ScheduledFutureTask.run(ScheduledThreadPoolExecutor.java:304) ~[na:na]
	at java.base/java.util.concurrent.ThreadPoolExecutor.runWorker(ThreadPoolExecutor.java:1136) ~[na:na]
	at java.base/java.util.concurrent.ThreadPoolExecutor$Worker.run(ThreadPoolExecutor.java:635) ~[na:na]
	at java.base/java.lang.Thread.run(Thread.java:840) ~[na:na]

2026-03-19T20:38:23.916-03:00  INFO 78053 --- [order-service] [           main] o.a.k.c.t.i.KafkaMetricsCollector        : initializing Kafka metrics collector
2026-03-19T20:38:24.063-03:00  INFO 78053 --- [order-service] [           main] o.a.kafka.common.utils.AppInfoParser     : Kafka version: 3.8.1
2026-03-19T20:38:24.064-03:00  INFO 78053 --- [order-service] [           main] o.a.kafka.common.utils.AppInfoParser     : Kafka commitId: 70d6ff42debf7e17
2026-03-19T20:38:24.064-03:00  INFO 78053 --- [order-service] [           main] o.a.kafka.common.utils.AppInfoParser     : Kafka startTimeMs: 1773963504062
2026-03-19T20:38:24.068-03:00  INFO 78053 --- [order-service] [           main] o.a.k.c.c.internals.LegacyKafkaConsumer  : [Consumer clientId=consumer-order-payment-group-1, groupId=order-payment-group] Subscribed to topic(s): payment-processed
2026-03-19T20:38:24.081-03:00  INFO 78053 --- [order-service] [           main] o.a.k.clients.consumer.ConsumerConfig    : ConsumerConfig values: 
	allow.auto.create.topics = true
	auto.commit.interval.ms = 5000
	auto.include.jmx.reporter = true
	auto.offset.reset = latest
	bootstrap.servers = [localhost:9091]
	check.crcs = true
	client.dns.lookup = use_all_dns_ips
	client.id = consumer-monitor-group-2
	client.rack = 
	connections.max.idle.ms = 540000
	default.api.timeout.ms = 60000
	enable.auto.commit = false
	enable.metrics.push = true
	exclude.internal.topics = true
	fetch.max.bytes = 52428800
	fetch.max.wait.ms = 500
	fetch.min.bytes = 1
	group.id = monitor-group
	group.instance.id = null
	group.protocol = classic
	group.remote.assignor = null
	heartbeat.interval.ms = 3000
	interceptor.classes = []
	internal.leave.group.on.close = true
	internal.throw.on.fetch.stable.offset.unsupported = false
	isolation.level = read_uncommitted
	key.deserializer = class org.apache.kafka.common.serialization.StringDeserializer
	max.partition.fetch.bytes = 1048576
	max.poll.interval.ms = 300000
	max.poll.records = 500
	metadata.max.age.ms = 300000
	metadata.recovery.strategy = none
	metric.reporters = []
	metrics.num.samples = 2
	metrics.recording.level = INFO
	metrics.sample.window.ms = 30000
	partition.assignment.strategy = [class org.apache.kafka.clients.consumer.RangeAssignor, class org.apache.kafka.clients.consumer.CooperativeStickyAssignor]
	receive.buffer.bytes = 65536
	reconnect.backoff.max.ms = 1000
	reconnect.backoff.ms = 50
	request.timeout.ms = 30000
	retry.backoff.max.ms = 1000
	retry.backoff.ms = 100
	sasl.client.callback.handler.class = null
	sasl.jaas.config = null
	sasl.kerberos.kinit.cmd = /usr/bin/kinit
	sasl.kerberos.min.time.before.relogin = 60000
	sasl.kerberos.service.name = null
	sasl.kerberos.ticket.renew.jitter = 0.05
	sasl.kerberos.ticket.renew.window.factor = 0.8
	sasl.login.callback.handler.class = null
	sasl.login.class = null
	sasl.login.connect.timeout.ms = null
	sasl.login.read.timeout.ms = null
	sasl.login.refresh.buffer.seconds = 300
	sasl.login.refresh.min.period.seconds = 60
	sasl.login.refresh.window.factor = 0.8
	sasl.login.refresh.window.jitter = 0.05
	sasl.login.retry.backoff.max.ms = 10000
	sasl.login.retry.backoff.ms = 100
	sasl.mechanism = GSSAPI
	sasl.oauthbearer.clock.skew.seconds = 30
	sasl.oauthbearer.expected.audience = null
	sasl.oauthbearer.expected.issuer = null
	sasl.oauthbearer.jwks.endpoint.refresh.ms = 3600000
	sasl.oauthbearer.jwks.endpoint.retry.backoff.max.ms = 10000
	sasl.oauthbearer.jwks.endpoint.retry.backoff.ms = 100
	sasl.oauthbearer.jwks.endpoint.url = null
	sasl.oauthbearer.scope.claim.name = scope
	sasl.oauthbearer.sub.claim.name = sub
	sasl.oauthbearer.token.endpoint.url = null
	security.protocol = PLAINTEXT
	security.providers = null
	send.buffer.bytes = 131072
	session.timeout.ms = 45000
	socket.connection.setup.timeout.max.ms = 30000
	socket.connection.setup.timeout.ms = 10000
	ssl.cipher.suites = null
	ssl.enabled.protocols = [TLSv1.2, TLSv1.3]
	ssl.endpoint.identification.algorithm = https
	ssl.engine.factory.class = null
	ssl.key.password = null
	ssl.keymanager.algorithm = SunX509
	ssl.keystore.certificate.chain = null
	ssl.keystore.key = null
	ssl.keystore.location = null
	ssl.keystore.password = null
	ssl.keystore.type = JKS
	ssl.protocol = TLSv1.3
	ssl.provider = null
	ssl.secure.random.implementation = null
	ssl.trustmanager.algorithm = PKIX
	ssl.truststore.certificates = null
	ssl.truststore.location = null
	ssl.truststore.password = null
	ssl.truststore.type = JKS
	value.deserializer = class org.apache.kafka.common.serialization.StringDeserializer

2026-03-19T20:38:24.082-03:00  INFO 78053 --- [order-service] [           main] o.a.k.c.t.i.KafkaMetricsCollector        : initializing Kafka metrics collector
2026-03-19T20:38:24.101-03:00  INFO 78053 --- [order-service] [           main] o.a.kafka.common.utils.AppInfoParser     : Kafka version: 3.8.1
2026-03-19T20:38:24.102-03:00  INFO 78053 --- [order-service] [           main] o.a.kafka.common.utils.AppInfoParser     : Kafka commitId: 70d6ff42debf7e17
2026-03-19T20:38:24.102-03:00  INFO 78053 --- [order-service] [           main] o.a.kafka.common.utils.AppInfoParser     : Kafka startTimeMs: 1773963504101
2026-03-19T20:38:24.103-03:00  INFO 78053 --- [order-service] [           main] o.a.k.c.c.internals.LegacyKafkaConsumer  : [Consumer clientId=consumer-monitor-group-2, groupId=monitor-group] Subscribed to topic(s): vendas-topico, payment-processed
2026-03-19T20:38:24.161-03:00  INFO 78053 --- [order-service] [           main] o.c.o.OrderServiceApplicationTests       : Started OrderServiceApplicationTests in 14.315 seconds (process running for 31.625)
[INFO] Tests run: 1, Failures: 0, Errors: 0, Skipped: 0, Time elapsed: 17.59 s -- in org.cedro.orderservice.OrderServiceApplicationTests
[INFO] 
[INFO] Results:
[INFO] 
[INFO] Tests run: 6, Failures: 0, Errors: 0, Skipped: 0
[INFO] 
[INFO] 
[INFO] --- jar:3.4.2:jar (default-jar) @ order-service ---
[INFO] 
[INFO] --- spring-boot:3.4.3:repackage (repackage) @ order-service ---
[INFO] Replacing main artifact /home/pc/Documentos/Pessoal/orderflow/order-service/target/order-service-0.0.1-SNAPSHOT.jar with repackaged archive, adding nested dependencies in BOOT-INF/.
[INFO] The original artifact has been renamed to /home/pc/Documentos/Pessoal/orderflow/order-service/target/order-service-0.0.1-SNAPSHOT.jar.original
[INFO] 
[INFO] --- install:3.1.3:install (default-install) @ order-service ---
[INFO] Installing /home/pc/Documentos/Pessoal/orderflow/order-service/pom.xml to /home/pc/.m2/repository/org/cedro/order-service/0.0.1-SNAPSHOT/order-service-0.0.1-SNAPSHOT.pom
[INFO] Installing /home/pc/Documentos/Pessoal/orderflow/order-service/target/order-service-0.0.1-SNAPSHOT.jar to /home/pc/.m2/repository/org/cedro/order-service/0.0.1-SNAPSHOT/order-service-0.0.1-SNAPSHOT.jar
[INFO] ------------------------------------------------------------------------
[INFO] Reactor Summary for orderflow 0.0.1-SNAPSHOT:
[INFO] 
[INFO] order-model ........................................ SUCCESS [  1.377 s]
[INFO] order-utils ........................................ SUCCESS [  2.308 s]
[INFO] order-rest-service ................................. SUCCESS [  3.276 s]
[INFO] order-service ...................................... SUCCESS [ 35.539 s]
[INFO] payment-service .................................... SUCCESS [ 30.599 s]
[INFO] notification-service ............................... SUCCESS [ 30.399 s]
[INFO] inventory-service .................................. SUCCESS [ 29.978 s]
[INFO] eureka-server ...................................... SUCCESS [ 27.542 s]
[INFO] gateway-server ..................................... SUCCESS [ 30.624 s]
[INFO] config-server ...................................... SUCCESS [ 28.400 s]
[INFO] order-security-server .............................. SUCCESS [ 28.994 s]
[INFO] orderflow .......................................... SUCCESS [  0.253 s]
[INFO] ------------------------------------------------------------------------
[INFO] BUILD SUCCESS
[INFO] ------------------------------------------------------------------------
[INFO] Total time:  40.000 s (Wall Clock)
[INFO] Finished at: 2026-03-19T20:38:27-03:00
[INFO] ------------------------------------------------------------------------
